Fitter report for alu_32bit
Sat Oct 11 10:37:38 2025
Quartus Prime Version 24.1std.0 Build 1077 03/04/2025 SC Lite Edition


---------------------
; Table of Contents ;
---------------------
  1. Legal Notice
  2. Fitter Summary
  3. Fitter Settings
  4. Parallel Compilation
  5. Incremental Compilation Preservation Summary
  6. Incremental Compilation Partition Settings
  7. Incremental Compilation Placement Preservation
  8. Pin-Out File
  9. Fitter Resource Usage Summary
 10. Fitter Partition Statistics
 11. Input Pins
 12. Output Pins
 13. Dual Purpose and Dedicated Pins
 14. I/O Bank Usage
 15. All Package Pins
 16. I/O Assignment Warnings
 17. Fitter Resource Utilization by Entity
 18. Delay Chain Summary
 19. Pad To Core Delay Chain Fanout
 20. Fitter DSP Block Usage Summary
 21. DSP Block Details
 22. Routing Usage Summary
 23. LAB Logic Elements
 24. LAB Signals Sourced
 25. LAB Signals Sourced Out
 26. LAB Distinct Inputs
 27. I/O Rules Summary
 28. I/O Rules Details
 29. I/O Rules Matrix
 30. Fitter Device Options
 31. Operating Settings and Conditions
 32. Fitter Messages
 33. Fitter Suppressed Messages



----------------
; Legal Notice ;
----------------
Copyright (C) 2025  Altera Corporation. All rights reserved.
Your use of Altera Corporation's design tools, logic functions 
and other software and tools, and any partner logic 
functions, and any output files from any of the foregoing 
(including device programming or simulation files), and any 
associated documentation or information are expressly subject 
to the terms and conditions of the Altera Program License 
Subscription Agreement, the Altera Quartus Prime License Agreement,
the Altera IP License Agreement, or other applicable license
agreement, including, without limitation, that your use is for
the sole purpose of programming logic devices manufactured by
Altera and sold by Altera or its authorized distributors.  Please
refer to the Altera Software License Subscription Agreements 
on the Quartus Prime software download page.



+--------------------------------------------------------------------------------------+
; Fitter Summary                                                                       ;
+------------------------------------+-------------------------------------------------+
; Fitter Status                      ; Successful - Sat Oct 11 10:37:38 2025           ;
; Quartus Prime Version              ; 24.1std.0 Build 1077 03/04/2025 SC Lite Edition ;
; Revision Name                      ; alu_32bit                                       ;
; Top-level Entity Name              ; alu_32bit                                       ;
; Family                             ; Cyclone IV E                                    ;
; Device                             ; EP4CE115F29C7                                   ;
; Timing Models                      ; Final                                           ;
; Total logic elements               ; 665 / 114,480 ( < 1 % )                         ;
;     Total combinational functions  ; 665 / 114,480 ( < 1 % )                         ;
;     Dedicated logic registers      ; 0 / 114,480 ( 0 % )                             ;
; Total registers                    ; 0                                               ;
; Total pins                         ; 100 / 529 ( 19 % )                              ;
; Total virtual pins                 ; 0                                               ;
; Total memory bits                  ; 0 / 3,981,312 ( 0 % )                           ;
; Embedded Multiplier 9-bit elements ; 8 / 532 ( 2 % )                                 ;
; Total PLLs                         ; 0 / 4 ( 0 % )                                   ;
+------------------------------------+-------------------------------------------------+


+----------------------------------------------------------------------------------------------------------------------------------------------------+
; Fitter Settings                                                                                                                                    ;
+--------------------------------------------------------------------+---------------------------------------+---------------------------------------+
; Option                                                             ; Setting                               ; Default Value                         ;
+--------------------------------------------------------------------+---------------------------------------+---------------------------------------+
; Device                                                             ; EP4CE115F29C7                         ;                                       ;
; Nominal Core Supply Voltage                                        ; 1.2V                                  ;                                       ;
; Minimum Core Junction Temperature                                  ; 0                                     ;                                       ;
; Maximum Core Junction Temperature                                  ; 85                                    ;                                       ;
; Fit Attempts to Skip                                               ; 0                                     ; 0.0                                   ;
; Use smart compilation                                              ; Off                                   ; Off                                   ;
; Enable parallel Assembler and Timing Analyzer during compilation   ; On                                    ; On                                    ;
; Enable compact report table                                        ; Off                                   ; Off                                   ;
; Auto Merge PLLs                                                    ; On                                    ; On                                    ;
; Router Timing Optimization Level                                   ; Normal                                ; Normal                                ;
; Perform Clocking Topology Analysis During Routing                  ; Off                                   ; Off                                   ;
; Placement Effort Multiplier                                        ; 1.0                                   ; 1.0                                   ;
; Router Effort Multiplier                                           ; 1.0                                   ; 1.0                                   ;
; Optimize Hold Timing                                               ; All Paths                             ; All Paths                             ;
; Optimize Multi-Corner Timing                                       ; On                                    ; On                                    ;
; Power Optimization During Fitting                                  ; Normal compilation                    ; Normal compilation                    ;
; SSN Optimization                                                   ; Off                                   ; Off                                   ;
; Optimize Timing                                                    ; Normal compilation                    ; Normal compilation                    ;
; Optimize Timing for ECOs                                           ; Off                                   ; Off                                   ;
; Regenerate Full Fit Report During ECO Compiles                     ; Off                                   ; Off                                   ;
; Optimize IOC Register Placement for Timing                         ; Normal                                ; Normal                                ;
; Limit to One Fitting Attempt                                       ; Off                                   ; Off                                   ;
; Final Placement Optimizations                                      ; Automatically                         ; Automatically                         ;
; Fitter Aggressive Routability Optimizations                        ; Automatically                         ; Automatically                         ;
; Fitter Initial Placement Seed                                      ; 1                                     ; 1                                     ;
; Periphery to Core Placement and Routing Optimization               ; Off                                   ; Off                                   ;
; PCI I/O                                                            ; Off                                   ; Off                                   ;
; Weak Pull-Up Resistor                                              ; Off                                   ; Off                                   ;
; Enable Bus-Hold Circuitry                                          ; Off                                   ; Off                                   ;
; Auto Packed Registers                                              ; Auto                                  ; Auto                                  ;
; Auto Delay Chains                                                  ; On                                    ; On                                    ;
; Auto Delay Chains for High Fanout Input Pins                       ; Off                                   ; Off                                   ;
; Allow Single-ended Buffer for Differential-XSTL Input              ; Off                                   ; Off                                   ;
; Treat Bidirectional Pin as Output Pin                              ; Off                                   ; Off                                   ;
; Perform Physical Synthesis for Combinational Logic for Fitting     ; Off                                   ; Off                                   ;
; Perform Physical Synthesis for Combinational Logic for Performance ; Off                                   ; Off                                   ;
; Perform Register Duplication for Performance                       ; Off                                   ; Off                                   ;
; Perform Logic to Memory Mapping for Fitting                        ; Off                                   ; Off                                   ;
; Perform Register Retiming for Performance                          ; Off                                   ; Off                                   ;
; Perform Asynchronous Signal Pipelining                             ; Off                                   ; Off                                   ;
; Fitter Effort                                                      ; Auto Fit                              ; Auto Fit                              ;
; Physical Synthesis Effort Level                                    ; Normal                                ; Normal                                ;
; Logic Cell Insertion - Logic Duplication                           ; Auto                                  ; Auto                                  ;
; Auto Register Duplication                                          ; Auto                                  ; Auto                                  ;
; Auto Global Clock                                                  ; On                                    ; On                                    ;
; Auto Global Register Control Signals                               ; On                                    ; On                                    ;
; Reserve all unused pins                                            ; As input tri-stated with weak pull-up ; As input tri-stated with weak pull-up ;
; Synchronizer Identification                                        ; Auto                                  ; Auto                                  ;
; Enable Beneficial Skew Optimization                                ; On                                    ; On                                    ;
; Optimize Design for Metastability                                  ; On                                    ; On                                    ;
; Force Fitter to Avoid Periphery Placement Warnings                 ; Off                                   ; Off                                   ;
; Enable input tri-state on active configuration pins in user mode   ; Off                                   ; Off                                   ;
+--------------------------------------------------------------------+---------------------------------------+---------------------------------------+


+------------------------------------------+
; Parallel Compilation                     ;
+----------------------------+-------------+
; Processors                 ; Number      ;
+----------------------------+-------------+
; Number detected on machine ; 16          ;
; Maximum allowed            ; 12          ;
;                            ;             ;
; Average used               ; 1.08        ;
; Maximum used               ; 12          ;
;                            ;             ;
; Usage by Processor         ; % Time Used ;
;     Processor 1            ; 100.0%      ;
;     Processors 2-12        ;   0.7%      ;
+----------------------------+-------------+


+--------------------------------------------------------------------------------------------------+
; Incremental Compilation Preservation Summary                                                     ;
+---------------------+--------------------+----------------------------+--------------------------+
; Type                ; Total [A + B]      ; From Design Partitions [A] ; From Rapid Recompile [B] ;
+---------------------+--------------------+----------------------------+--------------------------+
; Placement (by node) ;                    ;                            ;                          ;
;     -- Requested    ; 0.00 % ( 0 / 884 ) ; 0.00 % ( 0 / 884 )         ; 0.00 % ( 0 / 884 )       ;
;     -- Achieved     ; 0.00 % ( 0 / 884 ) ; 0.00 % ( 0 / 884 )         ; 0.00 % ( 0 / 884 )       ;
;                     ;                    ;                            ;                          ;
; Routing (by net)    ;                    ;                            ;                          ;
;     -- Requested    ; 0.00 % ( 0 / 0 )   ; 0.00 % ( 0 / 0 )           ; 0.00 % ( 0 / 0 )         ;
;     -- Achieved     ; 0.00 % ( 0 / 0 )   ; 0.00 % ( 0 / 0 )           ; 0.00 % ( 0 / 0 )         ;
+---------------------+--------------------+----------------------------+--------------------------+


+----------------------------------------------------------------------------------------------------------------------------------------------------------------------------------------+
; Incremental Compilation Partition Settings                                                                                                                                             ;
+--------------------------------+----------------+-------------------+-------------------------+------------------------+------------------------------+--------------------------------+
; Partition Name                 ; Partition Type ; Netlist Type Used ; Preservation Level Used ; Netlist Type Requested ; Preservation Level Requested ; Contents                       ;
+--------------------------------+----------------+-------------------+-------------------------+------------------------+------------------------------+--------------------------------+
; Top                            ; User-created   ; Source File       ; N/A                     ; Source File            ; N/A                          ;                                ;
; hard_block:auto_generated_inst ; Auto-generated ; Source File       ; N/A                     ; Source File            ; N/A                          ; hard_block:auto_generated_inst ;
+--------------------------------+----------------+-------------------+-------------------------+------------------------+------------------------------+--------------------------------+


+------------------------------------------------------------------------------------------------------------------------------------+
; Incremental Compilation Placement Preservation                                                                                     ;
+--------------------------------+-----------------------+-------------------------+-------------------+---------------------+-------+
; Partition Name                 ; Preservation Achieved ; Preservation Level Used ; Netlist Type Used ; Preservation Method ; Notes ;
+--------------------------------+-----------------------+-------------------------+-------------------+---------------------+-------+
; Top                            ; 0.00 % ( 0 / 874 )    ; N/A                     ; Source File       ; N/A                 ;       ;
; hard_block:auto_generated_inst ; 0.00 % ( 0 / 10 )     ; N/A                     ; Source File       ; N/A                 ;       ;
+--------------------------------+-----------------------+-------------------------+-------------------+---------------------+-------+


+--------------+
; Pin-Out File ;
+--------------+
The pin-out file can be found in D:/backup_later/ET4356/QuestaSim/lab_main/lab_0_0410_basic/output_files/alu_32bit.pin.


+-----------------------------------------------------------------------+
; Fitter Resource Usage Summary                                         ;
+---------------------------------------------+-------------------------+
; Resource                                    ; Usage                   ;
+---------------------------------------------+-------------------------+
; Total logic elements                        ; 665 / 114,480 ( < 1 % ) ;
;     -- Combinational with no register       ; 665                     ;
;     -- Register only                        ; 0                       ;
;     -- Combinational with a register        ; 0                       ;
;                                             ;                         ;
; Logic element usage by number of LUT inputs ;                         ;
;     -- 4 input functions                    ; 277                     ;
;     -- 3 input functions                    ; 308                     ;
;     -- <=2 input functions                  ; 80                      ;
;     -- Register only                        ; 0                       ;
;                                             ;                         ;
; Logic elements by mode                      ;                         ;
;     -- normal mode                          ; 513                     ;
;     -- arithmetic mode                      ; 152                     ;
;                                             ;                         ;
; Total registers*                            ; 0 / 117,053 ( 0 % )     ;
;     -- Dedicated logic registers            ; 0 / 114,480 ( 0 % )     ;
;     -- I/O registers                        ; 0 / 2,573 ( 0 % )       ;
;                                             ;                         ;
; Total LABs:  partially or completely used   ; 46 / 7,155 ( < 1 % )    ;
; Virtual pins                                ; 0                       ;
; I/O pins                                    ; 100 / 529 ( 19 % )      ;
;     -- Clock pins                           ; 1 / 7 ( 14 % )          ;
;     -- Dedicated input pins                 ; 0 / 9 ( 0 % )           ;
;                                             ;                         ;
; M9Ks                                        ; 0 / 432 ( 0 % )         ;
; Total block memory bits                     ; 0 / 3,981,312 ( 0 % )   ;
; Total block memory implementation bits      ; 0 / 3,981,312 ( 0 % )   ;
; Embedded Multiplier 9-bit elements          ; 8 / 532 ( 2 % )         ;
; PLLs                                        ; 0 / 4 ( 0 % )           ;
; Global signals                              ; 0                       ;
;     -- Global clocks                        ; 0 / 20 ( 0 % )          ;
; JTAGs                                       ; 0 / 1 ( 0 % )           ;
; CRC blocks                                  ; 0 / 1 ( 0 % )           ;
; ASMI blocks                                 ; 0 / 1 ( 0 % )           ;
; Oscillator blocks                           ; 0 / 1 ( 0 % )           ;
; Impedance control blocks                    ; 0 / 4 ( 0 % )           ;
; Average interconnect usage (total/H/V)      ; 0.4% / 0.4% / 0.5%      ;
; Peak interconnect usage (total/H/V)         ; 10.2% / 9.4% / 11.3%    ;
; Maximum fan-out                             ; 84                      ;
; Highest non-global fan-out                  ; 84                      ;
; Total fan-out                               ; 2460                    ;
; Average fan-out                             ; 2.79                    ;
+---------------------------------------------+-------------------------+
*  Register count does not include registers inside RAM blocks or DSP blocks.



+-------------------------------------------------------------------------------------------------------+
; Fitter Partition Statistics                                                                           ;
+---------------------------------------------+------------------------+--------------------------------+
; Statistic                                   ; Top                    ; hard_block:auto_generated_inst ;
+---------------------------------------------+------------------------+--------------------------------+
; Difficulty Clustering Region                ; Low                    ; Low                            ;
;                                             ;                        ;                                ;
; Total logic elements                        ; 665 / 114480 ( < 1 % ) ; 0 / 114480 ( 0 % )             ;
;     -- Combinational with no register       ; 665                    ; 0                              ;
;     -- Register only                        ; 0                      ; 0                              ;
;     -- Combinational with a register        ; 0                      ; 0                              ;
;                                             ;                        ;                                ;
; Logic element usage by number of LUT inputs ;                        ;                                ;
;     -- 4 input functions                    ; 277                    ; 0                              ;
;     -- 3 input functions                    ; 308                    ; 0                              ;
;     -- <=2 input functions                  ; 80                     ; 0                              ;
;     -- Register only                        ; 0                      ; 0                              ;
;                                             ;                        ;                                ;
; Logic elements by mode                      ;                        ;                                ;
;     -- normal mode                          ; 513                    ; 0                              ;
;     -- arithmetic mode                      ; 152                    ; 0                              ;
;                                             ;                        ;                                ;
; Total registers                             ; 0                      ; 0                              ;
;     -- Dedicated logic registers            ; 0 / 114480 ( 0 % )     ; 0 / 114480 ( 0 % )             ;
;     -- I/O registers                        ; 0                      ; 0                              ;
;                                             ;                        ;                                ;
; Total LABs:  partially or completely used   ; 46 / 7155 ( < 1 % )    ; 0 / 7155 ( 0 % )               ;
;                                             ;                        ;                                ;
; Virtual pins                                ; 0                      ; 0                              ;
; I/O pins                                    ; 100                    ; 0                              ;
; Embedded Multiplier 9-bit elements          ; 8 / 532 ( 2 % )        ; 0 / 532 ( 0 % )                ;
; Total memory bits                           ; 0                      ; 0                              ;
; Total RAM block bits                        ; 0                      ; 0                              ;
;                                             ;                        ;                                ;
; Connections                                 ;                        ;                                ;
;     -- Input Connections                    ; 0                      ; 0                              ;
;     -- Registered Input Connections         ; 0                      ; 0                              ;
;     -- Output Connections                   ; 0                      ; 0                              ;
;     -- Registered Output Connections        ; 0                      ; 0                              ;
;                                             ;                        ;                                ;
; Internal Connections                        ;                        ;                                ;
;     -- Total Connections                    ; 2595                   ; 5                              ;
;     -- Registered Connections               ; 0                      ; 0                              ;
;                                             ;                        ;                                ;
; External Connections                        ;                        ;                                ;
;     -- Top                                  ; 0                      ; 0                              ;
;     -- hard_block:auto_generated_inst       ; 0                      ; 0                              ;
;                                             ;                        ;                                ;
; Partition Interface                         ;                        ;                                ;
;     -- Input Ports                          ; 67                     ; 0                              ;
;     -- Output Ports                         ; 33                     ; 0                              ;
;     -- Bidir Ports                          ; 0                      ; 0                              ;
;                                             ;                        ;                                ;
; Registered Ports                            ;                        ;                                ;
;     -- Registered Input Ports               ; 0                      ; 0                              ;
;     -- Registered Output Ports              ; 0                      ; 0                              ;
;                                             ;                        ;                                ;
; Port Connectivity                           ;                        ;                                ;
;     -- Input Ports driven by GND            ; 0                      ; 0                              ;
;     -- Output Ports driven by GND           ; 0                      ; 0                              ;
;     -- Input Ports driven by VCC            ; 0                      ; 0                              ;
;     -- Output Ports driven by VCC           ; 0                      ; 0                              ;
;     -- Input Ports with no Source           ; 0                      ; 0                              ;
;     -- Output Ports with no Source          ; 0                      ; 0                              ;
;     -- Input Ports with no Fanout           ; 0                      ; 0                              ;
;     -- Output Ports with no Fanout          ; 0                      ; 0                              ;
+---------------------------------------------+------------------------+--------------------------------+


+--------------------------------------------------------------------------------------------------------------------------------------------------------------------------------------------------------------------------------------------------------------------------------------------+
; Input Pins                                                                                                                                                                                                                                                                                 ;
+-----------+-------+----------+--------------+--------------+--------------+-----------------------+--------------------+--------+----------------+---------------+-----------------+----------+--------------+--------------+---------------------------+----------------------+-----------+
; Name      ; Pin # ; I/O Bank ; X coordinate ; Y coordinate ; Z coordinate ; Combinational Fan-Out ; Registered Fan-Out ; Global ; Input Register ; Power Up High ; PCI I/O Enabled ; Bus Hold ; Weak Pull Up ; I/O Standard ; Termination Control Block ; Location assigned by ; Slew Rate ;
+-----------+-------+----------+--------------+--------------+--------------+-----------------------+--------------------+--------+----------------+---------------+-----------------+----------+--------------+--------------+---------------------------+----------------------+-----------+
; alu_op[0] ; AG15  ; 4        ; 58           ; 0            ; 7            ; 31                    ; 0                  ; no     ; no             ; no            ; yes             ; no       ; Off          ; 2.5 V        ; --                        ; Fitter               ; no        ;
; alu_op[1] ; AB16  ; 4        ; 65           ; 0            ; 0            ; 60                    ; 0                  ; no     ; no             ; no            ; yes             ; no       ; Off          ; 2.5 V        ; --                        ; Fitter               ; no        ;
; alu_op[2] ; AG17  ; 4        ; 62           ; 0            ; 21           ; 76                    ; 0                  ; no     ; no             ; no            ; yes             ; no       ; Off          ; 2.5 V        ; --                        ; Fitter               ; no        ;
; src1[0]   ; AE16  ; 4        ; 65           ; 0            ; 21           ; 12                    ; 0                  ; no     ; no             ; no            ; yes             ; no       ; Off          ; 2.5 V        ; --                        ; Fitter               ; no        ;
; src1[10]  ; AH12  ; 3        ; 54           ; 0            ; 0            ; 10                    ; 0                  ; no     ; no             ; no            ; yes             ; no       ; Off          ; 2.5 V        ; --                        ; Fitter               ; no        ;
; src1[11]  ; Y14   ; 3        ; 56           ; 0            ; 7            ; 11                    ; 0                  ; no     ; no             ; no            ; yes             ; no       ; Off          ; 2.5 V        ; --                        ; Fitter               ; no        ;
; src1[12]  ; AE18  ; 4        ; 79           ; 0            ; 21           ; 10                    ; 0                  ; no     ; no             ; no            ; yes             ; no       ; Off          ; 2.5 V        ; --                        ; Fitter               ; no        ;
; src1[13]  ; AH23  ; 4        ; 81           ; 0            ; 14           ; 11                    ; 0                  ; no     ; no             ; no            ; yes             ; no       ; Off          ; 2.5 V        ; --                        ; Fitter               ; no        ;
; src1[14]  ; AC27  ; 5        ; 115          ; 15           ; 7            ; 10                    ; 0                  ; no     ; no             ; no            ; yes             ; no       ; Off          ; 2.5 V        ; --                        ; Fitter               ; no        ;
; src1[15]  ; AC15  ; 4        ; 60           ; 0            ; 21           ; 11                    ; 0                  ; no     ; no             ; no            ; yes             ; no       ; Off          ; 2.5 V        ; --                        ; Fitter               ; no        ;
; src1[16]  ; AD12  ; 3        ; 47           ; 0            ; 0            ; 10                    ; 0                  ; no     ; no             ; no            ; yes             ; no       ; Off          ; 2.5 V        ; --                        ; Fitter               ; no        ;
; src1[17]  ; AA14  ; 3        ; 54           ; 0            ; 21           ; 10                    ; 0                  ; no     ; no             ; no            ; yes             ; no       ; Off          ; 2.5 V        ; --                        ; Fitter               ; no        ;
; src1[18]  ; AG18  ; 4        ; 69           ; 0            ; 7            ; 10                    ; 0                  ; no     ; no             ; no            ; yes             ; no       ; Off          ; 2.5 V        ; --                        ; Fitter               ; no        ;
; src1[19]  ; Y12   ; 3        ; 52           ; 0            ; 21           ; 10                    ; 0                  ; no     ; no             ; no            ; yes             ; no       ; Off          ; 2.5 V        ; --                        ; Fitter               ; no        ;
; src1[1]   ; AC17  ; 4        ; 74           ; 0            ; 21           ; 11                    ; 0                  ; no     ; no             ; no            ; yes             ; no       ; Off          ; 2.5 V        ; --                        ; Fitter               ; no        ;
; src1[20]  ; AF14  ; 3        ; 49           ; 0            ; 14           ; 10                    ; 0                  ; no     ; no             ; no            ; yes             ; no       ; Off          ; 2.5 V        ; --                        ; Fitter               ; no        ;
; src1[21]  ; AC10  ; 3        ; 38           ; 0            ; 0            ; 10                    ; 0                  ; no     ; no             ; no            ; yes             ; no       ; Off          ; 2.5 V        ; --                        ; Fitter               ; no        ;
; src1[22]  ; AD14  ; 3        ; 56           ; 0            ; 14           ; 10                    ; 0                  ; no     ; no             ; no            ; yes             ; no       ; Off          ; 2.5 V        ; --                        ; Fitter               ; no        ;
; src1[23]  ; AH11  ; 3        ; 40           ; 0            ; 14           ; 11                    ; 0                  ; no     ; no             ; no            ; yes             ; no       ; Off          ; 2.5 V        ; --                        ; Fitter               ; no        ;
; src1[24]  ; AF10  ; 3        ; 29           ; 0            ; 14           ; 11                    ; 0                  ; no     ; no             ; no            ; yes             ; no       ; Off          ; 2.5 V        ; --                        ; Fitter               ; no        ;
; src1[25]  ; AG22  ; 4        ; 79           ; 0            ; 7            ; 11                    ; 0                  ; no     ; no             ; no            ; yes             ; no       ; Off          ; 2.5 V        ; --                        ; Fitter               ; no        ;
; src1[26]  ; AE21  ; 4        ; 85           ; 0            ; 0            ; 10                    ; 0                  ; no     ; no             ; no            ; yes             ; no       ; Off          ; 2.5 V        ; --                        ; Fitter               ; no        ;
; src1[27]  ; J15   ; 7        ; 60           ; 73           ; 21           ; 11                    ; 0                  ; no     ; no             ; no            ; yes             ; no       ; Off          ; 2.5 V        ; --                        ; Fitter               ; no        ;
; src1[28]  ; AC14  ; 3        ; 56           ; 0            ; 21           ; 11                    ; 0                  ; no     ; no             ; no            ; yes             ; no       ; Off          ; 2.5 V        ; --                        ; Fitter               ; no        ;
; src1[29]  ; AF18  ; 4        ; 79           ; 0            ; 14           ; 12                    ; 0                  ; no     ; no             ; no            ; yes             ; no       ; Off          ; 2.5 V        ; --                        ; Fitter               ; no        ;
; src1[2]   ; AB15  ; 4        ; 67           ; 0            ; 14           ; 11                    ; 0                  ; no     ; no             ; no            ; yes             ; no       ; Off          ; 2.5 V        ; --                        ; Fitter               ; no        ;
; src1[30]  ; AD15  ; 4        ; 60           ; 0            ; 14           ; 11                    ; 0                  ; no     ; no             ; no            ; yes             ; no       ; Off          ; 2.5 V        ; --                        ; Fitter               ; no        ;
; src1[31]  ; AE14  ; 3        ; 49           ; 0            ; 21           ; 14                    ; 0                  ; no     ; no             ; no            ; yes             ; no       ; Off          ; 2.5 V        ; --                        ; Fitter               ; no        ;
; src1[3]   ; AB10  ; 3        ; 38           ; 0            ; 7            ; 11                    ; 0                  ; no     ; no             ; no            ; yes             ; no       ; Off          ; 2.5 V        ; --                        ; Fitter               ; no        ;
; src1[4]   ; AF25  ; 4        ; 83           ; 0            ; 0            ; 10                    ; 0                  ; no     ; no             ; no            ; yes             ; no       ; Off          ; 2.5 V        ; --                        ; Fitter               ; no        ;
; src1[5]   ; Y13   ; 3        ; 52           ; 0            ; 7            ; 10                    ; 0                  ; no     ; no             ; no            ; yes             ; no       ; Off          ; 2.5 V        ; --                        ; Fitter               ; no        ;
; src1[6]   ; AA15  ; 4        ; 67           ; 0            ; 21           ; 11                    ; 0                  ; no     ; no             ; no            ; yes             ; no       ; Off          ; 2.5 V        ; --                        ; Fitter               ; no        ;
; src1[7]   ; AA12  ; 3        ; 52           ; 0            ; 14           ; 11                    ; 0                  ; no     ; no             ; no            ; yes             ; no       ; Off          ; 2.5 V        ; --                        ; Fitter               ; no        ;
; src1[8]   ; AD11  ; 3        ; 49           ; 0            ; 0            ; 11                    ; 0                  ; no     ; no             ; no            ; yes             ; no       ; Off          ; 2.5 V        ; --                        ; Fitter               ; no        ;
; src1[9]   ; W26   ; 5        ; 115          ; 19           ; 0            ; 11                    ; 0                  ; no     ; no             ; no            ; yes             ; no       ; Off          ; 2.5 V        ; --                        ; Fitter               ; no        ;
; src2[0]   ; AG21  ; 4        ; 74           ; 0            ; 7            ; 84                    ; 0                  ; no     ; no             ; no            ; yes             ; no       ; Off          ; 2.5 V        ; --                        ; Fitter               ; no        ;
; src2[10]  ; AD18  ; 4        ; 85           ; 0            ; 7            ; 6                     ; 0                  ; no     ; no             ; no            ; yes             ; no       ; Off          ; 2.5 V        ; --                        ; Fitter               ; no        ;
; src2[11]  ; AF19  ; 4        ; 83           ; 0            ; 14           ; 7                     ; 0                  ; no     ; no             ; no            ; yes             ; no       ; Off          ; 2.5 V        ; --                        ; Fitter               ; no        ;
; src2[12]  ; AH21  ; 4        ; 74           ; 0            ; 0            ; 6                     ; 0                  ; no     ; no             ; no            ; yes             ; no       ; Off          ; 2.5 V        ; --                        ; Fitter               ; no        ;
; src2[13]  ; AH18  ; 4        ; 69           ; 0            ; 0            ; 7                     ; 0                  ; no     ; no             ; no            ; yes             ; no       ; Off          ; 2.5 V        ; --                        ; Fitter               ; no        ;
; src2[14]  ; AF26  ; 4        ; 89           ; 0            ; 0            ; 6                     ; 0                  ; no     ; no             ; no            ; yes             ; no       ; Off          ; 2.5 V        ; --                        ; Fitter               ; no        ;
; src2[15]  ; AF21  ; 4        ; 87           ; 0            ; 21           ; 7                     ; 0                  ; no     ; no             ; no            ; yes             ; no       ; Off          ; 2.5 V        ; --                        ; Fitter               ; no        ;
; src2[16]  ; AE13  ; 3        ; 42           ; 0            ; 21           ; 6                     ; 0                  ; no     ; no             ; no            ; yes             ; no       ; Off          ; 2.5 V        ; --                        ; Fitter               ; no        ;
; src2[17]  ; AH19  ; 4        ; 72           ; 0            ; 0            ; 6                     ; 0                  ; no     ; no             ; no            ; yes             ; no       ; Off          ; 2.5 V        ; --                        ; Fitter               ; no        ;
; src2[18]  ; AE25  ; 4        ; 89           ; 0            ; 7            ; 6                     ; 0                  ; no     ; no             ; no            ; yes             ; no       ; Off          ; 2.5 V        ; --                        ; Fitter               ; no        ;
; src2[19]  ; AE20  ; 4        ; 85           ; 0            ; 21           ; 6                     ; 0                  ; no     ; no             ; no            ; yes             ; no       ; Off          ; 2.5 V        ; --                        ; Fitter               ; no        ;
; src2[1]   ; AF17  ; 4        ; 67           ; 0            ; 0            ; 84                    ; 0                  ; no     ; no             ; no            ; yes             ; no       ; Off          ; 2.5 V        ; --                        ; Fitter               ; no        ;
; src2[20]  ; AE19  ; 4        ; 83           ; 0            ; 21           ; 6                     ; 0                  ; no     ; no             ; no            ; yes             ; no       ; Off          ; 2.5 V        ; --                        ; Fitter               ; no        ;
; src2[21]  ; AB12  ; 3        ; 45           ; 0            ; 14           ; 6                     ; 0                  ; no     ; no             ; no            ; yes             ; no       ; Off          ; 2.5 V        ; --                        ; Fitter               ; no        ;
; src2[22]  ; G18   ; 7        ; 69           ; 73           ; 21           ; 6                     ; 0                  ; no     ; no             ; no            ; yes             ; no       ; Off          ; 2.5 V        ; --                        ; Fitter               ; no        ;
; src2[23]  ; AC18  ; 4        ; 87           ; 0            ; 14           ; 6                     ; 0                  ; no     ; no             ; no            ; yes             ; no       ; Off          ; 2.5 V        ; --                        ; Fitter               ; no        ;
; src2[24]  ; AF20  ; 4        ; 85           ; 0            ; 14           ; 6                     ; 0                  ; no     ; no             ; no            ; yes             ; no       ; Off          ; 2.5 V        ; --                        ; Fitter               ; no        ;
; src2[25]  ; AH22  ; 4        ; 79           ; 0            ; 0            ; 6                     ; 0                  ; no     ; no             ; no            ; yes             ; no       ; Off          ; 2.5 V        ; --                        ; Fitter               ; no        ;
; src2[26]  ; AH17  ; 4        ; 62           ; 0            ; 14           ; 6                     ; 0                  ; no     ; no             ; no            ; yes             ; no       ; Off          ; 2.5 V        ; --                        ; Fitter               ; no        ;
; src2[27]  ; AD17  ; 4        ; 74           ; 0            ; 14           ; 6                     ; 0                  ; no     ; no             ; no            ; yes             ; no       ; Off          ; 2.5 V        ; --                        ; Fitter               ; no        ;
; src2[28]  ; AF24  ; 4        ; 83           ; 0            ; 7            ; 6                     ; 0                  ; no     ; no             ; no            ; yes             ; no       ; Off          ; 2.5 V        ; --                        ; Fitter               ; no        ;
; src2[29]  ; AG23  ; 4        ; 81           ; 0            ; 21           ; 6                     ; 0                  ; no     ; no             ; no            ; yes             ; no       ; Off          ; 2.5 V        ; --                        ; Fitter               ; no        ;
; src2[2]   ; AF15  ; 4        ; 60           ; 0            ; 0            ; 71                    ; 0                  ; no     ; no             ; no            ; yes             ; no       ; Off          ; 2.5 V        ; --                        ; Fitter               ; no        ;
; src2[30]  ; AE17  ; 4        ; 67           ; 0            ; 7            ; 6                     ; 0                  ; no     ; no             ; no            ; yes             ; no       ; Off          ; 2.5 V        ; --                        ; Fitter               ; no        ;
; src2[31]  ; AB17  ; 4        ; 89           ; 0            ; 14           ; 8                     ; 0                  ; no     ; no             ; no            ; yes             ; no       ; Off          ; 2.5 V        ; --                        ; Fitter               ; no        ;
; src2[3]   ; AH15  ; 4        ; 58           ; 0            ; 0            ; 52                    ; 0                  ; no     ; no             ; no            ; yes             ; no       ; Off          ; 2.5 V        ; --                        ; Fitter               ; no        ;
; src2[4]   ; AA13  ; 3        ; 52           ; 0            ; 0            ; 16                    ; 0                  ; no     ; no             ; no            ; yes             ; no       ; Off          ; 2.5 V        ; --                        ; Fitter               ; no        ;
; src2[5]   ; AF22  ; 4        ; 96           ; 0            ; 0            ; 6                     ; 0                  ; no     ; no             ; no            ; yes             ; no       ; Off          ; 2.5 V        ; --                        ; Fitter               ; no        ;
; src2[6]   ; AG19  ; 4        ; 72           ; 0            ; 7            ; 6                     ; 0                  ; no     ; no             ; no            ; yes             ; no       ; Off          ; 2.5 V        ; --                        ; Fitter               ; no        ;
; src2[7]   ; AA17  ; 4        ; 89           ; 0            ; 21           ; 6                     ; 0                  ; no     ; no             ; no            ; yes             ; no       ; Off          ; 2.5 V        ; --                        ; Fitter               ; no        ;
; src2[8]   ; AE15  ; 4        ; 60           ; 0            ; 7            ; 6                     ; 0                  ; no     ; no             ; no            ; yes             ; no       ; Off          ; 2.5 V        ; --                        ; Fitter               ; no        ;
; src2[9]   ; AB26  ; 5        ; 115          ; 15           ; 0            ; 7                     ; 0                  ; no     ; no             ; no            ; yes             ; no       ; Off          ; 2.5 V        ; --                        ; Fitter               ; no        ;
+-----------+-------+----------+--------------+--------------+--------------+-----------------------+--------------------+--------+----------------+---------------+-----------------+----------+--------------+--------------+---------------------------+----------------------+-----------+


+-----------------------------------------------------------------------------------------------------------------------------------------------------------------------------------------------------------------------------------------------------------------------------------------------------------------------------------------------------------------------------------------------------------------------------------------------------------+
; Output Pins                                                                                                                                                                                                                                                                                                                                                                                                                                               ;
+----------+-------+----------+--------------+--------------+--------------+-----------------+------------------------+---------------+-----------+-----------------+------------+---------------+----------+--------------+--------------+------------------+-----------------------------------+---------------------------+----------------------------+-----------------------------+----------------------+----------------------+---------------------+
; Name     ; Pin # ; I/O Bank ; X coordinate ; Y coordinate ; Z coordinate ; Output Register ; Output Enable Register ; Power Up High ; Slew Rate ; PCI I/O Enabled ; Open Drain ; TRI Primitive ; Bus Hold ; Weak Pull Up ; I/O Standard ; Current Strength ; Termination                       ; Termination Control Block ; Output Buffer Pre-emphasis ; Voltage Output Differential ; Location assigned by ; Output Enable Source ; Output Enable Group ;
+----------+-------+----------+--------------+--------------+--------------+-----------------+------------------------+---------------+-----------+-----------------+------------+---------------+----------+--------------+--------------+------------------+-----------------------------------+---------------------------+----------------------------+-----------------------------+----------------------+----------------------+---------------------+
; overflow ; G16   ; 7        ; 67           ; 73           ; 0            ; no              ; no                     ; no            ; 2         ; no              ; no         ; no            ; no       ; Off          ; 2.5 V        ; Default          ; Series 50 Ohm without Calibration ; --                        ; no                         ; no                          ; Fitter               ; -                    ; -                   ;
; res[0]   ; AG10  ; 3        ; 31           ; 0            ; 7            ; no              ; no                     ; no            ; 2         ; no              ; no         ; no            ; no       ; Off          ; 2.5 V        ; Default          ; Series 50 Ohm without Calibration ; --                        ; no                         ; no                          ; Fitter               ; -                    ; -                   ;
; res[10]  ; AC12  ; 3        ; 45           ; 0            ; 21           ; no              ; no                     ; no            ; 2         ; no              ; no         ; no            ; no       ; Off          ; 2.5 V        ; Default          ; Series 50 Ohm without Calibration ; --                        ; no                         ; no                          ; Fitter               ; -                    ; -                   ;
; res[11]  ; AE10  ; 3        ; 29           ; 0            ; 21           ; no              ; no                     ; no            ; 2         ; no              ; no         ; no            ; no       ; Off          ; 2.5 V        ; Default          ; Series 50 Ohm without Calibration ; --                        ; no                         ; no                          ; Fitter               ; -                    ; -                   ;
; res[12]  ; D16   ; 7        ; 62           ; 73           ; 21           ; no              ; no                     ; no            ; 2         ; no              ; no         ; no            ; no       ; Off          ; 2.5 V        ; Default          ; Series 50 Ohm without Calibration ; --                        ; no                         ; no                          ; Fitter               ; -                    ; -                   ;
; res[13]  ; G15   ; 7        ; 65           ; 73           ; 7            ; no              ; no                     ; no            ; 2         ; no              ; no         ; no            ; no       ; Off          ; 2.5 V        ; Default          ; Series 50 Ohm without Calibration ; --                        ; no                         ; no                          ; Fitter               ; -                    ; -                   ;
; res[14]  ; A17   ; 7        ; 60           ; 73           ; 0            ; no              ; no                     ; no            ; 2         ; no              ; no         ; no            ; no       ; Off          ; 2.5 V        ; Default          ; Series 50 Ohm without Calibration ; --                        ; no                         ; no                          ; Fitter               ; -                    ; -                   ;
; res[15]  ; AA16  ; 4        ; 65           ; 0            ; 7            ; no              ; no                     ; no            ; 2         ; no              ; no         ; no            ; no       ; Off          ; 2.5 V        ; Default          ; Series 50 Ohm without Calibration ; --                        ; no                         ; no                          ; Fitter               ; -                    ; -                   ;
; res[16]  ; H15   ; 7        ; 60           ; 73           ; 14           ; no              ; no                     ; no            ; 2         ; no              ; no         ; no            ; no       ; Off          ; 2.5 V        ; Default          ; Series 50 Ohm without Calibration ; --                        ; no                         ; no                          ; Fitter               ; -                    ; -                   ;
; res[17]  ; AE9   ; 3        ; 27           ; 0            ; 21           ; no              ; no                     ; no            ; 2         ; no              ; no         ; no            ; no       ; Off          ; 2.5 V        ; Default          ; Series 50 Ohm without Calibration ; --                        ; no                         ; no                          ; Fitter               ; -                    ; -                   ;
; res[18]  ; AF13  ; 3        ; 42           ; 0            ; 14           ; no              ; no                     ; no            ; 2         ; no              ; no         ; no            ; no       ; Off          ; 2.5 V        ; Default          ; Series 50 Ohm without Calibration ; --                        ; no                         ; no                          ; Fitter               ; -                    ; -                   ;
; res[19]  ; AC11  ; 3        ; 49           ; 0            ; 7            ; no              ; no                     ; no            ; 2         ; no              ; no         ; no            ; no       ; Off          ; 2.5 V        ; Default          ; Series 50 Ohm without Calibration ; --                        ; no                         ; no                          ; Fitter               ; -                    ; -                   ;
; res[1]   ; AB25  ; 5        ; 115          ; 16           ; 7            ; no              ; no                     ; no            ; 2         ; no              ; no         ; no            ; no       ; Off          ; 2.5 V        ; Default          ; Series 50 Ohm without Calibration ; --                        ; no                         ; no                          ; Fitter               ; -                    ; -                   ;
; res[20]  ; AB13  ; 3        ; 47           ; 0            ; 7            ; no              ; no                     ; no            ; 2         ; no              ; no         ; no            ; no       ; Off          ; 2.5 V        ; Default          ; Series 50 Ohm without Calibration ; --                        ; no                         ; no                          ; Fitter               ; -                    ; -                   ;
; res[21]  ; AB14  ; 3        ; 54           ; 0            ; 14           ; no              ; no                     ; no            ; 2         ; no              ; no         ; no            ; no       ; Off          ; 2.5 V        ; Default          ; Series 50 Ohm without Calibration ; --                        ; no                         ; no                          ; Fitter               ; -                    ; -                   ;
; res[22]  ; AF12  ; 3        ; 33           ; 0            ; 0            ; no              ; no                     ; no            ; 2         ; no              ; no         ; no            ; no       ; Off          ; 2.5 V        ; Default          ; Series 50 Ohm without Calibration ; --                        ; no                         ; no                          ; Fitter               ; -                    ; -                   ;
; res[23]  ; B17   ; 7        ; 60           ; 73           ; 7            ; no              ; no                     ; no            ; 2         ; no              ; no         ; no            ; no       ; Off          ; 2.5 V        ; Default          ; Series 50 Ohm without Calibration ; --                        ; no                         ; no                          ; Fitter               ; -                    ; -                   ;
; res[24]  ; AG8   ; 3        ; 18           ; 0            ; 0            ; no              ; no                     ; no            ; 2         ; no              ; no         ; no            ; no       ; Off          ; 2.5 V        ; Default          ; Series 50 Ohm without Calibration ; --                        ; no                         ; no                          ; Fitter               ; -                    ; -                   ;
; res[25]  ; Y15   ; 3        ; 56           ; 0            ; 0            ; no              ; no                     ; no            ; 2         ; no              ; no         ; no            ; no       ; Off          ; 2.5 V        ; Default          ; Series 50 Ohm without Calibration ; --                        ; no                         ; no                          ; Fitter               ; -                    ; -                   ;
; res[26]  ; AG12  ; 3        ; 54           ; 0            ; 7            ; no              ; no                     ; no            ; 2         ; no              ; no         ; no            ; no       ; Off          ; 2.5 V        ; Default          ; Series 50 Ohm without Calibration ; --                        ; no                         ; no                          ; Fitter               ; -                    ; -                   ;
; res[27]  ; AG11  ; 3        ; 40           ; 0            ; 21           ; no              ; no                     ; no            ; 2         ; no              ; no         ; no            ; no       ; Off          ; 2.5 V        ; Default          ; Series 50 Ohm without Calibration ; --                        ; no                         ; no                          ; Fitter               ; -                    ; -                   ;
; res[28]  ; C16   ; 7        ; 62           ; 73           ; 14           ; no              ; no                     ; no            ; 2         ; no              ; no         ; no            ; no       ; Off          ; 2.5 V        ; Default          ; Series 50 Ohm without Calibration ; --                        ; no                         ; no                          ; Fitter               ; -                    ; -                   ;
; res[29]  ; AH10  ; 3        ; 31           ; 0            ; 0            ; no              ; no                     ; no            ; 2         ; no              ; no         ; no            ; no       ; Off          ; 2.5 V        ; Default          ; Series 50 Ohm without Calibration ; --                        ; no                         ; no                          ; Fitter               ; -                    ; -                   ;
; res[2]   ; AF16  ; 4        ; 65           ; 0            ; 14           ; no              ; no                     ; no            ; 2         ; no              ; no         ; no            ; no       ; Off          ; 2.5 V        ; Default          ; Series 50 Ohm without Calibration ; --                        ; no                         ; no                          ; Fitter               ; -                    ; -                   ;
; res[30]  ; D15   ; 7        ; 58           ; 73           ; 21           ; no              ; no                     ; no            ; 2         ; no              ; no         ; no            ; no       ; Off          ; 2.5 V        ; Default          ; Series 50 Ohm without Calibration ; --                        ; no                         ; no                          ; Fitter               ; -                    ; -                   ;
; res[31]  ; E15   ; 7        ; 58           ; 73           ; 7            ; no              ; no                     ; no            ; 2         ; no              ; no         ; no            ; no       ; Off          ; 2.5 V        ; Default          ; Series 50 Ohm without Calibration ; --                        ; no                         ; no                          ; Fitter               ; -                    ; -                   ;
; res[3]   ; G19   ; 7        ; 69           ; 73           ; 14           ; no              ; no                     ; no            ; 2         ; no              ; no         ; no            ; no       ; Off          ; 2.5 V        ; Default          ; Series 50 Ohm without Calibration ; --                        ; no                         ; no                          ; Fitter               ; -                    ; -                   ;
; res[4]   ; AD28  ; 5        ; 115          ; 12           ; 0            ; no              ; no                     ; no            ; 2         ; no              ; no         ; no            ; no       ; Off          ; 2.5 V        ; Default          ; Series 50 Ohm without Calibration ; --                        ; no                         ; no                          ; Fitter               ; -                    ; -                   ;
; res[5]   ; AE22  ; 4        ; 96           ; 0            ; 7            ; no              ; no                     ; no            ; 2         ; no              ; no         ; no            ; no       ; Off          ; 2.5 V        ; Default          ; Series 50 Ohm without Calibration ; --                        ; no                         ; no                          ; Fitter               ; -                    ; -                   ;
; res[6]   ; AF11  ; 3        ; 35           ; 0            ; 14           ; no              ; no                     ; no            ; 2         ; no              ; no         ; no            ; no       ; Off          ; 2.5 V        ; Default          ; Series 50 Ohm without Calibration ; --                        ; no                         ; no                          ; Fitter               ; -                    ; -                   ;
; res[7]   ; AF9   ; 3        ; 20           ; 0            ; 0            ; no              ; no                     ; no            ; 2         ; no              ; no         ; no            ; no       ; Off          ; 2.5 V        ; Default          ; Series 50 Ohm without Calibration ; --                        ; no                         ; no                          ; Fitter               ; -                    ; -                   ;
; res[8]   ; AE11  ; 3        ; 35           ; 0            ; 21           ; no              ; no                     ; no            ; 2         ; no              ; no         ; no            ; no       ; Off          ; 2.5 V        ; Default          ; Series 50 Ohm without Calibration ; --                        ; no                         ; no                          ; Fitter               ; -                    ; -                   ;
; res[9]   ; J16   ; 7        ; 65           ; 73           ; 14           ; no              ; no                     ; no            ; 2         ; no              ; no         ; no            ; no       ; Off          ; 2.5 V        ; Default          ; Series 50 Ohm without Calibration ; --                        ; no                         ; no                          ; Fitter               ; -                    ; -                   ;
+----------+-------+----------+--------------+--------------+--------------+-----------------+------------------------+---------------+-----------+-----------------+------------+---------------+----------+--------------+--------------+------------------+-----------------------------------+---------------------------+----------------------------+-----------------------------+----------------------+----------------------+---------------------+


+------------------------------------------------------------------------------------------------------------------------------------+
; Dual Purpose and Dedicated Pins                                                                                                    ;
+----------+----------------------------------------+--------------------------+-------------------------+---------------------------+
; Location ; Pin Name                               ; Reserved As              ; User Signal Name        ; Pin Type                  ;
+----------+----------------------------------------+--------------------------+-------------------------+---------------------------+
; F4       ; DIFFIO_L5n, DATA1, ASDO                ; As input tri-stated      ; ~ALTERA_ASDO_DATA1~     ; Dual Purpose Pin          ;
; E2       ; DIFFIO_L8p, FLASH_nCE, nCSO            ; As input tri-stated      ; ~ALTERA_FLASH_nCE_nCSO~ ; Dual Purpose Pin          ;
; M6       ; nSTATUS                                ; -                        ; -                       ; Dedicated Programming Pin ;
; P3       ; DCLK                                   ; As output driving ground ; ~ALTERA_DCLK~           ; Dual Purpose Pin          ;
; N7       ; DATA0                                  ; As input tri-stated      ; ~ALTERA_DATA0~          ; Dual Purpose Pin          ;
; P4       ; nCONFIG                                ; -                        ; -                       ; Dedicated Programming Pin ;
; R8       ; nCE                                    ; -                        ; -                       ; Dedicated Programming Pin ;
; P24      ; CONF_DONE                              ; -                        ; -                       ; Dedicated Programming Pin ;
; N22      ; MSEL0                                  ; -                        ; -                       ; Dedicated Programming Pin ;
; P23      ; MSEL1                                  ; -                        ; -                       ; Dedicated Programming Pin ;
; M22      ; MSEL2                                  ; -                        ; -                       ; Dedicated Programming Pin ;
; P22      ; MSEL3                                  ; -                        ; -                       ; Dedicated Programming Pin ;
; P28      ; DIFFIO_R23n, nCEO                      ; Use as programming pin   ; ~ALTERA_nCEO~           ; Dual Purpose Pin          ;
; C16      ; DIFFIO_T36n, PADD9                     ; Use as regular IO        ; res[28]                 ; Dual Purpose Pin          ;
; D16      ; DIFFIO_T36p, PADD10                    ; Use as regular IO        ; res[12]                 ; Dual Purpose Pin          ;
; A17      ; DIFFIO_T35n, PADD11                    ; Use as regular IO        ; res[14]                 ; Dual Purpose Pin          ;
; B17      ; DIFFIO_T35p, PADD12, DQS4T/CQ5T,DPCLK9 ; Use as regular IO        ; res[23]                 ; Dual Purpose Pin          ;
; D15      ; DIFFIO_T32p, PADD14                    ; Use as regular IO        ; res[30]                 ; Dual Purpose Pin          ;
+----------+----------------------------------------+--------------------------+-------------------------+---------------------------+


+------------------------------------------------------------+
; I/O Bank Usage                                             ;
+----------+------------------+---------------+--------------+
; I/O Bank ; Usage            ; VCCIO Voltage ; VREF Voltage ;
+----------+------------------+---------------+--------------+
; 1        ; 4 / 56 ( 7 % )   ; 2.5V          ; --           ;
; 2        ; 0 / 63 ( 0 % )   ; 2.5V          ; --           ;
; 3        ; 36 / 73 ( 49 % ) ; 2.5V          ; --           ;
; 4        ; 46 / 71 ( 65 % ) ; 2.5V          ; --           ;
; 5        ; 5 / 65 ( 8 % )   ; 2.5V          ; --           ;
; 6        ; 1 / 58 ( 2 % )   ; 2.5V          ; --           ;
; 7        ; 13 / 72 ( 18 % ) ; 2.5V          ; --           ;
; 8        ; 0 / 71 ( 0 % )   ; 2.5V          ; --           ;
+----------+------------------+---------------+--------------+


+-----------------------------------------------------------------------------------------------------------------------------------------------------------------------------------------+
; All Package Pins                                                                                                                                                                        ;
+----------+------------+----------+-----------------------------------------------------------+--------+--------------+---------+------------+-----------------+----------+--------------+
; Location ; Pad Number ; I/O Bank ; Pin Name/Usage                                            ; Dir.   ; I/O Standard ; Voltage ; I/O Type   ; User Assignment ; Bus Hold ; Weak Pull Up ;
+----------+------------+----------+-----------------------------------------------------------+--------+--------------+---------+------------+-----------------+----------+--------------+
; A2       ;            ; 8        ; VCCIO8                                                    ; power  ;              ; 2.5V    ; --         ;                 ; --       ; --           ;
; A3       ; 535        ; 8        ; RESERVED_INPUT_WITH_WEAK_PULLUP                           ;        ;              ;         ; Column I/O ;                 ; no       ; On           ;
; A4       ; 532        ; 8        ; RESERVED_INPUT_WITH_WEAK_PULLUP                           ;        ;              ;         ; Column I/O ;                 ; no       ; On           ;
; A5       ;            ; 8        ; VCCIO8                                                    ; power  ;              ; 2.5V    ; --         ;                 ; --       ; --           ;
; A6       ; 504        ; 8        ; RESERVED_INPUT_WITH_WEAK_PULLUP                           ;        ;              ;         ; Column I/O ;                 ; no       ; On           ;
; A7       ; 501        ; 8        ; RESERVED_INPUT_WITH_WEAK_PULLUP                           ;        ;              ;         ; Column I/O ;                 ; no       ; On           ;
; A8       ; 517        ; 8        ; RESERVED_INPUT_WITH_WEAK_PULLUP                           ;        ;              ;         ; Column I/O ;                 ; no       ; On           ;
; A9       ;            ; 8        ; VCCIO8                                                    ; power  ;              ; 2.5V    ; --         ;                 ; --       ; --           ;
; A10      ; 491        ; 8        ; RESERVED_INPUT_WITH_WEAK_PULLUP                           ;        ;              ;         ; Column I/O ;                 ; no       ; On           ;
; A11      ; 487        ; 8        ; RESERVED_INPUT_WITH_WEAK_PULLUP                           ;        ;              ;         ; Column I/O ;                 ; no       ; On           ;
; A12      ; 482        ; 8        ; RESERVED_INPUT_WITH_WEAK_PULLUP                           ;        ;              ;         ; Column I/O ;                 ; no       ; On           ;
; A13      ;            ; 8        ; VCCIO8                                                    ; power  ;              ; 2.5V    ; --         ;                 ; --       ; --           ;
; A14      ; 472        ; 8        ; GND+                                                      ;        ;              ;         ; Column I/O ;                 ; --       ; --           ;
; A15      ; 470        ; 7        ; GND+                                                      ;        ;              ;         ; Column I/O ;                 ; --       ; --           ;
; A16      ;            ; 7        ; VCCIO7                                                    ; power  ;              ; 2.5V    ; --         ;                 ; --       ; --           ;
; A17      ; 462        ; 7        ; res[14]                                                   ; output ; 2.5 V        ;         ; Column I/O ; N               ; no       ; Off          ;
; A18      ; 442        ; 7        ; RESERVED_INPUT_WITH_WEAK_PULLUP                           ;        ;              ;         ; Column I/O ;                 ; no       ; On           ;
; A19      ; 440        ; 7        ; RESERVED_INPUT_WITH_WEAK_PULLUP                           ;        ;              ;         ; Column I/O ;                 ; no       ; On           ;
; A20      ;            ; 7        ; VCCIO7                                                    ; power  ;              ; 2.5V    ; --         ;                 ; --       ; --           ;
; A21      ; 425        ; 7        ; RESERVED_INPUT_WITH_WEAK_PULLUP                           ;        ;              ;         ; Column I/O ;                 ; no       ; On           ;
; A22      ; 423        ; 7        ; RESERVED_INPUT_WITH_WEAK_PULLUP                           ;        ;              ;         ; Column I/O ;                 ; no       ; On           ;
; A23      ; 412        ; 7        ; RESERVED_INPUT_WITH_WEAK_PULLUP                           ;        ;              ;         ; Column I/O ;                 ; no       ; On           ;
; A24      ;            ; 7        ; VCCIO7                                                    ; power  ;              ; 2.5V    ; --         ;                 ; --       ; --           ;
; A25      ; 405        ; 7        ; RESERVED_INPUT_WITH_WEAK_PULLUP                           ;        ;              ;         ; Column I/O ;                 ; no       ; On           ;
; A26      ; 404        ; 7        ; RESERVED_INPUT_WITH_WEAK_PULLUP                           ;        ;              ;         ; Column I/O ;                 ; no       ; On           ;
; A27      ;            ; 7        ; VCCIO7                                                    ; power  ;              ; 2.5V    ; --         ;                 ; --       ; --           ;
; AA1      ;            ; 2        ; VCCIO2                                                    ; power  ;              ; 2.5V    ; --         ;                 ; --       ; --           ;
; AA2      ;            ;          ; GND                                                       ; gnd    ;              ;         ; --         ;                 ; --       ; --           ;
; AA3      ; 102        ; 2        ; RESERVED_INPUT_WITH_WEAK_PULLUP                           ;        ;              ;         ; Row I/O    ;                 ; no       ; On           ;
; AA4      ; 101        ; 2        ; RESERVED_INPUT_WITH_WEAK_PULLUP                           ;        ;              ;         ; Row I/O    ;                 ; no       ; On           ;
; AA5      ; 119        ; 2        ; RESERVED_INPUT_WITH_WEAK_PULLUP                           ;        ;              ;         ; Row I/O    ;                 ; no       ; On           ;
; AA6      ; 118        ; 2        ; RESERVED_INPUT_WITH_WEAK_PULLUP                           ;        ;              ;         ; Row I/O    ;                 ; no       ; On           ;
; AA7      ; 120        ; 2        ; RESERVED_INPUT_WITH_WEAK_PULLUP                           ;        ;              ;         ; Row I/O    ;                 ; no       ; On           ;
; AA8      ; 154        ; 3        ; RESERVED_INPUT_WITH_WEAK_PULLUP                           ;        ;              ;         ; Column I/O ;                 ; no       ; On           ;
; AA9      ;            ;          ; GNDA1                                                     ; gnd    ;              ;         ; --         ;                 ; --       ; --           ;
; AA10     ; 155        ; 3        ; RESERVED_INPUT_WITH_WEAK_PULLUP                           ;        ;              ;         ; Column I/O ;                 ; no       ; On           ;
; AA11     ;            ; 3        ; VCCIO3                                                    ; power  ;              ; 2.5V    ; --         ;                 ; --       ; --           ;
; AA12     ; 188        ; 3        ; src1[7]                                                   ; input  ; 2.5 V        ;         ; Column I/O ; N               ; no       ; Off          ;
; AA13     ; 190        ; 3        ; src2[4]                                                   ; input  ; 2.5 V        ;         ; Column I/O ; N               ; no       ; Off          ;
; AA14     ; 191        ; 3        ; src1[17]                                                  ; input  ; 2.5 V        ;         ; Column I/O ; N               ; no       ; Off          ;
; AA15     ; 213        ; 4        ; src1[6]                                                   ; input  ; 2.5 V        ;         ; Column I/O ; N               ; no       ; Off          ;
; AA16     ; 211        ; 4        ; res[15]                                                   ; output ; 2.5 V        ;         ; Column I/O ; N               ; no       ; Off          ;
; AA17     ; 241        ; 4        ; src2[7]                                                   ; input  ; 2.5 V        ;         ; Column I/O ; N               ; no       ; Off          ;
; AA18     ;            ; 4        ; VCCIO4                                                    ; power  ;              ; 2.5V    ; --         ;                 ; --       ; --           ;
; AA19     ; 264        ; 4        ; RESERVED_INPUT_WITH_WEAK_PULLUP                           ;        ;              ;         ; Column I/O ;                 ; no       ; On           ;
; AA20     ;            ;          ; GNDA4                                                     ; gnd    ;              ;         ; --         ;                 ; --       ; --           ;
; AA21     ; 269        ; 4        ; RESERVED_INPUT_WITH_WEAK_PULLUP                           ;        ;              ;         ; Column I/O ;                 ; no       ; On           ;
; AA22     ; 275        ; 5        ; RESERVED_INPUT_WITH_WEAK_PULLUP                           ;        ;              ;         ; Row I/O    ;                 ; no       ; On           ;
; AA23     ; 280        ; 5        ; RESERVED_INPUT_WITH_WEAK_PULLUP                           ;        ;              ;         ; Row I/O    ;                 ; no       ; On           ;
; AA24     ; 279        ; 5        ; RESERVED_INPUT_WITH_WEAK_PULLUP                           ;        ;              ;         ; Row I/O    ;                 ; --       ; --           ;
; AA25     ; 294        ; 5        ; RESERVED_INPUT_WITH_WEAK_PULLUP                           ;        ;              ;         ; Row I/O    ;                 ; no       ; On           ;
; AA26     ; 293        ; 5        ; RESERVED_INPUT_WITH_WEAK_PULLUP                           ;        ;              ;         ; Row I/O    ;                 ; no       ; On           ;
; AA27     ;            ;          ; GND                                                       ; gnd    ;              ;         ; --         ;                 ; --       ; --           ;
; AA28     ;            ; 5        ; VCCIO5                                                    ; power  ;              ; 2.5V    ; --         ;                 ; --       ; --           ;
; AB1      ; 86         ; 2        ; RESERVED_INPUT_WITH_WEAK_PULLUP                           ;        ;              ;         ; Row I/O    ;                 ; no       ; On           ;
; AB2      ; 85         ; 2        ; RESERVED_INPUT_WITH_WEAK_PULLUP                           ;        ;              ;         ; Row I/O    ;                 ; no       ; On           ;
; AB3      ; 99         ; 2        ; RESERVED_INPUT_WITH_WEAK_PULLUP                           ;        ;              ;         ; Row I/O    ;                 ; no       ; On           ;
; AB4      ; 121        ; 2        ; RESERVED_INPUT_WITH_WEAK_PULLUP                           ;        ;              ;         ; Row I/O    ;                 ; --       ; --           ;
; AB5      ; 127        ; 2        ; RESERVED_INPUT_WITH_WEAK_PULLUP                           ;        ;              ;         ; Row I/O    ;                 ; no       ; On           ;
; AB6      ; 126        ; 2        ; RESERVED_INPUT_WITH_WEAK_PULLUP                           ;        ;              ;         ; Row I/O    ;                 ; no       ; On           ;
; AB7      ; 152        ; 3        ; RESERVED_INPUT_WITH_WEAK_PULLUP                           ;        ;              ;         ; Column I/O ;                 ; no       ; On           ;
; AB8      ; 148        ; 3        ; RESERVED_INPUT_WITH_WEAK_PULLUP                           ;        ;              ;         ; Column I/O ;                 ; no       ; On           ;
; AB9      ; 147        ; 3        ; RESERVED_INPUT_WITH_WEAK_PULLUP                           ;        ;              ;         ; Column I/O ;                 ; no       ; On           ;
; AB10     ; 173        ; 3        ; src1[3]                                                   ; input  ; 2.5 V        ;         ; Column I/O ; N               ; no       ; Off          ;
; AB11     ; 164        ; 3        ; RESERVED_INPUT_WITH_WEAK_PULLUP                           ;        ;              ;         ; Column I/O ;                 ; --       ; --           ;
; AB12     ; 180        ; 3        ; src2[21]                                                  ; input  ; 2.5 V        ;         ; Column I/O ; N               ; no       ; Off          ;
; AB13     ; 181        ; 3        ; res[20]                                                   ; output ; 2.5 V        ;         ; Column I/O ; N               ; no       ; Off          ;
; AB14     ; 192        ; 3        ; res[21]                                                   ; output ; 2.5 V        ;         ; Column I/O ; N               ; no       ; Off          ;
; AB15     ; 214        ; 4        ; src1[2]                                                   ; input  ; 2.5 V        ;         ; Column I/O ; N               ; no       ; Off          ;
; AB16     ; 212        ; 4        ; alu_op[1]                                                 ; input  ; 2.5 V        ;         ; Column I/O ; N               ; no       ; Off          ;
; AB17     ; 242        ; 4        ; src2[31]                                                  ; input  ; 2.5 V        ;         ; Column I/O ; N               ; no       ; Off          ;
; AB18     ; 254        ; 4        ; RESERVED_INPUT_WITH_WEAK_PULLUP                           ;        ;              ;         ; Column I/O ;                 ; no       ; On           ;
; AB19     ; 253        ; 4        ; RESERVED_INPUT_WITH_WEAK_PULLUP                           ;        ;              ;         ; Column I/O ;                 ; no       ; On           ;
; AB20     ; 257        ; 4        ; RESERVED_INPUT_WITH_WEAK_PULLUP                           ;        ;              ;         ; Column I/O ;                 ; --       ; --           ;
; AB21     ; 266        ; 4        ; RESERVED_INPUT_WITH_WEAK_PULLUP                           ;        ;              ;         ; Column I/O ;                 ; no       ; On           ;
; AB22     ; 265        ; 4        ; RESERVED_INPUT_WITH_WEAK_PULLUP                           ;        ;              ;         ; Column I/O ;                 ; no       ; On           ;
; AB23     ; 276        ; 5        ; RESERVED_INPUT_WITH_WEAK_PULLUP                           ;        ;              ;         ; Row I/O    ;                 ; no       ; On           ;
; AB24     ; 274        ; 5        ; RESERVED_INPUT_WITH_WEAK_PULLUP                           ;        ;              ;         ; Row I/O    ;                 ; no       ; On           ;
; AB25     ; 292        ; 5        ; res[1]                                                    ; output ; 2.5 V        ;         ; Row I/O    ; N               ; no       ; Off          ;
; AB26     ; 291        ; 5        ; src2[9]                                                   ; input  ; 2.5 V        ;         ; Row I/O    ; N               ; no       ; Off          ;
; AB27     ; 296        ; 5        ; RESERVED_INPUT_WITH_WEAK_PULLUP                           ;        ;              ;         ; Row I/O    ;                 ; no       ; On           ;
; AB28     ; 295        ; 5        ; RESERVED_INPUT_WITH_WEAK_PULLUP                           ;        ;              ;         ; Row I/O    ;                 ; no       ; On           ;
; AC1      ; 94         ; 2        ; RESERVED_INPUT_WITH_WEAK_PULLUP                           ;        ;              ;         ; Row I/O    ;                 ; no       ; On           ;
; AC2      ; 93         ; 2        ; RESERVED_INPUT_WITH_WEAK_PULLUP                           ;        ;              ;         ; Row I/O    ;                 ; no       ; On           ;
; AC3      ; 95         ; 2        ; RESERVED_INPUT_WITH_WEAK_PULLUP                           ;        ;              ;         ; Row I/O    ;                 ; no       ; On           ;
; AC4      ; 125        ; 2        ; RESERVED_INPUT_WITH_WEAK_PULLUP                           ;        ;              ;         ; Row I/O    ;                 ; no       ; On           ;
; AC5      ; 124        ; 2        ; RESERVED_INPUT_WITH_WEAK_PULLUP                           ;        ;              ;         ; Row I/O    ;                 ; no       ; On           ;
; AC6      ;            ;          ; GND                                                       ; gnd    ;              ;         ; --         ;                 ; --       ; --           ;
; AC7      ; 144        ; 3        ; RESERVED_INPUT_WITH_WEAK_PULLUP                           ;        ;              ;         ; Column I/O ;                 ; no       ; On           ;
; AC8      ; 153        ; 3        ; RESERVED_INPUT_WITH_WEAK_PULLUP                           ;        ;              ;         ; Column I/O ;                 ; no       ; On           ;
; AC9      ;            ;          ; GND                                                       ; gnd    ;              ;         ; --         ;                 ; --       ; --           ;
; AC10     ; 174        ; 3        ; src1[21]                                                  ; input  ; 2.5 V        ;         ; Column I/O ; N               ; no       ; Off          ;
; AC11     ; 185        ; 3        ; res[19]                                                   ; output ; 2.5 V        ;         ; Column I/O ; N               ; no       ; Off          ;
; AC12     ; 179        ; 3        ; res[10]                                                   ; output ; 2.5 V        ;         ; Column I/O ; N               ; no       ; Off          ;
; AC13     ;            ;          ; GND                                                       ; gnd    ;              ;         ; --         ;                 ; --       ; --           ;
; AC14     ; 195        ; 3        ; src1[28]                                                  ; input  ; 2.5 V        ;         ; Column I/O ; N               ; no       ; Off          ;
; AC15     ; 203        ; 4        ; src1[15]                                                  ; input  ; 2.5 V        ;         ; Column I/O ; N               ; no       ; Off          ;
; AC16     ;            ;          ; GND                                                       ; gnd    ;              ;         ; --         ;                 ; --       ; --           ;
; AC17     ; 221        ; 4        ; src1[1]                                                   ; input  ; 2.5 V        ;         ; Column I/O ; N               ; no       ; Off          ;
; AC18     ; 240        ; 4        ; src2[23]                                                  ; input  ; 2.5 V        ;         ; Column I/O ; N               ; no       ; Off          ;
; AC19     ; 247        ; 4        ; RESERVED_INPUT_WITH_WEAK_PULLUP                           ;        ;              ;         ; Column I/O ;                 ; no       ; On           ;
; AC20     ;            ;          ; GND                                                       ; gnd    ;              ;         ; --         ;                 ; --       ; --           ;
; AC21     ; 258        ; 4        ; RESERVED_INPUT_WITH_WEAK_PULLUP                           ;        ;              ;         ; Column I/O ;                 ; no       ; On           ;
; AC22     ; 267        ; 4        ; RESERVED_INPUT_WITH_WEAK_PULLUP                           ;        ;              ;         ; Column I/O ;                 ; no       ; On           ;
; AC23     ;            ;          ; GND                                                       ; gnd    ;              ;         ; --         ;                 ; --       ; --           ;
; AC24     ; 273        ; 5        ; RESERVED_INPUT_WITH_WEAK_PULLUP                           ;        ;              ;         ; Row I/O    ;                 ; no       ; On           ;
; AC25     ; 272        ; 5        ; RESERVED_INPUT_WITH_WEAK_PULLUP                           ;        ;              ;         ; Row I/O    ;                 ; no       ; On           ;
; AC26     ; 282        ; 5        ; RESERVED_INPUT_WITH_WEAK_PULLUP                           ;        ;              ;         ; Row I/O    ;                 ; no       ; On           ;
; AC27     ; 290        ; 5        ; src1[14]                                                  ; input  ; 2.5 V        ;         ; Row I/O    ; N               ; no       ; Off          ;
; AC28     ; 289        ; 5        ; RESERVED_INPUT_WITH_WEAK_PULLUP                           ;        ;              ;         ; Row I/O    ;                 ; no       ; On           ;
; AD1      ; 98         ; 2        ; RESERVED_INPUT_WITH_WEAK_PULLUP                           ;        ;              ;         ; Row I/O    ;                 ; no       ; On           ;
; AD2      ; 97         ; 2        ; RESERVED_INPUT_WITH_WEAK_PULLUP                           ;        ;              ;         ; Row I/O    ;                 ; no       ; On           ;
; AD3      ; 96         ; 2        ; RESERVED_INPUT_WITH_WEAK_PULLUP                           ;        ;              ;         ; Row I/O    ;                 ; no       ; On           ;
; AD4      ; 130        ; 3        ; RESERVED_INPUT_WITH_WEAK_PULLUP                           ;        ;              ;         ; Column I/O ;                 ; no       ; On           ;
; AD5      ; 128        ; 3        ; RESERVED_INPUT_WITH_WEAK_PULLUP                           ;        ;              ;         ; Column I/O ;                 ; no       ; On           ;
; AD6      ;            ; 3        ; VCCIO3                                                    ; power  ;              ; 2.5V    ; --         ;                 ; --       ; --           ;
; AD7      ; 134        ; 3        ; RESERVED_INPUT_WITH_WEAK_PULLUP                           ;        ;              ;         ; Column I/O ;                 ; no       ; On           ;
; AD8      ; 143        ; 3        ; RESERVED_INPUT_WITH_WEAK_PULLUP                           ;        ;              ;         ; Column I/O ;                 ; no       ; On           ;
; AD9      ;            ; 3        ; VCCIO3                                                    ; power  ;              ; 2.5V    ; --         ;                 ; --       ; --           ;
; AD10     ; 149        ; 3        ; RESERVED_INPUT_WITH_WEAK_PULLUP                           ;        ;              ;         ; Column I/O ;                 ; no       ; On           ;
; AD11     ; 186        ; 3        ; src1[8]                                                   ; input  ; 2.5 V        ;         ; Column I/O ; N               ; no       ; Off          ;
; AD12     ; 182        ; 3        ; src1[16]                                                  ; input  ; 2.5 V        ;         ; Column I/O ; N               ; no       ; Off          ;
; AD13     ;            ; 3        ; VCCIO3                                                    ; power  ;              ; 2.5V    ; --         ;                 ; --       ; --           ;
; AD14     ; 196        ; 3        ; src1[22]                                                  ; input  ; 2.5 V        ;         ; Column I/O ; N               ; no       ; Off          ;
; AD15     ; 204        ; 4        ; src1[30]                                                  ; input  ; 2.5 V        ;         ; Column I/O ; N               ; no       ; Off          ;
; AD16     ;            ; 4        ; VCCIO4                                                    ; power  ;              ; 2.5V    ; --         ;                 ; --       ; --           ;
; AD17     ; 222        ; 4        ; src2[27]                                                  ; input  ; 2.5 V        ;         ; Column I/O ; N               ; no       ; Off          ;
; AD18     ; 237        ; 4        ; src2[10]                                                  ; input  ; 2.5 V        ;         ; Column I/O ; N               ; no       ; Off          ;
; AD19     ; 248        ; 4        ; RESERVED_INPUT_WITH_WEAK_PULLUP                           ;        ;              ;         ; Column I/O ;                 ; no       ; On           ;
; AD20     ;            ; 4        ; VCCIO4                                                    ; power  ;              ; 2.5V    ; --         ;                 ; --       ; --           ;
; AD21     ; 259        ; 4        ; RESERVED_INPUT_WITH_WEAK_PULLUP                           ;        ;              ;         ; Column I/O ;                 ; no       ; On           ;
; AD22     ; 268        ; 4        ; RESERVED_INPUT_WITH_WEAK_PULLUP                           ;        ;              ;         ; Column I/O ;                 ; no       ; On           ;
; AD23     ;            ; 4        ; VCCIO4                                                    ; power  ;              ; 2.5V    ; --         ;                 ; --       ; --           ;
; AD24     ; 260        ; 4        ; RESERVED_INPUT_WITH_WEAK_PULLUP                           ;        ;              ;         ; Column I/O ;                 ; no       ; On           ;
; AD25     ; 255        ; 4        ; RESERVED_INPUT_WITH_WEAK_PULLUP                           ;        ;              ;         ; Column I/O ;                 ; no       ; On           ;
; AD26     ; 281        ; 5        ; RESERVED_INPUT_WITH_WEAK_PULLUP                           ;        ;              ;         ; Row I/O    ;                 ; no       ; On           ;
; AD27     ; 286        ; 5        ; RESERVED_INPUT_WITH_WEAK_PULLUP                           ;        ;              ;         ; Row I/O    ;                 ; no       ; On           ;
; AD28     ; 285        ; 5        ; res[4]                                                    ; output ; 2.5 V        ;         ; Row I/O    ; N               ; no       ; Off          ;
; AE1      ; 106        ; 2        ; RESERVED_INPUT_WITH_WEAK_PULLUP                           ;        ;              ;         ; Row I/O    ;                 ; no       ; On           ;
; AE2      ; 105        ; 2        ; RESERVED_INPUT_WITH_WEAK_PULLUP                           ;        ;              ;         ; Row I/O    ;                 ; no       ; On           ;
; AE3      ; 122        ; 2        ; RESERVED_INPUT_WITH_WEAK_PULLUP                           ;        ;              ;         ; Row I/O    ;                 ; no       ; On           ;
; AE4      ; 132        ; 3        ; RESERVED_INPUT_WITH_WEAK_PULLUP                           ;        ;              ;         ; Column I/O ;                 ; no       ; On           ;
; AE5      ; 135        ; 3        ; RESERVED_INPUT_WITH_WEAK_PULLUP                           ;        ;              ;         ; Column I/O ;                 ; no       ; On           ;
; AE6      ; 129        ; 3        ; RESERVED_INPUT_WITH_WEAK_PULLUP                           ;        ;              ;         ; Column I/O ;                 ; no       ; On           ;
; AE7      ; 158        ; 3        ; RESERVED_INPUT_WITH_WEAK_PULLUP                           ;        ;              ;         ; Column I/O ;                 ; no       ; On           ;
; AE8      ; 161        ; 3        ; RESERVED_INPUT_WITH_WEAK_PULLUP                           ;        ;              ;         ; Column I/O ;                 ; no       ; On           ;
; AE9      ; 163        ; 3        ; res[17]                                                   ; output ; 2.5 V        ;         ; Column I/O ; N               ; no       ; Off          ;
; AE10     ; 165        ; 3        ; res[11]                                                   ; output ; 2.5 V        ;         ; Column I/O ; N               ; no       ; Off          ;
; AE11     ; 171        ; 3        ; res[8]                                                    ; output ; 2.5 V        ;         ; Column I/O ; N               ; no       ; Off          ;
; AE12     ; 169        ; 3        ; RESERVED_INPUT_WITH_WEAK_PULLUP                           ;        ;              ;         ; Column I/O ;                 ; no       ; On           ;
; AE13     ; 177        ; 3        ; src2[16]                                                  ; input  ; 2.5 V        ;         ; Column I/O ; N               ; no       ; Off          ;
; AE14     ; 183        ; 3        ; src1[31]                                                  ; input  ; 2.5 V        ;         ; Column I/O ; N               ; no       ; Off          ;
; AE15     ; 205        ; 4        ; src2[8]                                                   ; input  ; 2.5 V        ;         ; Column I/O ; N               ; no       ; Off          ;
; AE16     ; 209        ; 4        ; src1[0]                                                   ; input  ; 2.5 V        ;         ; Column I/O ; N               ; no       ; Off          ;
; AE17     ; 215        ; 4        ; src2[30]                                                  ; input  ; 2.5 V        ;         ; Column I/O ; N               ; no       ; Off          ;
; AE18     ; 225        ; 4        ; src1[12]                                                  ; input  ; 2.5 V        ;         ; Column I/O ; N               ; no       ; Off          ;
; AE19     ; 231        ; 4        ; src2[20]                                                  ; input  ; 2.5 V        ;         ; Column I/O ; N               ; no       ; Off          ;
; AE20     ; 235        ; 4        ; src2[19]                                                  ; input  ; 2.5 V        ;         ; Column I/O ; N               ; no       ; Off          ;
; AE21     ; 238        ; 4        ; src1[26]                                                  ; input  ; 2.5 V        ;         ; Column I/O ; N               ; no       ; Off          ;
; AE22     ; 251        ; 4        ; res[5]                                                    ; output ; 2.5 V        ;         ; Column I/O ; N               ; no       ; Off          ;
; AE23     ; 261        ; 4        ; RESERVED_INPUT_WITH_WEAK_PULLUP                           ;        ;              ;         ; Column I/O ;                 ; no       ; On           ;
; AE24     ; 256        ; 4        ; RESERVED_INPUT_WITH_WEAK_PULLUP                           ;        ;              ;         ; Column I/O ;                 ; no       ; On           ;
; AE25     ; 243        ; 4        ; src2[18]                                                  ; input  ; 2.5 V        ;         ; Column I/O ; N               ; no       ; Off          ;
; AE26     ; 278        ; 5        ; RESERVED_INPUT_WITH_WEAK_PULLUP                           ;        ;              ;         ; Row I/O    ;                 ; no       ; On           ;
; AE27     ; 284        ; 5        ; RESERVED_INPUT_WITH_WEAK_PULLUP                           ;        ;              ;         ; Row I/O    ;                 ; no       ; On           ;
; AE28     ; 283        ; 5        ; RESERVED_INPUT_WITH_WEAK_PULLUP                           ;        ;              ;         ; Row I/O    ;                 ; no       ; On           ;
; AF1      ;            ;          ; GND                                                       ; gnd    ;              ;         ; --         ;                 ; --       ; --           ;
; AF2      ; 123        ; 2        ; RESERVED_INPUT_WITH_WEAK_PULLUP                           ;        ;              ;         ; Row I/O    ;                 ; no       ; On           ;
; AF3      ; 138        ; 3        ; RESERVED_INPUT_WITH_WEAK_PULLUP                           ;        ;              ;         ; Column I/O ;                 ; no       ; On           ;
; AF4      ; 131        ; 3        ; RESERVED_INPUT_WITH_WEAK_PULLUP                           ;        ;              ;         ; Column I/O ;                 ; no       ; On           ;
; AF5      ; 136        ; 3        ; RESERVED_INPUT_WITH_WEAK_PULLUP                           ;        ;              ;         ; Column I/O ;                 ; no       ; On           ;
; AF6      ; 139        ; 3        ; RESERVED_INPUT_WITH_WEAK_PULLUP                           ;        ;              ;         ; Column I/O ;                 ; no       ; On           ;
; AF7      ; 159        ; 3        ; RESERVED_INPUT_WITH_WEAK_PULLUP                           ;        ;              ;         ; Column I/O ;                 ; no       ; On           ;
; AF8      ; 162        ; 3        ; RESERVED_INPUT_WITH_WEAK_PULLUP                           ;        ;              ;         ; Column I/O ;                 ; no       ; On           ;
; AF9      ; 160        ; 3        ; res[7]                                                    ; output ; 2.5 V        ;         ; Column I/O ; N               ; no       ; Off          ;
; AF10     ; 166        ; 3        ; src1[24]                                                  ; input  ; 2.5 V        ;         ; Column I/O ; N               ; no       ; Off          ;
; AF11     ; 172        ; 3        ; res[6]                                                    ; output ; 2.5 V        ;         ; Column I/O ; N               ; no       ; Off          ;
; AF12     ; 170        ; 3        ; res[22]                                                   ; output ; 2.5 V        ;         ; Column I/O ; N               ; no       ; Off          ;
; AF13     ; 178        ; 3        ; res[18]                                                   ; output ; 2.5 V        ;         ; Column I/O ; N               ; no       ; Off          ;
; AF14     ; 184        ; 3        ; src1[20]                                                  ; input  ; 2.5 V        ;         ; Column I/O ; N               ; no       ; Off          ;
; AF15     ; 206        ; 4        ; src2[2]                                                   ; input  ; 2.5 V        ;         ; Column I/O ; N               ; no       ; Off          ;
; AF16     ; 210        ; 4        ; res[2]                                                    ; output ; 2.5 V        ;         ; Column I/O ; N               ; no       ; Off          ;
; AF17     ; 216        ; 4        ; src2[1]                                                   ; input  ; 2.5 V        ;         ; Column I/O ; N               ; no       ; Off          ;
; AF18     ; 226        ; 4        ; src1[29]                                                  ; input  ; 2.5 V        ;         ; Column I/O ; N               ; no       ; Off          ;
; AF19     ; 232        ; 4        ; src2[11]                                                  ; input  ; 2.5 V        ;         ; Column I/O ; N               ; no       ; Off          ;
; AF20     ; 236        ; 4        ; src2[24]                                                  ; input  ; 2.5 V        ;         ; Column I/O ; N               ; no       ; Off          ;
; AF21     ; 239        ; 4        ; src2[15]                                                  ; input  ; 2.5 V        ;         ; Column I/O ; N               ; no       ; Off          ;
; AF22     ; 252        ; 4        ; src2[5]                                                   ; input  ; 2.5 V        ;         ; Column I/O ; N               ; no       ; Off          ;
; AF23     ; 262        ; 4        ; RESERVED_INPUT_WITH_WEAK_PULLUP                           ;        ;              ;         ; Column I/O ;                 ; no       ; On           ;
; AF24     ; 233        ; 4        ; src2[28]                                                  ; input  ; 2.5 V        ;         ; Column I/O ; N               ; no       ; Off          ;
; AF25     ; 234        ; 4        ; src1[4]                                                   ; input  ; 2.5 V        ;         ; Column I/O ; N               ; no       ; Off          ;
; AF26     ; 244        ; 4        ; src2[14]                                                  ; input  ; 2.5 V        ;         ; Column I/O ; N               ; no       ; Off          ;
; AF27     ; 277        ; 5        ; RESERVED_INPUT_WITH_WEAK_PULLUP                           ;        ;              ;         ; Row I/O    ;                 ; no       ; On           ;
; AF28     ;            ;          ; GND                                                       ; gnd    ;              ;         ; --         ;                 ; --       ; --           ;
; AG1      ;            ; 2        ; VCCIO2                                                    ; power  ;              ; 2.5V    ; --         ;                 ; --       ; --           ;
; AG2      ;            ;          ; GND                                                       ; gnd    ;              ;         ; --         ;                 ; --       ; --           ;
; AG3      ; 133        ; 3        ; RESERVED_INPUT_WITH_WEAK_PULLUP                           ;        ;              ;         ; Column I/O ;                 ; no       ; On           ;
; AG4      ; 141        ; 3        ; RESERVED_INPUT_WITH_WEAK_PULLUP                           ;        ;              ;         ; Column I/O ;                 ; no       ; On           ;
; AG5      ;            ;          ; GND                                                       ; gnd    ;              ;         ; --         ;                 ; --       ; --           ;
; AG6      ; 145        ; 3        ; RESERVED_INPUT_WITH_WEAK_PULLUP                           ;        ;              ;         ; Column I/O ;                 ; no       ; On           ;
; AG7      ; 150        ; 3        ; RESERVED_INPUT_WITH_WEAK_PULLUP                           ;        ;              ;         ; Column I/O ;                 ; no       ; On           ;
; AG8      ; 156        ; 3        ; res[24]                                                   ; output ; 2.5 V        ;         ; Column I/O ; N               ; no       ; Off          ;
; AG9      ;            ;          ; GND                                                       ; gnd    ;              ;         ; --         ;                 ; --       ; --           ;
; AG10     ; 167        ; 3        ; res[0]                                                    ; output ; 2.5 V        ;         ; Column I/O ; N               ; no       ; Off          ;
; AG11     ; 175        ; 3        ; res[27]                                                   ; output ; 2.5 V        ;         ; Column I/O ; N               ; no       ; Off          ;
; AG12     ; 193        ; 3        ; res[26]                                                   ; output ; 2.5 V        ;         ; Column I/O ; N               ; no       ; Off          ;
; AG13     ;            ;          ; GND                                                       ; gnd    ;              ;         ; --         ;                 ; --       ; --           ;
; AG14     ; 199        ; 3        ; GND+                                                      ;        ;              ;         ; Column I/O ;                 ; --       ; --           ;
; AG15     ; 201        ; 4        ; alu_op[0]                                                 ; input  ; 2.5 V        ;         ; Column I/O ; N               ; no       ; Off          ;
; AG16     ;            ;          ; GND                                                       ; gnd    ;              ;         ; --         ;                 ; --       ; --           ;
; AG17     ; 207        ; 4        ; alu_op[2]                                                 ; input  ; 2.5 V        ;         ; Column I/O ; N               ; no       ; Off          ;
; AG18     ; 217        ; 4        ; src1[18]                                                  ; input  ; 2.5 V        ;         ; Column I/O ; N               ; no       ; Off          ;
; AG19     ; 219        ; 4        ; src2[6]                                                   ; input  ; 2.5 V        ;         ; Column I/O ; N               ; no       ; Off          ;
; AG20     ;            ;          ; GND                                                       ; gnd    ;              ;         ; --         ;                 ; --       ; --           ;
; AG21     ; 223        ; 4        ; src2[0]                                                   ; input  ; 2.5 V        ;         ; Column I/O ; N               ; no       ; Off          ;
; AG22     ; 227        ; 4        ; src1[25]                                                  ; input  ; 2.5 V        ;         ; Column I/O ; N               ; no       ; Off          ;
; AG23     ; 229        ; 4        ; src2[29]                                                  ; input  ; 2.5 V        ;         ; Column I/O ; N               ; no       ; Off          ;
; AG24     ;            ;          ; GND                                                       ; gnd    ;              ;         ; --         ;                 ; --       ; --           ;
; AG25     ; 245        ; 4        ; RESERVED_INPUT_WITH_WEAK_PULLUP                           ;        ;              ;         ; Column I/O ;                 ; no       ; On           ;
; AG26     ; 270        ; 4        ; RESERVED_INPUT_WITH_WEAK_PULLUP                           ;        ;              ;         ; Column I/O ;                 ; no       ; On           ;
; AG27     ;            ;          ; GND                                                       ; gnd    ;              ;         ; --         ;                 ; --       ; --           ;
; AG28     ;            ; 5        ; VCCIO5                                                    ; power  ;              ; 2.5V    ; --         ;                 ; --       ; --           ;
; AH2      ;            ; 3        ; VCCIO3                                                    ; power  ;              ; 2.5V    ; --         ;                 ; --       ; --           ;
; AH3      ; 137        ; 3        ; RESERVED_INPUT_WITH_WEAK_PULLUP                           ;        ;              ;         ; Column I/O ;                 ; no       ; On           ;
; AH4      ; 142        ; 3        ; RESERVED_INPUT_WITH_WEAK_PULLUP                           ;        ;              ;         ; Column I/O ;                 ; no       ; On           ;
; AH5      ;            ; 3        ; VCCIO3                                                    ; power  ;              ; 2.5V    ; --         ;                 ; --       ; --           ;
; AH6      ; 146        ; 3        ; RESERVED_INPUT_WITH_WEAK_PULLUP                           ;        ;              ;         ; Column I/O ;                 ; no       ; On           ;
; AH7      ; 151        ; 3        ; RESERVED_INPUT_WITH_WEAK_PULLUP                           ;        ;              ;         ; Column I/O ;                 ; no       ; On           ;
; AH8      ; 157        ; 3        ; RESERVED_INPUT_WITH_WEAK_PULLUP                           ;        ;              ;         ; Column I/O ;                 ; no       ; On           ;
; AH9      ;            ; 3        ; VCCIO3                                                    ; power  ;              ; 2.5V    ; --         ;                 ; --       ; --           ;
; AH10     ; 168        ; 3        ; res[29]                                                   ; output ; 2.5 V        ;         ; Column I/O ; N               ; no       ; Off          ;
; AH11     ; 176        ; 3        ; src1[23]                                                  ; input  ; 2.5 V        ;         ; Column I/O ; N               ; no       ; Off          ;
; AH12     ; 194        ; 3        ; src1[10]                                                  ; input  ; 2.5 V        ;         ; Column I/O ; N               ; no       ; Off          ;
; AH13     ;            ; 3        ; VCCIO3                                                    ; power  ;              ; 2.5V    ; --         ;                 ; --       ; --           ;
; AH14     ; 200        ; 3        ; GND+                                                      ;        ;              ;         ; Column I/O ;                 ; --       ; --           ;
; AH15     ; 202        ; 4        ; src2[3]                                                   ; input  ; 2.5 V        ;         ; Column I/O ; N               ; no       ; Off          ;
; AH16     ;            ; 4        ; VCCIO4                                                    ; power  ;              ; 2.5V    ; --         ;                 ; --       ; --           ;
; AH17     ; 208        ; 4        ; src2[26]                                                  ; input  ; 2.5 V        ;         ; Column I/O ; N               ; no       ; Off          ;
; AH18     ; 218        ; 4        ; src2[13]                                                  ; input  ; 2.5 V        ;         ; Column I/O ; N               ; no       ; Off          ;
; AH19     ; 220        ; 4        ; src2[17]                                                  ; input  ; 2.5 V        ;         ; Column I/O ; N               ; no       ; Off          ;
; AH20     ;            ; 4        ; VCCIO4                                                    ; power  ;              ; 2.5V    ; --         ;                 ; --       ; --           ;
; AH21     ; 224        ; 4        ; src2[12]                                                  ; input  ; 2.5 V        ;         ; Column I/O ; N               ; no       ; Off          ;
; AH22     ; 228        ; 4        ; src2[25]                                                  ; input  ; 2.5 V        ;         ; Column I/O ; N               ; no       ; Off          ;
; AH23     ; 230        ; 4        ; src1[13]                                                  ; input  ; 2.5 V        ;         ; Column I/O ; N               ; no       ; Off          ;
; AH24     ;            ; 4        ; VCCIO4                                                    ; power  ;              ; 2.5V    ; --         ;                 ; --       ; --           ;
; AH25     ; 246        ; 4        ; RESERVED_INPUT_WITH_WEAK_PULLUP                           ;        ;              ;         ; Column I/O ;                 ; no       ; On           ;
; AH26     ; 271        ; 4        ; RESERVED_INPUT_WITH_WEAK_PULLUP                           ;        ;              ;         ; Column I/O ;                 ; no       ; On           ;
; AH27     ;            ; 4        ; VCCIO4                                                    ; power  ;              ; 2.5V    ; --         ;                 ; --       ; --           ;
; B1       ;            ; 1        ; VCCIO1                                                    ; power  ;              ; 2.5V    ; --         ;                 ; --       ; --           ;
; B2       ;            ;          ; GND                                                       ; gnd    ;              ;         ; --         ;                 ; --       ; --           ;
; B3       ; 534        ; 8        ; RESERVED_INPUT_WITH_WEAK_PULLUP                           ;        ;              ;         ; Column I/O ;                 ; no       ; On           ;
; B4       ; 533        ; 8        ; RESERVED_INPUT_WITH_WEAK_PULLUP                           ;        ;              ;         ; Column I/O ;                 ; no       ; On           ;
; B5       ;            ;          ; GND                                                       ; gnd    ;              ;         ; --         ;                 ; --       ; --           ;
; B6       ; 505        ; 8        ; RESERVED_INPUT_WITH_WEAK_PULLUP                           ;        ;              ;         ; Column I/O ;                 ; no       ; On           ;
; B7       ; 502        ; 8        ; RESERVED_INPUT_WITH_WEAK_PULLUP                           ;        ;              ;         ; Column I/O ;                 ; no       ; On           ;
; B8       ; 518        ; 8        ; RESERVED_INPUT_WITH_WEAK_PULLUP                           ;        ;              ;         ; Column I/O ;                 ; no       ; On           ;
; B9       ;            ;          ; GND                                                       ; gnd    ;              ;         ; --         ;                 ; --       ; --           ;
; B10      ; 492        ; 8        ; RESERVED_INPUT_WITH_WEAK_PULLUP                           ;        ;              ;         ; Column I/O ;                 ; no       ; On           ;
; B11      ; 488        ; 8        ; RESERVED_INPUT_WITH_WEAK_PULLUP                           ;        ;              ;         ; Column I/O ;                 ; no       ; On           ;
; B12      ;            ;          ; GND                                                       ; gnd    ;              ;         ; --         ;                 ; --       ; --           ;
; B13      ;            ;          ; GND                                                       ; gnd    ;              ;         ; --         ;                 ; --       ; --           ;
; B14      ; 473        ; 8        ; GND+                                                      ;        ;              ;         ; Column I/O ;                 ; --       ; --           ;
; B15      ; 471        ; 7        ; GND+                                                      ;        ;              ;         ; Column I/O ;                 ; --       ; --           ;
; B16      ;            ;          ; GND                                                       ; gnd    ;              ;         ; --         ;                 ; --       ; --           ;
; B17      ; 463        ; 7        ; res[23]                                                   ; output ; 2.5 V        ;         ; Column I/O ; N               ; no       ; Off          ;
; B18      ; 443        ; 7        ; RESERVED_INPUT_WITH_WEAK_PULLUP                           ;        ;              ;         ; Column I/O ;                 ; no       ; On           ;
; B19      ; 441        ; 7        ; RESERVED_INPUT_WITH_WEAK_PULLUP                           ;        ;              ;         ; Column I/O ;                 ; no       ; On           ;
; B20      ;            ;          ; GND                                                       ; gnd    ;              ;         ; --         ;                 ; --       ; --           ;
; B21      ; 426        ; 7        ; RESERVED_INPUT_WITH_WEAK_PULLUP                           ;        ;              ;         ; Column I/O ;                 ; no       ; On           ;
; B22      ; 424        ; 7        ; RESERVED_INPUT_WITH_WEAK_PULLUP                           ;        ;              ;         ; Column I/O ;                 ; no       ; On           ;
; B23      ; 413        ; 7        ; RESERVED_INPUT_WITH_WEAK_PULLUP                           ;        ;              ;         ; Column I/O ;                 ; no       ; On           ;
; B24      ;            ;          ; GND                                                       ; gnd    ;              ;         ; --         ;                 ; --       ; --           ;
; B25      ; 406        ; 7        ; RESERVED_INPUT_WITH_WEAK_PULLUP                           ;        ;              ;         ; Column I/O ;                 ; no       ; On           ;
; B26      ; 401        ; 7        ; RESERVED_INPUT_WITH_WEAK_PULLUP                           ;        ;              ;         ; Column I/O ;                 ; no       ; On           ;
; B27      ;            ;          ; GND                                                       ; gnd    ;              ;         ; --         ;                 ; --       ; --           ;
; B28      ;            ; 6        ; VCCIO6                                                    ; power  ;              ; 2.5V    ; --         ;                 ; --       ; --           ;
; C1       ;            ;          ; GND                                                       ; gnd    ;              ;         ; --         ;                 ; --       ; --           ;
; C2       ; 1          ; 1        ; RESERVED_INPUT_WITH_WEAK_PULLUP                           ;        ;              ;         ; Row I/O    ;                 ; no       ; On           ;
; C3       ; 543        ; 8        ; RESERVED_INPUT_WITH_WEAK_PULLUP                           ;        ;              ;         ; Column I/O ;                 ; no       ; On           ;
; C4       ; 539        ; 8        ; RESERVED_INPUT_WITH_WEAK_PULLUP                           ;        ;              ;         ; Column I/O ;                 ; no       ; On           ;
; C5       ; 538        ; 8        ; RESERVED_INPUT_WITH_WEAK_PULLUP                           ;        ;              ;         ; Column I/O ;                 ; no       ; On           ;
; C6       ; 536        ; 8        ; RESERVED_INPUT_WITH_WEAK_PULLUP                           ;        ;              ;         ; Column I/O ;                 ; no       ; On           ;
; C7       ; 521        ; 8        ; RESERVED_INPUT_WITH_WEAK_PULLUP                           ;        ;              ;         ; Column I/O ;                 ; no       ; On           ;
; C8       ; 519        ; 8        ; RESERVED_INPUT_WITH_WEAK_PULLUP                           ;        ;              ;         ; Column I/O ;                 ; no       ; On           ;
; C9       ; 510        ; 8        ; RESERVED_INPUT_WITH_WEAK_PULLUP                           ;        ;              ;         ; Column I/O ;                 ; no       ; On           ;
; C10      ; 495        ; 8        ; RESERVED_INPUT_WITH_WEAK_PULLUP                           ;        ;              ;         ; Column I/O ;                 ; no       ; On           ;
; C11      ; 508        ; 8        ; RESERVED_INPUT_WITH_WEAK_PULLUP                           ;        ;              ;         ; Column I/O ;                 ; no       ; On           ;
; C12      ; 478        ; 8        ; RESERVED_INPUT_WITH_WEAK_PULLUP                           ;        ;              ;         ; Column I/O ;                 ; no       ; On           ;
; C13      ; 474        ; 8        ; RESERVED_INPUT_WITH_WEAK_PULLUP                           ;        ;              ;         ; Column I/O ;                 ; no       ; On           ;
; C14      ; 476        ; 8        ; RESERVED_INPUT_WITH_WEAK_PULLUP                           ;        ;              ;         ; Column I/O ;                 ; no       ; On           ;
; C15      ; 468        ; 7        ; RESERVED_INPUT_WITH_WEAK_PULLUP                           ;        ;              ;         ; Column I/O ;                 ; no       ; On           ;
; C16      ; 460        ; 7        ; res[28]                                                   ; output ; 2.5 V        ;         ; Column I/O ; N               ; no       ; Off          ;
; C17      ; 438        ; 7        ; RESERVED_INPUT_WITH_WEAK_PULLUP                           ;        ;              ;         ; Column I/O ;                 ; no       ; On           ;
; C18      ; 429        ; 7        ; RESERVED_INPUT_WITH_WEAK_PULLUP                           ;        ;              ;         ; Column I/O ;                 ; no       ; On           ;
; C19      ; 435        ; 7        ; RESERVED_INPUT_WITH_WEAK_PULLUP                           ;        ;              ;         ; Column I/O ;                 ; no       ; On           ;
; C20      ; 431        ; 7        ; RESERVED_INPUT_WITH_WEAK_PULLUP                           ;        ;              ;         ; Column I/O ;                 ; no       ; On           ;
; C21      ; 422        ; 7        ; RESERVED_INPUT_WITH_WEAK_PULLUP                           ;        ;              ;         ; Column I/O ;                 ; no       ; On           ;
; C22      ; 418        ; 7        ; RESERVED_INPUT_WITH_WEAK_PULLUP                           ;        ;              ;         ; Column I/O ;                 ; no       ; On           ;
; C23      ; 415        ; 7        ; RESERVED_INPUT_WITH_WEAK_PULLUP                           ;        ;              ;         ; Column I/O ;                 ; no       ; On           ;
; C24      ; 416        ; 7        ; RESERVED_INPUT_WITH_WEAK_PULLUP                           ;        ;              ;         ; Column I/O ;                 ; no       ; On           ;
; C25      ; 411        ; 7        ; RESERVED_INPUT_WITH_WEAK_PULLUP                           ;        ;              ;         ; Column I/O ;                 ; no       ; On           ;
; C26      ; 400        ; 7        ; RESERVED_INPUT_WITH_WEAK_PULLUP                           ;        ;              ;         ; Column I/O ;                 ; no       ; On           ;
; C27      ; 382        ; 6        ; RESERVED_INPUT_WITH_WEAK_PULLUP                           ;        ;              ;         ; Row I/O    ;                 ; no       ; On           ;
; C28      ;            ;          ; GND                                                       ; gnd    ;              ;         ; --         ;                 ; --       ; --           ;
; D1       ; 3          ; 1        ; RESERVED_INPUT_WITH_WEAK_PULLUP                           ;        ;              ;         ; Row I/O    ;                 ; no       ; On           ;
; D2       ; 2          ; 1        ; RESERVED_INPUT_WITH_WEAK_PULLUP                           ;        ;              ;         ; Row I/O    ;                 ; no       ; On           ;
; D3       ;            ;          ; GND                                                       ; gnd    ;              ;         ; --         ;                 ; --       ; --           ;
; D4       ; 540        ; 8        ; RESERVED_INPUT_WITH_WEAK_PULLUP                           ;        ;              ;         ; Column I/O ;                 ; no       ; On           ;
; D5       ; 537        ; 8        ; RESERVED_INPUT_WITH_WEAK_PULLUP                           ;        ;              ;         ; Column I/O ;                 ; no       ; On           ;
; D6       ; 524        ; 8        ; RESERVED_INPUT_WITH_WEAK_PULLUP                           ;        ;              ;         ; Column I/O ;                 ; no       ; On           ;
; D7       ; 522        ; 8        ; RESERVED_INPUT_WITH_WEAK_PULLUP                           ;        ;              ;         ; Column I/O ;                 ; no       ; On           ;
; D8       ; 520        ; 8        ; RESERVED_INPUT_WITH_WEAK_PULLUP                           ;        ;              ;         ; Column I/O ;                 ; no       ; On           ;
; D9       ; 511        ; 8        ; RESERVED_INPUT_WITH_WEAK_PULLUP                           ;        ;              ;         ; Column I/O ;                 ; no       ; On           ;
; D10      ; 496        ; 8        ; RESERVED_INPUT_WITH_WEAK_PULLUP                           ;        ;              ;         ; Column I/O ;                 ; no       ; On           ;
; D11      ; 509        ; 8        ; RESERVED_INPUT_WITH_WEAK_PULLUP                           ;        ;              ;         ; Column I/O ;                 ; no       ; On           ;
; D12      ; 479        ; 8        ; RESERVED_INPUT_WITH_WEAK_PULLUP                           ;        ;              ;         ; Column I/O ;                 ; no       ; On           ;
; D13      ; 475        ; 8        ; RESERVED_INPUT_WITH_WEAK_PULLUP                           ;        ;              ;         ; Column I/O ;                 ; no       ; On           ;
; D14      ; 477        ; 8        ; RESERVED_INPUT_WITH_WEAK_PULLUP                           ;        ;              ;         ; Column I/O ;                 ; no       ; On           ;
; D15      ; 469        ; 7        ; res[30]                                                   ; output ; 2.5 V        ;         ; Column I/O ; N               ; no       ; Off          ;
; D16      ; 461        ; 7        ; res[12]                                                   ; output ; 2.5 V        ;         ; Column I/O ; N               ; no       ; Off          ;
; D17      ; 439        ; 7        ; RESERVED_INPUT_WITH_WEAK_PULLUP                           ;        ;              ;         ; Column I/O ;                 ; no       ; On           ;
; D18      ; 430        ; 7        ; RESERVED_INPUT_WITH_WEAK_PULLUP                           ;        ;              ;         ; Column I/O ;                 ; no       ; On           ;
; D19      ; 436        ; 7        ; RESERVED_INPUT_WITH_WEAK_PULLUP                           ;        ;              ;         ; Column I/O ;                 ; no       ; On           ;
; D20      ; 432        ; 7        ; RESERVED_INPUT_WITH_WEAK_PULLUP                           ;        ;              ;         ; Column I/O ;                 ; no       ; On           ;
; D21      ; 419        ; 7        ; RESERVED_INPUT_WITH_WEAK_PULLUP                           ;        ;              ;         ; Column I/O ;                 ; no       ; On           ;
; D22      ; 402        ; 7        ; RESERVED_INPUT_WITH_WEAK_PULLUP                           ;        ;              ;         ; Column I/O ;                 ; no       ; On           ;
; D23      ; 414        ; 7        ; RESERVED_INPUT_WITH_WEAK_PULLUP                           ;        ;              ;         ; Column I/O ;                 ; no       ; On           ;
; D24      ; 417        ; 7        ; RESERVED_INPUT_WITH_WEAK_PULLUP                           ;        ;              ;         ; Column I/O ;                 ; no       ; On           ;
; D25      ; 410        ; 7        ; RESERVED_INPUT_WITH_WEAK_PULLUP                           ;        ;              ;         ; Column I/O ;                 ; no       ; On           ;
; D26      ; 383        ; 6        ; RESERVED_INPUT_WITH_WEAK_PULLUP                           ;        ;              ;         ; Row I/O    ;                 ; no       ; On           ;
; D27      ; 381        ; 6        ; RESERVED_INPUT_WITH_WEAK_PULLUP                           ;        ;              ;         ; Row I/O    ;                 ; no       ; On           ;
; D28      ; 380        ; 6        ; RESERVED_INPUT_WITH_WEAK_PULLUP                           ;        ;              ;         ; Row I/O    ;                 ; no       ; On           ;
; E1       ; 17         ; 1        ; RESERVED_INPUT_WITH_WEAK_PULLUP                           ;        ;              ;         ; Row I/O    ;                 ; no       ; On           ;
; E2       ; 16         ; 1        ; ~ALTERA_FLASH_nCE_nCSO~ / RESERVED_INPUT_WITH_WEAK_PULLUP ; input  ; 2.5 V        ;         ; Row I/O    ; N               ; no       ; On           ;
; E3       ; 7          ; 1        ; RESERVED_INPUT_WITH_WEAK_PULLUP                           ;        ;              ;         ; Row I/O    ;                 ; no       ; On           ;
; E4       ; 541        ; 8        ; RESERVED_INPUT_WITH_WEAK_PULLUP                           ;        ;              ;         ; Column I/O ;                 ; no       ; On           ;
; E5       ; 542        ; 8        ; RESERVED_INPUT_WITH_WEAK_PULLUP                           ;        ;              ;         ; Column I/O ;                 ; no       ; On           ;
; E6       ;            ; 8        ; VCCIO8                                                    ; power  ;              ; 2.5V    ; --         ;                 ; --       ; --           ;
; E7       ; 523        ; 8        ; RESERVED_INPUT_WITH_WEAK_PULLUP                           ;        ;              ;         ; Column I/O ;                 ; no       ; On           ;
; E8       ; 526        ; 8        ; RESERVED_INPUT_WITH_WEAK_PULLUP                           ;        ;              ;         ; Column I/O ;                 ; no       ; On           ;
; E9       ;            ; 8        ; VCCIO8                                                    ; power  ;              ; 2.5V    ; --         ;                 ; --       ; --           ;
; E10      ; 516        ; 8        ; RESERVED_INPUT_WITH_WEAK_PULLUP                           ;        ;              ;         ; Column I/O ;                 ; no       ; On           ;
; E11      ; 499        ; 8        ; RESERVED_INPUT_WITH_WEAK_PULLUP                           ;        ;              ;         ; Column I/O ;                 ; no       ; On           ;
; E12      ; 497        ; 8        ; RESERVED_INPUT_WITH_WEAK_PULLUP                           ;        ;              ;         ; Column I/O ;                 ; no       ; On           ;
; E13      ;            ; 8        ; VCCIO8                                                    ; power  ;              ; 2.5V    ; --         ;                 ; --       ; --           ;
; E14      ; 486        ; 8        ; RESERVED_INPUT_WITH_WEAK_PULLUP                           ;        ;              ;         ; Column I/O ;                 ; no       ; On           ;
; E15      ; 467        ; 7        ; res[31]                                                   ; output ; 2.5 V        ;         ; Column I/O ; N               ; no       ; Off          ;
; E16      ;            ; 7        ; VCCIO7                                                    ; power  ;              ; 2.5V    ; --         ;                 ; --       ; --           ;
; E17      ; 456        ; 7        ; RESERVED_INPUT_WITH_WEAK_PULLUP                           ;        ;              ;         ; Column I/O ;                 ; no       ; On           ;
; E18      ; 427        ; 7        ; RESERVED_INPUT_WITH_WEAK_PULLUP                           ;        ;              ;         ; Column I/O ;                 ; no       ; On           ;
; E19      ; 421        ; 7        ; RESERVED_INPUT_WITH_WEAK_PULLUP                           ;        ;              ;         ; Column I/O ;                 ; no       ; On           ;
; E20      ;            ; 7        ; VCCIO7                                                    ; power  ;              ; 2.5V    ; --         ;                 ; --       ; --           ;
; E21      ; 407        ; 7        ; RESERVED_INPUT_WITH_WEAK_PULLUP                           ;        ;              ;         ; Column I/O ;                 ; no       ; On           ;
; E22      ; 403        ; 7        ; RESERVED_INPUT_WITH_WEAK_PULLUP                           ;        ;              ;         ; Column I/O ;                 ; no       ; On           ;
; E23      ;            ; 7        ; VCCIO7                                                    ; power  ;              ; 2.5V    ; --         ;                 ; --       ; --           ;
; E24      ; 433        ; 7        ; RESERVED_INPUT_WITH_WEAK_PULLUP                           ;        ;              ;         ; Column I/O ;                 ; no       ; On           ;
; E25      ; 434        ; 7        ; RESERVED_INPUT_WITH_WEAK_PULLUP                           ;        ;              ;         ; Column I/O ;                 ; no       ; On           ;
; E26      ; 378        ; 6        ; RESERVED_INPUT_WITH_WEAK_PULLUP                           ;        ;              ;         ; Row I/O    ;                 ; no       ; On           ;
; E27      ; 375        ; 6        ; RESERVED_INPUT_WITH_WEAK_PULLUP                           ;        ;              ;         ; Row I/O    ;                 ; no       ; On           ;
; E28      ; 374        ; 6        ; RESERVED_INPUT_WITH_WEAK_PULLUP                           ;        ;              ;         ; Row I/O    ;                 ; no       ; On           ;
; F1       ; 19         ; 1        ; RESERVED_INPUT_WITH_WEAK_PULLUP                           ;        ;              ;         ; Row I/O    ;                 ; no       ; On           ;
; F2       ; 18         ; 1        ; RESERVED_INPUT_WITH_WEAK_PULLUP                           ;        ;              ;         ; Row I/O    ;                 ; no       ; On           ;
; F3       ; 8          ; 1        ; RESERVED_INPUT_WITH_WEAK_PULLUP                           ;        ;              ;         ; Row I/O    ;                 ; no       ; On           ;
; F4       ; 10         ; 1        ; ~ALTERA_ASDO_DATA1~ / RESERVED_INPUT_WITH_WEAK_PULLUP     ; input  ; 2.5 V        ;         ; Row I/O    ; N               ; no       ; On           ;
; F5       ; 9          ; 1        ; RESERVED_INPUT_WITH_WEAK_PULLUP                           ;        ;              ;         ; Row I/O    ;                 ; no       ; On           ;
; F6       ;            ;          ; GND                                                       ; gnd    ;              ;         ; --         ;                 ; --       ; --           ;
; F7       ; 531        ; 8        ; RESERVED_INPUT_WITH_WEAK_PULLUP                           ;        ;              ;         ; Column I/O ;                 ; no       ; On           ;
; F8       ; 527        ; 8        ; RESERVED_INPUT_WITH_WEAK_PULLUP                           ;        ;              ;         ; Column I/O ;                 ; no       ; On           ;
; F9       ;            ;          ; GND                                                       ; gnd    ;              ;         ; --         ;                 ; --       ; --           ;
; F10      ; 512        ; 8        ; RESERVED_INPUT_WITH_WEAK_PULLUP                           ;        ;              ;         ; Column I/O ;                 ; no       ; On           ;
; F11      ; 500        ; 8        ; RESERVED_INPUT_WITH_WEAK_PULLUP                           ;        ;              ;         ; Column I/O ;                 ; no       ; On           ;
; F12      ; 498        ; 8        ; RESERVED_INPUT_WITH_WEAK_PULLUP                           ;        ;              ;         ; Column I/O ;                 ; no       ; On           ;
; F13      ;            ;          ; GND                                                       ; gnd    ;              ;         ; --         ;                 ; --       ; --           ;
; F14      ; 485        ; 8        ; RESERVED_INPUT_WITH_WEAK_PULLUP                           ;        ;              ;         ; Column I/O ;                 ; no       ; On           ;
; F15      ; 466        ; 7        ; RESERVED_INPUT_WITH_WEAK_PULLUP                           ;        ;              ;         ; Column I/O ;                 ; no       ; On           ;
; F16      ;            ;          ; GND                                                       ; gnd    ;              ;         ; --         ;                 ; --       ; --           ;
; F17      ; 455        ; 7        ; RESERVED_INPUT_WITH_WEAK_PULLUP                           ;        ;              ;         ; Column I/O ;                 ; no       ; On           ;
; F18      ; 428        ; 7        ; RESERVED_INPUT_WITH_WEAK_PULLUP                           ;        ;              ;         ; Column I/O ;                 ; no       ; On           ;
; F19      ; 420        ; 7        ; RESERVED_INPUT_WITH_WEAK_PULLUP                           ;        ;              ;         ; Column I/O ;                 ; no       ; On           ;
; F20      ;            ;          ; GND                                                       ; gnd    ;              ;         ; --         ;                 ; --       ; --           ;
; F21      ; 408        ; 7        ; RESERVED_INPUT_WITH_WEAK_PULLUP                           ;        ;              ;         ; Column I/O ;                 ; no       ; On           ;
; F22      ; 409        ; 7        ; RESERVED_INPUT_WITH_WEAK_PULLUP                           ;        ;              ;         ; Column I/O ;                 ; --       ; --           ;
; F23      ;            ;          ; GND                                                       ; gnd    ;              ;         ; --         ;                 ; --       ; --           ;
; F24      ; 396        ; 6        ; RESERVED_INPUT_WITH_WEAK_PULLUP                           ;        ;              ;         ; Row I/O    ;                 ; no       ; On           ;
; F25      ; 395        ; 6        ; RESERVED_INPUT_WITH_WEAK_PULLUP                           ;        ;              ;         ; Row I/O    ;                 ; no       ; On           ;
; F26      ; 379        ; 6        ; RESERVED_INPUT_WITH_WEAK_PULLUP                           ;        ;              ;         ; Row I/O    ;                 ; no       ; On           ;
; F27      ; 373        ; 6        ; RESERVED_INPUT_WITH_WEAK_PULLUP                           ;        ;              ;         ; Row I/O    ;                 ; no       ; On           ;
; F28      ; 372        ; 6        ; RESERVED_INPUT_WITH_WEAK_PULLUP                           ;        ;              ;         ; Row I/O    ;                 ; no       ; On           ;
; G1       ; 26         ; 1        ; RESERVED_INPUT_WITH_WEAK_PULLUP                           ;        ;              ;         ; Row I/O    ;                 ; no       ; On           ;
; G2       ; 25         ; 1        ; RESERVED_INPUT_WITH_WEAK_PULLUP                           ;        ;              ;         ; Row I/O    ;                 ; no       ; On           ;
; G3       ; 13         ; 1        ; RESERVED_INPUT_WITH_WEAK_PULLUP                           ;        ;              ;         ; Row I/O    ;                 ; no       ; On           ;
; G4       ; 12         ; 1        ; RESERVED_INPUT_WITH_WEAK_PULLUP                           ;        ;              ;         ; Row I/O    ;                 ; no       ; On           ;
; G5       ; 6          ; 1        ; RESERVED_INPUT_WITH_WEAK_PULLUP                           ;        ;              ;         ; Row I/O    ;                 ; no       ; On           ;
; G6       ; 5          ; 1        ; RESERVED_INPUT_WITH_WEAK_PULLUP                           ;        ;              ;         ; Row I/O    ;                 ; no       ; On           ;
; G7       ; 530        ; 8        ; RESERVED_INPUT_WITH_WEAK_PULLUP                           ;        ;              ;         ; Column I/O ;                 ; no       ; On           ;
; G8       ; 528        ; 8        ; RESERVED_INPUT_WITH_WEAK_PULLUP                           ;        ;              ;         ; Column I/O ;                 ; no       ; On           ;
; G9       ; 525        ; 8        ; RESERVED_INPUT_WITH_WEAK_PULLUP                           ;        ;              ;         ; Column I/O ;                 ; --       ; --           ;
; G10      ; 513        ; 8        ; RESERVED_INPUT_WITH_WEAK_PULLUP                           ;        ;              ;         ; Column I/O ;                 ; no       ; On           ;
; G11      ; 506        ; 8        ; RESERVED_INPUT_WITH_WEAK_PULLUP                           ;        ;              ;         ; Column I/O ;                 ; no       ; On           ;
; G12      ; 503        ; 8        ; RESERVED_INPUT_WITH_WEAK_PULLUP                           ;        ;              ;         ; Column I/O ;                 ; --       ; --           ;
; G13      ; 493        ; 8        ; RESERVED_INPUT_WITH_WEAK_PULLUP                           ;        ;              ;         ; Column I/O ;                 ; no       ; On           ;
; G14      ; 484        ; 8        ; RESERVED_INPUT_WITH_WEAK_PULLUP                           ;        ;              ;         ; Column I/O ;                 ; --       ; --           ;
; G15      ; 457        ; 7        ; res[13]                                                   ; output ; 2.5 V        ;         ; Column I/O ; N               ; no       ; Off          ;
; G16      ; 453        ; 7        ; overflow                                                  ; output ; 2.5 V        ;         ; Column I/O ; N               ; no       ; Off          ;
; G17      ; 437        ; 7        ; RESERVED_INPUT_WITH_WEAK_PULLUP                           ;        ;              ;         ; Column I/O ;                 ; --       ; --           ;
; G18      ; 452        ; 7        ; src2[22]                                                  ; input  ; 2.5 V        ;         ; Column I/O ; N               ; no       ; Off          ;
; G19      ; 451        ; 7        ; res[3]                                                    ; output ; 2.5 V        ;         ; Column I/O ; N               ; no       ; Off          ;
; G20      ; 444        ; 7        ; RESERVED_INPUT_WITH_WEAK_PULLUP                           ;        ;              ;         ; Column I/O ;                 ; no       ; On           ;
; G21      ; 445        ; 7        ; RESERVED_INPUT_WITH_WEAK_PULLUP                           ;        ;              ;         ; Column I/O ;                 ; no       ; On           ;
; G22      ; 449        ; 7        ; RESERVED_INPUT_WITH_WEAK_PULLUP                           ;        ;              ;         ; Column I/O ;                 ; no       ; On           ;
; G23      ; 398        ; 6        ; RESERVED_INPUT_WITH_WEAK_PULLUP                           ;        ;              ;         ; Row I/O    ;                 ; no       ; On           ;
; G24      ; 397        ; 6        ; RESERVED_INPUT_WITH_WEAK_PULLUP                           ;        ;              ;         ; Row I/O    ;                 ; no       ; On           ;
; G25      ; 393        ; 6        ; RESERVED_INPUT_WITH_WEAK_PULLUP                           ;        ;              ;         ; Row I/O    ;                 ; no       ; On           ;
; G26      ; 392        ; 6        ; RESERVED_INPUT_WITH_WEAK_PULLUP                           ;        ;              ;         ; Row I/O    ;                 ; no       ; On           ;
; G27      ; 367        ; 6        ; RESERVED_INPUT_WITH_WEAK_PULLUP                           ;        ;              ;         ; Row I/O    ;                 ; no       ; On           ;
; G28      ; 366        ; 6        ; RESERVED_INPUT_WITH_WEAK_PULLUP                           ;        ;              ;         ; Row I/O    ;                 ; no       ; On           ;
; H1       ;            ; 1        ; VCCIO1                                                    ; power  ;              ; 2.5V    ; --         ;                 ; --       ; --           ;
; H2       ;            ;          ; GND                                                       ; gnd    ;              ;         ; --         ;                 ; --       ; --           ;
; H3       ; 15         ; 1        ; RESERVED_INPUT_WITH_WEAK_PULLUP                           ;        ;              ;         ; Row I/O    ;                 ; no       ; On           ;
; H4       ; 14         ; 1        ; RESERVED_INPUT_WITH_WEAK_PULLUP                           ;        ;              ;         ; Row I/O    ;                 ; no       ; On           ;
; H5       ; 20         ; 1        ; RESERVED_INPUT_WITH_WEAK_PULLUP                           ;        ;              ;         ; Row I/O    ;                 ; no       ; On           ;
; H6       ; 11         ; 1        ; RESERVED_INPUT_WITH_WEAK_PULLUP                           ;        ;              ;         ; Row I/O    ;                 ; no       ; On           ;
; H7       ; 4          ; 1        ; RESERVED_INPUT_WITH_WEAK_PULLUP                           ;        ;              ;         ; Row I/O    ;                 ; --       ; --           ;
; H8       ; 529        ; 8        ; RESERVED_INPUT_WITH_WEAK_PULLUP                           ;        ;              ;         ; Column I/O ;                 ; no       ; On           ;
; H9       ;            ;          ; GNDA3                                                     ; gnd    ;              ;         ; --         ;                 ; --       ; --           ;
; H10      ; 514        ; 8        ; RESERVED_INPUT_WITH_WEAK_PULLUP                           ;        ;              ;         ; Column I/O ;                 ; no       ; On           ;
; H11      ;            ; 8        ; VCCIO8                                                    ; power  ;              ; 2.5V    ; --         ;                 ; --       ; --           ;
; H12      ; 507        ; 8        ; RESERVED_INPUT_WITH_WEAK_PULLUP                           ;        ;              ;         ; Column I/O ;                 ; no       ; On           ;
; H13      ; 494        ; 8        ; RESERVED_INPUT_WITH_WEAK_PULLUP                           ;        ;              ;         ; Column I/O ;                 ; no       ; On           ;
; H14      ; 480        ; 8        ; RESERVED_INPUT_WITH_WEAK_PULLUP                           ;        ;              ;         ; Column I/O ;                 ; no       ; On           ;
; H15      ; 464        ; 7        ; res[16]                                                   ; output ; 2.5 V        ;         ; Column I/O ; N               ; no       ; Off          ;
; H16      ; 459        ; 7        ; RESERVED_INPUT_WITH_WEAK_PULLUP                           ;        ;              ;         ; Column I/O ;                 ; no       ; On           ;
; H17      ; 454        ; 7        ; RESERVED_INPUT_WITH_WEAK_PULLUP                           ;        ;              ;         ; Column I/O ;                 ; no       ; On           ;
; H18      ;            ; 7        ; VCCIO7                                                    ; power  ;              ; 2.5V    ; --         ;                 ; --       ; --           ;
; H19      ; 446        ; 7        ; RESERVED_INPUT_WITH_WEAK_PULLUP                           ;        ;              ;         ; Column I/O ;                 ; no       ; On           ;
; H20      ;            ;          ; GNDA2                                                     ; gnd    ;              ;         ; --         ;                 ; --       ; --           ;
; H21      ; 448        ; 7        ; RESERVED_INPUT_WITH_WEAK_PULLUP                           ;        ;              ;         ; Column I/O ;                 ; no       ; On           ;
; H22      ; 399        ; 6        ; RESERVED_INPUT_WITH_WEAK_PULLUP                           ;        ;              ;         ; Row I/O    ;                 ; no       ; On           ;
; H23      ; 391        ; 6        ; RESERVED_INPUT_WITH_WEAK_PULLUP                           ;        ;              ;         ; Row I/O    ;                 ; no       ; On           ;
; H24      ; 390        ; 6        ; RESERVED_INPUT_WITH_WEAK_PULLUP                           ;        ;              ;         ; Row I/O    ;                 ; no       ; On           ;
; H25      ; 377        ; 6        ; RESERVED_INPUT_WITH_WEAK_PULLUP                           ;        ;              ;         ; Row I/O    ;                 ; no       ; On           ;
; H26      ; 376        ; 6        ; RESERVED_INPUT_WITH_WEAK_PULLUP                           ;        ;              ;         ; Row I/O    ;                 ; no       ; On           ;
; H27      ;            ;          ; GND                                                       ; gnd    ;              ;         ; --         ;                 ; --       ; --           ;
; H28      ;            ; 6        ; VCCIO6                                                    ; power  ;              ; 2.5V    ; --         ;                 ; --       ; --           ;
; J1       ; 64         ; 1        ; GND+                                                      ;        ;              ;         ; Row I/O    ;                 ; --       ; --           ;
; J2       ;            ;          ; GND                                                       ; gnd    ;              ;         ; --         ;                 ; --       ; --           ;
; J3       ; 23         ; 1        ; RESERVED_INPUT_WITH_WEAK_PULLUP                           ;        ;              ;         ; Row I/O    ;                 ; no       ; On           ;
; J4       ; 22         ; 1        ; RESERVED_INPUT_WITH_WEAK_PULLUP                           ;        ;              ;         ; Row I/O    ;                 ; no       ; On           ;
; J5       ; 36         ; 1        ; RESERVED_INPUT_WITH_WEAK_PULLUP                           ;        ;              ;         ; Row I/O    ;                 ; no       ; On           ;
; J6       ; 35         ; 1        ; RESERVED_INPUT_WITH_WEAK_PULLUP                           ;        ;              ;         ; Row I/O    ;                 ; no       ; On           ;
; J7       ; 37         ; 1        ; RESERVED_INPUT_WITH_WEAK_PULLUP                           ;        ;              ;         ; Row I/O    ;                 ; no       ; On           ;
; J8       ;            ; --       ; VCCA3                                                     ; power  ;              ; 2.5V    ; --         ;                 ; --       ; --           ;
; J9       ;            ;          ; VCCD_PLL3                                                 ; power  ;              ; 1.2V    ; --         ;                 ; --       ; --           ;
; J10      ; 515        ; 8        ; RESERVED_INPUT_WITH_WEAK_PULLUP                           ;        ;              ;         ; Column I/O ;                 ; no       ; On           ;
; J11      ;            ;          ; GND                                                       ; gnd    ;              ;         ; --         ;                 ; --       ; --           ;
; J12      ; 490        ; 8        ; RESERVED_INPUT_WITH_WEAK_PULLUP                           ;        ;              ;         ; Column I/O ;                 ; no       ; On           ;
; J13      ; 489        ; 8        ; RESERVED_INPUT_WITH_WEAK_PULLUP                           ;        ;              ;         ; Column I/O ;                 ; no       ; On           ;
; J14      ; 481        ; 8        ; RESERVED_INPUT_WITH_WEAK_PULLUP                           ;        ;              ;         ; Column I/O ;                 ; no       ; On           ;
; J15      ; 465        ; 7        ; src1[27]                                                  ; input  ; 2.5 V        ;         ; Column I/O ; N               ; no       ; Off          ;
; J16      ; 458        ; 7        ; res[9]                                                    ; output ; 2.5 V        ;         ; Column I/O ; N               ; no       ; Off          ;
; J17      ; 450        ; 7        ; RESERVED_INPUT_WITH_WEAK_PULLUP                           ;        ;              ;         ; Column I/O ;                 ; no       ; On           ;
; J18      ;            ;          ; GND                                                       ; gnd    ;              ;         ; --         ;                 ; --       ; --           ;
; J19      ; 447        ; 7        ; RESERVED_INPUT_WITH_WEAK_PULLUP                           ;        ;              ;         ; Column I/O ;                 ; no       ; On           ;
; J20      ;            ;          ; VCCD_PLL2                                                 ; power  ;              ; 1.2V    ; --         ;                 ; --       ; --           ;
; J21      ;            ; --       ; VCCA2                                                     ; power  ;              ; 2.5V    ; --         ;                 ; --       ; --           ;
; J22      ; 394        ; 6        ; RESERVED_INPUT_WITH_WEAK_PULLUP                           ;        ;              ;         ; Row I/O    ;                 ; --       ; --           ;
; J23      ; 387        ; 6        ; RESERVED_INPUT_WITH_WEAK_PULLUP                           ;        ;              ;         ; Row I/O    ;                 ; no       ; On           ;
; J24      ; 386        ; 6        ; RESERVED_INPUT_WITH_WEAK_PULLUP                           ;        ;              ;         ; Row I/O    ;                 ; no       ; On           ;
; J25      ; 365        ; 6        ; RESERVED_INPUT_WITH_WEAK_PULLUP                           ;        ;              ;         ; Row I/O    ;                 ; no       ; On           ;
; J26      ; 364        ; 6        ; RESERVED_INPUT_WITH_WEAK_PULLUP                           ;        ;              ;         ; Row I/O    ;                 ; no       ; On           ;
; J27      ; 338        ; 6        ; GND+                                                      ;        ;              ;         ; Row I/O    ;                 ; --       ; --           ;
; J28      ; 337        ; 6        ; GND+                                                      ;        ;              ;         ; Row I/O    ;                 ; --       ; --           ;
; K1       ; 28         ; 1        ; RESERVED_INPUT_WITH_WEAK_PULLUP                           ;        ;              ;         ; Row I/O    ;                 ; no       ; On           ;
; K2       ; 27         ; 1        ; RESERVED_INPUT_WITH_WEAK_PULLUP                           ;        ;              ;         ; Row I/O    ;                 ; no       ; On           ;
; K3       ; 30         ; 1        ; RESERVED_INPUT_WITH_WEAK_PULLUP                           ;        ;              ;         ; Row I/O    ;                 ; no       ; On           ;
; K4       ; 29         ; 1        ; RESERVED_INPUT_WITH_WEAK_PULLUP                           ;        ;              ;         ; Row I/O    ;                 ; no       ; On           ;
; K5       ;            ; 1        ; VCCIO1                                                    ; power  ;              ; 2.5V    ; --         ;                 ; --       ; --           ;
; K6       ;            ;          ; GND                                                       ; gnd    ;              ;         ; --         ;                 ; --       ; --           ;
; K7       ; 38         ; 1        ; RESERVED_INPUT_WITH_WEAK_PULLUP                           ;        ;              ;         ; Row I/O    ;                 ; no       ; On           ;
; K8       ; 39         ; 1        ; RESERVED_INPUT_WITH_WEAK_PULLUP                           ;        ;              ;         ; Row I/O    ;                 ; no       ; On           ;
; K9       ;            ;          ; VCCINT                                                    ; power  ;              ; 1.2V    ; --         ;                 ; --       ; --           ;
; K10      ;            ;          ; GND                                                       ; gnd    ;              ;         ; --         ;                 ; --       ; --           ;
; K11      ;            ;          ; VCCINT                                                    ; power  ;              ; 1.2V    ; --         ;                 ; --       ; --           ;
; K12      ;            ;          ; GND                                                       ; gnd    ;              ;         ; --         ;                 ; --       ; --           ;
; K13      ;            ;          ; VCCINT                                                    ; power  ;              ; 1.2V    ; --         ;                 ; --       ; --           ;
; K14      ;            ;          ; GND                                                       ; gnd    ;              ;         ; --         ;                 ; --       ; --           ;
; K15      ;            ;          ; VCCINT                                                    ; power  ;              ; 1.2V    ; --         ;                 ; --       ; --           ;
; K16      ;            ;          ; GND                                                       ; gnd    ;              ;         ; --         ;                 ; --       ; --           ;
; K17      ;            ;          ; VCCINT                                                    ; power  ;              ; 1.2V    ; --         ;                 ; --       ; --           ;
; K18      ;            ;          ; GND                                                       ; gnd    ;              ;         ; --         ;                 ; --       ; --           ;
; K19      ;            ;          ; VCCINT                                                    ; power  ;              ; 1.2V    ; --         ;                 ; --       ; --           ;
; K20      ;            ;          ; GND                                                       ; gnd    ;              ;         ; --         ;                 ; --       ; --           ;
; K21      ; 389        ; 6        ; RESERVED_INPUT_WITH_WEAK_PULLUP                           ;        ;              ;         ; Row I/O    ;                 ; no       ; On           ;
; K22      ; 388        ; 6        ; RESERVED_INPUT_WITH_WEAK_PULLUP                           ;        ;              ;         ; Row I/O    ;                 ; no       ; On           ;
; K23      ;            ;          ; GND                                                       ; gnd    ;              ;         ; --         ;                 ; --       ; --           ;
; K24      ;            ; 6        ; VCCIO6                                                    ; power  ;              ; 2.5V    ; --         ;                 ; --       ; --           ;
; K25      ; 371        ; 6        ; RESERVED_INPUT_WITH_WEAK_PULLUP                           ;        ;              ;         ; Row I/O    ;                 ; no       ; On           ;
; K26      ; 370        ; 6        ; RESERVED_INPUT_WITH_WEAK_PULLUP                           ;        ;              ;         ; Row I/O    ;                 ; no       ; On           ;
; K27      ; 362        ; 6        ; RESERVED_INPUT_WITH_WEAK_PULLUP                           ;        ;              ;         ; Row I/O    ;                 ; no       ; On           ;
; K28      ; 361        ; 6        ; RESERVED_INPUT_WITH_WEAK_PULLUP                           ;        ;              ;         ; Row I/O    ;                 ; no       ; On           ;
; L1       ; 49         ; 1        ; RESERVED_INPUT_WITH_WEAK_PULLUP                           ;        ;              ;         ; Row I/O    ;                 ; no       ; On           ;
; L2       ; 48         ; 1        ; RESERVED_INPUT_WITH_WEAK_PULLUP                           ;        ;              ;         ; Row I/O    ;                 ; no       ; On           ;
; L3       ; 32         ; 1        ; RESERVED_INPUT_WITH_WEAK_PULLUP                           ;        ;              ;         ; Row I/O    ;                 ; no       ; On           ;
; L4       ; 31         ; 1        ; RESERVED_INPUT_WITH_WEAK_PULLUP                           ;        ;              ;         ; Row I/O    ;                 ; no       ; On           ;
; L5       ; 21         ; 1        ; RESERVED_INPUT_WITH_WEAK_PULLUP                           ;        ;              ;         ; Row I/O    ;                 ; --       ; --           ;
; L6       ; 43         ; 1        ; RESERVED_INPUT_WITH_WEAK_PULLUP                           ;        ;              ;         ; Row I/O    ;                 ; no       ; On           ;
; L7       ; 42         ; 1        ; RESERVED_INPUT_WITH_WEAK_PULLUP                           ;        ;              ;         ; Row I/O    ;                 ; no       ; On           ;
; L8       ; 40         ; 1        ; RESERVED_INPUT_WITH_WEAK_PULLUP                           ;        ;              ;         ; Row I/O    ;                 ; no       ; On           ;
; L9       ;            ;          ; GND                                                       ; gnd    ;              ;         ; --         ;                 ; --       ; --           ;
; L10      ;            ;          ; VCCINT                                                    ; power  ;              ; 1.2V    ; --         ;                 ; --       ; --           ;
; L11      ;            ;          ; GND                                                       ; gnd    ;              ;         ; --         ;                 ; --       ; --           ;
; L12      ;            ;          ; VCCINT                                                    ; power  ;              ; 1.2V    ; --         ;                 ; --       ; --           ;
; L13      ;            ;          ; GND                                                       ; gnd    ;              ;         ; --         ;                 ; --       ; --           ;
; L14      ;            ;          ; VCCINT                                                    ; power  ;              ; 1.2V    ; --         ;                 ; --       ; --           ;
; L15      ;            ;          ; GND                                                       ; gnd    ;              ;         ; --         ;                 ; --       ; --           ;
; L16      ;            ;          ; VCCINT                                                    ; power  ;              ; 1.2V    ; --         ;                 ; --       ; --           ;
; L17      ;            ;          ; GND                                                       ; gnd    ;              ;         ; --         ;                 ; --       ; --           ;
; L18      ;            ;          ; VCCINT                                                    ; power  ;              ; 1.2V    ; --         ;                 ; --       ; --           ;
; L19      ;            ;          ; GND                                                       ; gnd    ;              ;         ; --         ;                 ; --       ; --           ;
; L20      ;            ;          ; VCCINT                                                    ; power  ;              ; 1.2V    ; --         ;                 ; --       ; --           ;
; L21      ; 385        ; 6        ; RESERVED_INPUT_WITH_WEAK_PULLUP                           ;        ;              ;         ; Row I/O    ;                 ; no       ; On           ;
; L22      ; 384        ; 6        ; RESERVED_INPUT_WITH_WEAK_PULLUP                           ;        ;              ;         ; Row I/O    ;                 ; no       ; On           ;
; L23      ; 360        ; 6        ; RESERVED_INPUT_WITH_WEAK_PULLUP                           ;        ;              ;         ; Row I/O    ;                 ; no       ; On           ;
; L24      ; 359        ; 6        ; RESERVED_INPUT_WITH_WEAK_PULLUP                           ;        ;              ;         ; Row I/O    ;                 ; no       ; On           ;
; L25      ; 369        ; 6        ; RESERVED_INPUT_WITH_WEAK_PULLUP                           ;        ;              ;         ; Row I/O    ;                 ; no       ; On           ;
; L26      ; 363        ; 6        ; RESERVED_INPUT_WITH_WEAK_PULLUP                           ;        ;              ;         ; Row I/O    ;                 ; no       ; On           ;
; L27      ; 358        ; 6        ; RESERVED_INPUT_WITH_WEAK_PULLUP                           ;        ;              ;         ; Row I/O    ;                 ; no       ; On           ;
; L28      ; 357        ; 6        ; RESERVED_INPUT_WITH_WEAK_PULLUP                           ;        ;              ;         ; Row I/O    ;                 ; no       ; On           ;
; M1       ; 51         ; 1        ; RESERVED_INPUT_WITH_WEAK_PULLUP                           ;        ;              ;         ; Row I/O    ;                 ; no       ; On           ;
; M2       ; 50         ; 1        ; RESERVED_INPUT_WITH_WEAK_PULLUP                           ;        ;              ;         ; Row I/O    ;                 ; no       ; On           ;
; M3       ; 34         ; 1        ; RESERVED_INPUT_WITH_WEAK_PULLUP                           ;        ;              ;         ; Row I/O    ;                 ; no       ; On           ;
; M4       ; 33         ; 1        ; RESERVED_INPUT_WITH_WEAK_PULLUP                           ;        ;              ;         ; Row I/O    ;                 ; no       ; On           ;
; M5       ; 41         ; 1        ; RESERVED_INPUT_WITH_WEAK_PULLUP                           ;        ;              ;         ; Row I/O    ;                 ; --       ; --           ;
; M6       ; 24         ; 1        ; ^nSTATUS                                                  ;        ;              ;         ; --         ;                 ; --       ; --           ;
; M7       ; 47         ; 1        ; RESERVED_INPUT_WITH_WEAK_PULLUP                           ;        ;              ;         ; Row I/O    ;                 ; no       ; On           ;
; M8       ; 46         ; 1        ; RESERVED_INPUT_WITH_WEAK_PULLUP                           ;        ;              ;         ; Row I/O    ;                 ; no       ; On           ;
; M9       ;            ;          ; VCCINT                                                    ; power  ;              ; 1.2V    ; --         ;                 ; --       ; --           ;
; M10      ;            ;          ; GND                                                       ; gnd    ;              ;         ; --         ;                 ; --       ; --           ;
; M11      ;            ;          ; VCCINT                                                    ; power  ;              ; 1.2V    ; --         ;                 ; --       ; --           ;
; M12      ;            ;          ; GND                                                       ; gnd    ;              ;         ; --         ;                 ; --       ; --           ;
; M13      ;            ;          ; VCCINT                                                    ; power  ;              ; 1.2V    ; --         ;                 ; --       ; --           ;
; M14      ;            ;          ; GND                                                       ; gnd    ;              ;         ; --         ;                 ; --       ; --           ;
; M15      ;            ;          ; VCCINT                                                    ; power  ;              ; 1.2V    ; --         ;                 ; --       ; --           ;
; M16      ;            ;          ; GND                                                       ; gnd    ;              ;         ; --         ;                 ; --       ; --           ;
; M17      ;            ;          ; VCCINT                                                    ; power  ;              ; 1.2V    ; --         ;                 ; --       ; --           ;
; M18      ;            ;          ; GND                                                       ; gnd    ;              ;         ; --         ;                 ; --       ; --           ;
; M19      ;            ;          ; VCCINT                                                    ; power  ;              ; 1.2V    ; --         ;                 ; --       ; --           ;
; M20      ;            ;          ; GND                                                       ; gnd    ;              ;         ; --         ;                 ; --       ; --           ;
; M21      ; 368        ; 6        ; RESERVED_INPUT_WITH_WEAK_PULLUP                           ;        ;              ;         ; Row I/O    ;                 ; --       ; --           ;
; M22      ; 342        ; 6        ; ^MSEL2                                                    ;        ;              ;         ; --         ;                 ; --       ; --           ;
; M23      ; 344        ; 6        ; RESERVED_INPUT_WITH_WEAK_PULLUP                           ;        ;              ;         ; Row I/O    ;                 ; no       ; On           ;
; M24      ; 347        ; 6        ; RESERVED_INPUT_WITH_WEAK_PULLUP                           ;        ;              ;         ; Row I/O    ;                 ; no       ; On           ;
; M25      ; 356        ; 6        ; RESERVED_INPUT_WITH_WEAK_PULLUP                           ;        ;              ;         ; Row I/O    ;                 ; no       ; On           ;
; M26      ; 355        ; 6        ; RESERVED_INPUT_WITH_WEAK_PULLUP                           ;        ;              ;         ; Row I/O    ;                 ; no       ; On           ;
; M27      ; 354        ; 6        ; RESERVED_INPUT_WITH_WEAK_PULLUP                           ;        ;              ;         ; Row I/O    ;                 ; no       ; On           ;
; M28      ; 353        ; 6        ; RESERVED_INPUT_WITH_WEAK_PULLUP                           ;        ;              ;         ; Row I/O    ;                 ; no       ; On           ;
; N1       ;            ; 1        ; VCCIO1                                                    ; power  ;              ; 2.5V    ; --         ;                 ; --       ; --           ;
; N2       ;            ;          ; GND                                                       ; gnd    ;              ;         ; --         ;                 ; --       ; --           ;
; N3       ; 45         ; 1        ; RESERVED_INPUT_WITH_WEAK_PULLUP                           ;        ;              ;         ; Row I/O    ;                 ; no       ; On           ;
; N4       ; 44         ; 1        ; RESERVED_INPUT_WITH_WEAK_PULLUP                           ;        ;              ;         ; Row I/O    ;                 ; no       ; On           ;
; N5       ;            ; 1        ; VCCIO1                                                    ; power  ;              ; 2.5V    ; --         ;                 ; --       ; --           ;
; N6       ;            ;          ; GND                                                       ; gnd    ;              ;         ; --         ;                 ; --       ; --           ;
; N7       ; 56         ; 1        ; ~ALTERA_DATA0~ / RESERVED_INPUT_WITH_WEAK_PULLUP          ; input  ; 2.5 V        ;         ; Row I/O    ; N               ; no       ; On           ;
; N8       ; 54         ; 1        ; RESERVED_INPUT_WITH_WEAK_PULLUP                           ;        ;              ;         ; Row I/O    ;                 ; no       ; On           ;
; N9       ;            ;          ; GND                                                       ; gnd    ;              ;         ; --         ;                 ; --       ; --           ;
; N10      ;            ;          ; VCCINT                                                    ; power  ;              ; 1.2V    ; --         ;                 ; --       ; --           ;
; N11      ;            ;          ; GND                                                       ; gnd    ;              ;         ; --         ;                 ; --       ; --           ;
; N12      ;            ;          ; VCCINT                                                    ; power  ;              ; 1.2V    ; --         ;                 ; --       ; --           ;
; N13      ;            ;          ; GND                                                       ; gnd    ;              ;         ; --         ;                 ; --       ; --           ;
; N14      ;            ;          ; VCCINT                                                    ; power  ;              ; 1.2V    ; --         ;                 ; --       ; --           ;
; N15      ;            ;          ; GND                                                       ; gnd    ;              ;         ; --         ;                 ; --       ; --           ;
; N16      ;            ;          ; VCCINT                                                    ; power  ;              ; 1.2V    ; --         ;                 ; --       ; --           ;
; N17      ;            ;          ; GND                                                       ; gnd    ;              ;         ; --         ;                 ; --       ; --           ;
; N18      ;            ;          ; VCCINT                                                    ; power  ;              ; 1.2V    ; --         ;                 ; --       ; --           ;
; N19      ;            ;          ; GND                                                       ; gnd    ;              ;         ; --         ;                 ; --       ; --           ;
; N20      ;            ;          ; VCCINT                                                    ; power  ;              ; 1.2V    ; --         ;                 ; --       ; --           ;
; N21      ; 348        ; 6        ; RESERVED_INPUT_WITH_WEAK_PULLUP                           ;        ;              ;         ; Row I/O    ;                 ; --       ; --           ;
; N22      ; 340        ; 6        ; ^MSEL0                                                    ;        ;              ;         ; --         ;                 ; --       ; --           ;
; N23      ;            ;          ; GND                                                       ; gnd    ;              ;         ; --         ;                 ; --       ; --           ;
; N24      ;            ; 6        ; VCCIO6                                                    ; power  ;              ; 2.5V    ; --         ;                 ; --       ; --           ;
; N25      ; 352        ; 6        ; RESERVED_INPUT_WITH_WEAK_PULLUP                           ;        ;              ;         ; Row I/O    ;                 ; no       ; On           ;
; N26      ; 351        ; 6        ; RESERVED_INPUT_WITH_WEAK_PULLUP                           ;        ;              ;         ; Row I/O    ;                 ; no       ; On           ;
; N27      ;            ;          ; GND                                                       ; gnd    ;              ;         ; --         ;                 ; --       ; --           ;
; N28      ;            ; 6        ; VCCIO6                                                    ; power  ;              ; 2.5V    ; --         ;                 ; --       ; --           ;
; P1       ; 53         ; 1        ; RESERVED_INPUT_WITH_WEAK_PULLUP                           ;        ;              ;         ; Row I/O    ;                 ; no       ; On           ;
; P2       ; 52         ; 1        ; RESERVED_INPUT_WITH_WEAK_PULLUP                           ;        ;              ;         ; Row I/O    ;                 ; no       ; On           ;
; P3       ; 55         ; 1        ; ~ALTERA_DCLK~                                             ; output ; 2.5 V        ;         ; Row I/O    ; N               ; no       ; On           ;
; P4       ; 57         ; 1        ; ^nCONFIG                                                  ;        ;              ;         ; --         ;                 ; --       ; --           ;
; P5       ; 59         ; 1        ; #TCK                                                      ; input  ;              ;         ; --         ;                 ; --       ; --           ;
; P6       ; 61         ; 1        ; #TDO                                                      ; output ;              ;         ; --         ;                 ; --       ; --           ;
; P7       ; 58         ; 1        ; #TDI                                                      ; input  ;              ;         ; --         ;                 ; --       ; --           ;
; P8       ; 60         ; 1        ; #TMS                                                      ; input  ;              ;         ; --         ;                 ; --       ; --           ;
; P9       ;            ;          ; VCCINT                                                    ; power  ;              ; 1.2V    ; --         ;                 ; --       ; --           ;
; P10      ;            ;          ; GND                                                       ; gnd    ;              ;         ; --         ;                 ; --       ; --           ;
; P11      ;            ;          ; VCCINT                                                    ; power  ;              ; 1.2V    ; --         ;                 ; --       ; --           ;
; P12      ;            ;          ; GND                                                       ; gnd    ;              ;         ; --         ;                 ; --       ; --           ;
; P13      ;            ;          ; VCCINT                                                    ; power  ;              ; 1.2V    ; --         ;                 ; --       ; --           ;
; P14      ;            ;          ; GND                                                       ; gnd    ;              ;         ; --         ;                 ; --       ; --           ;
; P15      ;            ;          ; VCCINT                                                    ; power  ;              ; 1.2V    ; --         ;                 ; --       ; --           ;
; P16      ;            ;          ; GND                                                       ; gnd    ;              ;         ; --         ;                 ; --       ; --           ;
; P17      ;            ;          ; VCCINT                                                    ; power  ;              ; 1.2V    ; --         ;                 ; --       ; --           ;
; P18      ;            ;          ; GND                                                       ; gnd    ;              ;         ; --         ;                 ; --       ; --           ;
; P19      ;            ;          ; VCCINT                                                    ; power  ;              ; 1.2V    ; --         ;                 ; --       ; --           ;
; P20      ;            ;          ; GND                                                       ; gnd    ;              ;         ; --         ;                 ; --       ; --           ;
; P21      ; 334        ; 5        ; RESERVED_INPUT_WITH_WEAK_PULLUP                           ;        ;              ;         ; Row I/O    ;                 ; no       ; On           ;
; P22      ; 343        ; 6        ; ^MSEL3                                                    ;        ;              ;         ; --         ;                 ; --       ; --           ;
; P23      ; 341        ; 6        ; ^MSEL1                                                    ;        ;              ;         ; --         ;                 ; --       ; --           ;
; P24      ; 339        ; 6        ; ^CONF_DONE                                                ;        ;              ;         ; --         ;                 ; --       ; --           ;
; P25      ; 346        ; 6        ; RESERVED_INPUT_WITH_WEAK_PULLUP                           ;        ;              ;         ; Row I/O    ;                 ; no       ; On           ;
; P26      ; 345        ; 6        ; RESERVED_INPUT_WITH_WEAK_PULLUP                           ;        ;              ;         ; Row I/O    ;                 ; no       ; On           ;
; P27      ; 350        ; 6        ; RESERVED_INPUT_WITH_WEAK_PULLUP                           ;        ;              ;         ; Row I/O    ;                 ; no       ; On           ;
; P28      ; 349        ; 6        ; ~ALTERA_nCEO~ / RESERVED_OUTPUT_OPEN_DRAIN                ; output ; 2.5 V        ;         ; Row I/O    ; N               ; no       ; Off          ;
; R1       ; 68         ; 2        ; RESERVED_INPUT_WITH_WEAK_PULLUP                           ;        ;              ;         ; Row I/O    ;                 ; no       ; On           ;
; R2       ; 67         ; 2        ; RESERVED_INPUT_WITH_WEAK_PULLUP                           ;        ;              ;         ; Row I/O    ;                 ; no       ; On           ;
; R3       ; 73         ; 2        ; RESERVED_INPUT_WITH_WEAK_PULLUP                           ;        ;              ;         ; Row I/O    ;                 ; no       ; On           ;
; R4       ; 74         ; 2        ; RESERVED_INPUT_WITH_WEAK_PULLUP                           ;        ;              ;         ; Row I/O    ;                 ; no       ; On           ;
; R5       ; 77         ; 2        ; RESERVED_INPUT_WITH_WEAK_PULLUP                           ;        ;              ;         ; Row I/O    ;                 ; no       ; On           ;
; R6       ; 70         ; 2        ; RESERVED_INPUT_WITH_WEAK_PULLUP                           ;        ;              ;         ; Row I/O    ;                 ; no       ; On           ;
; R7       ; 69         ; 2        ; RESERVED_INPUT_WITH_WEAK_PULLUP                           ;        ;              ;         ; Row I/O    ;                 ; no       ; On           ;
; R8       ; 62         ; 1        ; ^nCE                                                      ;        ;              ;         ; --         ;                 ; --       ; --           ;
; R9       ;            ;          ; GND                                                       ; gnd    ;              ;         ; --         ;                 ; --       ; --           ;
; R10      ;            ;          ; VCCINT                                                    ; power  ;              ; 1.2V    ; --         ;                 ; --       ; --           ;
; R11      ;            ;          ; GND                                                       ; gnd    ;              ;         ; --         ;                 ; --       ; --           ;
; R12      ;            ;          ; VCCINT                                                    ; power  ;              ; 1.2V    ; --         ;                 ; --       ; --           ;
; R13      ;            ;          ; GND                                                       ; gnd    ;              ;         ; --         ;                 ; --       ; --           ;
; R14      ;            ;          ; VCCINT                                                    ; power  ;              ; 1.2V    ; --         ;                 ; --       ; --           ;
; R15      ;            ;          ; GND                                                       ; gnd    ;              ;         ; --         ;                 ; --       ; --           ;
; R16      ;            ;          ; VCCINT                                                    ; power  ;              ; 1.2V    ; --         ;                 ; --       ; --           ;
; R17      ;            ;          ; GND                                                       ; gnd    ;              ;         ; --         ;                 ; --       ; --           ;
; R18      ;            ;          ; VCCINT                                                    ; power  ;              ; 1.2V    ; --         ;                 ; --       ; --           ;
; R19      ;            ;          ; GND                                                       ; gnd    ;              ;         ; --         ;                 ; --       ; --           ;
; R20      ;            ;          ; VCCINT                                                    ; power  ;              ; 1.2V    ; --         ;                 ; --       ; --           ;
; R21      ; 333        ; 5        ; RESERVED_INPUT_WITH_WEAK_PULLUP                           ;        ;              ;         ; Row I/O    ;                 ; no       ; On           ;
; R22      ; 332        ; 5        ; RESERVED_INPUT_WITH_WEAK_PULLUP                           ;        ;              ;         ; Row I/O    ;                 ; no       ; On           ;
; R23      ; 331        ; 5        ; RESERVED_INPUT_WITH_WEAK_PULLUP                           ;        ;              ;         ; Row I/O    ;                 ; no       ; On           ;
; R24      ; 330        ; 5        ; RESERVED_INPUT_WITH_WEAK_PULLUP                           ;        ;              ;         ; Row I/O    ;                 ; no       ; On           ;
; R25      ; 327        ; 5        ; RESERVED_INPUT_WITH_WEAK_PULLUP                           ;        ;              ;         ; Row I/O    ;                 ; no       ; On           ;
; R26      ; 326        ; 5        ; RESERVED_INPUT_WITH_WEAK_PULLUP                           ;        ;              ;         ; Row I/O    ;                 ; no       ; On           ;
; R27      ; 329        ; 5        ; RESERVED_INPUT_WITH_WEAK_PULLUP                           ;        ;              ;         ; Row I/O    ;                 ; no       ; On           ;
; R28      ; 328        ; 5        ; RESERVED_INPUT_WITH_WEAK_PULLUP                           ;        ;              ;         ; Row I/O    ;                 ; no       ; On           ;
; T1       ;            ; 2        ; VCCIO2                                                    ; power  ;              ; 2.5V    ; --         ;                 ; --       ; --           ;
; T2       ;            ;          ; GND                                                       ; gnd    ;              ;         ; --         ;                 ; --       ; --           ;
; T3       ; 76         ; 2        ; RESERVED_INPUT_WITH_WEAK_PULLUP                           ;        ;              ;         ; Row I/O    ;                 ; no       ; On           ;
; T4       ; 75         ; 2        ; RESERVED_INPUT_WITH_WEAK_PULLUP                           ;        ;              ;         ; Row I/O    ;                 ; no       ; On           ;
; T5       ;            ; 2        ; VCCIO2                                                    ; power  ;              ; 2.5V    ; --         ;                 ; --       ; --           ;
; T6       ;            ;          ; GND                                                       ; gnd    ;              ;         ; --         ;                 ; --       ; --           ;
; T7       ; 78         ; 2        ; RESERVED_INPUT_WITH_WEAK_PULLUP                           ;        ;              ;         ; Row I/O    ;                 ; --       ; --           ;
; T8       ; 100        ; 2        ; RESERVED_INPUT_WITH_WEAK_PULLUP                           ;        ;              ;         ; Row I/O    ;                 ; --       ; --           ;
; T9       ;            ;          ; VCCINT                                                    ; power  ;              ; 1.2V    ; --         ;                 ; --       ; --           ;
; T10      ;            ;          ; GND                                                       ; gnd    ;              ;         ; --         ;                 ; --       ; --           ;
; T11      ;            ;          ; VCCINT                                                    ; power  ;              ; 1.2V    ; --         ;                 ; --       ; --           ;
; T12      ;            ;          ; GND                                                       ; gnd    ;              ;         ; --         ;                 ; --       ; --           ;
; T13      ;            ;          ; VCCINT                                                    ; power  ;              ; 1.2V    ; --         ;                 ; --       ; --           ;
; T14      ;            ;          ; GND                                                       ; gnd    ;              ;         ; --         ;                 ; --       ; --           ;
; T15      ;            ;          ; VCCINT                                                    ; power  ;              ; 1.2V    ; --         ;                 ; --       ; --           ;
; T16      ;            ;          ; GND                                                       ; gnd    ;              ;         ; --         ;                 ; --       ; --           ;
; T17      ;            ;          ; VCCINT                                                    ; power  ;              ; 1.2V    ; --         ;                 ; --       ; --           ;
; T18      ;            ;          ; GND                                                       ; gnd    ;              ;         ; --         ;                 ; --       ; --           ;
; T19      ;            ;          ; VCCINT                                                    ; power  ;              ; 1.2V    ; --         ;                 ; --       ; --           ;
; T20      ;            ;          ; GND                                                       ; gnd    ;              ;         ; --         ;                 ; --       ; --           ;
; T21      ; 325        ; 5        ; RESERVED_INPUT_WITH_WEAK_PULLUP                           ;        ;              ;         ; Row I/O    ;                 ; no       ; On           ;
; T22      ; 324        ; 5        ; RESERVED_INPUT_WITH_WEAK_PULLUP                           ;        ;              ;         ; Row I/O    ;                 ; no       ; On           ;
; T23      ;            ;          ; GND                                                       ; gnd    ;              ;         ; --         ;                 ; --       ; --           ;
; T24      ;            ; 5        ; VCCIO5                                                    ; power  ;              ; 2.5V    ; --         ;                 ; --       ; --           ;
; T25      ; 323        ; 5        ; RESERVED_INPUT_WITH_WEAK_PULLUP                           ;        ;              ;         ; Row I/O    ;                 ; no       ; On           ;
; T26      ; 322        ; 5        ; RESERVED_INPUT_WITH_WEAK_PULLUP                           ;        ;              ;         ; Row I/O    ;                 ; no       ; On           ;
; T27      ;            ;          ; GND                                                       ; gnd    ;              ;         ; --         ;                 ; --       ; --           ;
; T28      ;            ; 5        ; VCCIO5                                                    ; power  ;              ; 2.5V    ; --         ;                 ; --       ; --           ;
; U1       ; 80         ; 2        ; RESERVED_INPUT_WITH_WEAK_PULLUP                           ;        ;              ;         ; Row I/O    ;                 ; no       ; On           ;
; U2       ; 79         ; 2        ; RESERVED_INPUT_WITH_WEAK_PULLUP                           ;        ;              ;         ; Row I/O    ;                 ; no       ; On           ;
; U3       ; 71         ; 2        ; RESERVED_INPUT_WITH_WEAK_PULLUP                           ;        ;              ;         ; Row I/O    ;                 ; no       ; On           ;
; U4       ; 72         ; 2        ; RESERVED_INPUT_WITH_WEAK_PULLUP                           ;        ;              ;         ; Row I/O    ;                 ; no       ; On           ;
; U5       ; 90         ; 2        ; RESERVED_INPUT_WITH_WEAK_PULLUP                           ;        ;              ;         ; Row I/O    ;                 ; no       ; On           ;
; U6       ; 89         ; 2        ; RESERVED_INPUT_WITH_WEAK_PULLUP                           ;        ;              ;         ; Row I/O    ;                 ; no       ; On           ;
; U7       ; 103        ; 2        ; RESERVED_INPUT_WITH_WEAK_PULLUP                           ;        ;              ;         ; Row I/O    ;                 ; no       ; On           ;
; U8       ; 104        ; 2        ; RESERVED_INPUT_WITH_WEAK_PULLUP                           ;        ;              ;         ; Row I/O    ;                 ; no       ; On           ;
; U9       ;            ;          ; GND                                                       ; gnd    ;              ;         ; --         ;                 ; --       ; --           ;
; U10      ;            ;          ; VCCINT                                                    ; power  ;              ; 1.2V    ; --         ;                 ; --       ; --           ;
; U11      ;            ;          ; GND                                                       ; gnd    ;              ;         ; --         ;                 ; --       ; --           ;
; U12      ;            ;          ; VCCINT                                                    ; power  ;              ; 1.2V    ; --         ;                 ; --       ; --           ;
; U13      ;            ;          ; GND                                                       ; gnd    ;              ;         ; --         ;                 ; --       ; --           ;
; U14      ;            ;          ; VCCINT                                                    ; power  ;              ; 1.2V    ; --         ;                 ; --       ; --           ;
; U15      ;            ;          ; GND                                                       ; gnd    ;              ;         ; --         ;                 ; --       ; --           ;
; U16      ;            ;          ; VCCINT                                                    ; power  ;              ; 1.2V    ; --         ;                 ; --       ; --           ;
; U17      ;            ;          ; GND                                                       ; gnd    ;              ;         ; --         ;                 ; --       ; --           ;
; U18      ;            ;          ; VCCINT                                                    ; power  ;              ; 1.2V    ; --         ;                 ; --       ; --           ;
; U19      ;            ;          ; GND                                                       ; gnd    ;              ;         ; --         ;                 ; --       ; --           ;
; U20      ;            ;          ; VCCINT                                                    ; power  ;              ; 1.2V    ; --         ;                 ; --       ; --           ;
; U21      ; 319        ; 5        ; RESERVED_INPUT_WITH_WEAK_PULLUP                           ;        ;              ;         ; Row I/O    ;                 ; no       ; On           ;
; U22      ; 313        ; 5        ; RESERVED_INPUT_WITH_WEAK_PULLUP                           ;        ;              ;         ; Row I/O    ;                 ; no       ; On           ;
; U23      ; 305        ; 5        ; RESERVED_INPUT_WITH_WEAK_PULLUP                           ;        ;              ;         ; Row I/O    ;                 ; --       ; --           ;
; U24      ; 316        ; 5        ; RESERVED_INPUT_WITH_WEAK_PULLUP                           ;        ;              ;         ; Row I/O    ;                 ; --       ; --           ;
; U25      ; 315        ; 5        ; RESERVED_INPUT_WITH_WEAK_PULLUP                           ;        ;              ;         ; Row I/O    ;                 ; no       ; On           ;
; U26      ; 314        ; 5        ; RESERVED_INPUT_WITH_WEAK_PULLUP                           ;        ;              ;         ; Row I/O    ;                 ; no       ; On           ;
; U27      ; 318        ; 5        ; RESERVED_INPUT_WITH_WEAK_PULLUP                           ;        ;              ;         ; Row I/O    ;                 ; no       ; On           ;
; U28      ; 317        ; 5        ; RESERVED_INPUT_WITH_WEAK_PULLUP                           ;        ;              ;         ; Row I/O    ;                 ; no       ; On           ;
; V1       ; 84         ; 2        ; RESERVED_INPUT_WITH_WEAK_PULLUP                           ;        ;              ;         ; Row I/O    ;                 ; no       ; On           ;
; V2       ; 83         ; 2        ; RESERVED_INPUT_WITH_WEAK_PULLUP                           ;        ;              ;         ; Row I/O    ;                 ; no       ; On           ;
; V3       ; 82         ; 2        ; RESERVED_INPUT_WITH_WEAK_PULLUP                           ;        ;              ;         ; Row I/O    ;                 ; no       ; On           ;
; V4       ; 81         ; 2        ; RESERVED_INPUT_WITH_WEAK_PULLUP                           ;        ;              ;         ; Row I/O    ;                 ; no       ; On           ;
; V5       ; 108        ; 2        ; RESERVED_INPUT_WITH_WEAK_PULLUP                           ;        ;              ;         ; Row I/O    ;                 ; no       ; On           ;
; V6       ; 107        ; 2        ; RESERVED_INPUT_WITH_WEAK_PULLUP                           ;        ;              ;         ; Row I/O    ;                 ; no       ; On           ;
; V7       ; 110        ; 2        ; RESERVED_INPUT_WITH_WEAK_PULLUP                           ;        ;              ;         ; Row I/O    ;                 ; no       ; On           ;
; V8       ; 109        ; 2        ; RESERVED_INPUT_WITH_WEAK_PULLUP                           ;        ;              ;         ; Row I/O    ;                 ; no       ; On           ;
; V9       ;            ;          ; VCCINT                                                    ; power  ;              ; 1.2V    ; --         ;                 ; --       ; --           ;
; V10      ;            ;          ; GND                                                       ; gnd    ;              ;         ; --         ;                 ; --       ; --           ;
; V11      ;            ;          ; VCCINT                                                    ; power  ;              ; 1.2V    ; --         ;                 ; --       ; --           ;
; V12      ;            ;          ; GND                                                       ; gnd    ;              ;         ; --         ;                 ; --       ; --           ;
; V13      ;            ;          ; VCCINT                                                    ; power  ;              ; 1.2V    ; --         ;                 ; --       ; --           ;
; V14      ;            ;          ; GND                                                       ; gnd    ;              ;         ; --         ;                 ; --       ; --           ;
; V15      ;            ;          ; VCCINT                                                    ; power  ;              ; 1.2V    ; --         ;                 ; --       ; --           ;
; V16      ;            ;          ; GND                                                       ; gnd    ;              ;         ; --         ;                 ; --       ; --           ;
; V17      ;            ;          ; VCCINT                                                    ; power  ;              ; 1.2V    ; --         ;                 ; --       ; --           ;
; V18      ;            ;          ; GND                                                       ; gnd    ;              ;         ; --         ;                 ; --       ; --           ;
; V19      ;            ;          ; VCCINT                                                    ; power  ;              ; 1.2V    ; --         ;                 ; --       ; --           ;
; V20      ;            ;          ; GND                                                       ; gnd    ;              ;         ; --         ;                 ; --       ; --           ;
; V21      ; 311        ; 5        ; RESERVED_INPUT_WITH_WEAK_PULLUP                           ;        ;              ;         ; Row I/O    ;                 ; no       ; On           ;
; V22      ; 312        ; 5        ; RESERVED_INPUT_WITH_WEAK_PULLUP                           ;        ;              ;         ; Row I/O    ;                 ; no       ; On           ;
; V23      ; 309        ; 5        ; RESERVED_INPUT_WITH_WEAK_PULLUP                           ;        ;              ;         ; Row I/O    ;                 ; no       ; On           ;
; V24      ; 308        ; 5        ; RESERVED_INPUT_WITH_WEAK_PULLUP                           ;        ;              ;         ; Row I/O    ;                 ; no       ; On           ;
; V25      ; 307        ; 5        ; RESERVED_INPUT_WITH_WEAK_PULLUP                           ;        ;              ;         ; Row I/O    ;                 ; no       ; On           ;
; V26      ; 306        ; 5        ; RESERVED_INPUT_WITH_WEAK_PULLUP                           ;        ;              ;         ; Row I/O    ;                 ; no       ; On           ;
; V27      ; 304        ; 5        ; RESERVED_INPUT_WITH_WEAK_PULLUP                           ;        ;              ;         ; Row I/O    ;                 ; no       ; On           ;
; V28      ; 303        ; 5        ; RESERVED_INPUT_WITH_WEAK_PULLUP                           ;        ;              ;         ; Row I/O    ;                 ; no       ; On           ;
; W1       ; 88         ; 2        ; RESERVED_INPUT_WITH_WEAK_PULLUP                           ;        ;              ;         ; Row I/O    ;                 ; no       ; On           ;
; W2       ; 87         ; 2        ; RESERVED_INPUT_WITH_WEAK_PULLUP                           ;        ;              ;         ; Row I/O    ;                 ; no       ; On           ;
; W3       ; 112        ; 2        ; RESERVED_INPUT_WITH_WEAK_PULLUP                           ;        ;              ;         ; Row I/O    ;                 ; no       ; On           ;
; W4       ; 111        ; 2        ; RESERVED_INPUT_WITH_WEAK_PULLUP                           ;        ;              ;         ; Row I/O    ;                 ; no       ; On           ;
; W5       ;            ; 2        ; VCCIO2                                                    ; power  ;              ; 2.5V    ; --         ;                 ; --       ; --           ;
; W6       ;            ;          ; GND                                                       ; gnd    ;              ;         ; --         ;                 ; --       ; --           ;
; W7       ; 115        ; 2        ; RESERVED_INPUT_WITH_WEAK_PULLUP                           ;        ;              ;         ; Row I/O    ;                 ; no       ; On           ;
; W8       ; 116        ; 2        ; RESERVED_INPUT_WITH_WEAK_PULLUP                           ;        ;              ;         ; Row I/O    ;                 ; no       ; On           ;
; W9       ;            ;          ; GND                                                       ; gnd    ;              ;         ; --         ;                 ; --       ; --           ;
; W10      ;            ;          ; VCCINT                                                    ; power  ;              ; 1.2V    ; --         ;                 ; --       ; --           ;
; W11      ;            ;          ; GND                                                       ; gnd    ;              ;         ; --         ;                 ; --       ; --           ;
; W12      ;            ;          ; VCCINT                                                    ; power  ;              ; 1.2V    ; --         ;                 ; --       ; --           ;
; W13      ;            ;          ; GND                                                       ; gnd    ;              ;         ; --         ;                 ; --       ; --           ;
; W14      ;            ;          ; VCCINT                                                    ; power  ;              ; 1.2V    ; --         ;                 ; --       ; --           ;
; W15      ;            ;          ; GND                                                       ; gnd    ;              ;         ; --         ;                 ; --       ; --           ;
; W16      ;            ;          ; VCCINT                                                    ; power  ;              ; 1.2V    ; --         ;                 ; --       ; --           ;
; W17      ;            ;          ; GND                                                       ; gnd    ;              ;         ; --         ;                 ; --       ; --           ;
; W18      ;            ;          ; VCCINT                                                    ; power  ;              ; 1.2V    ; --         ;                 ; --       ; --           ;
; W19      ;            ;          ; GND                                                       ; gnd    ;              ;         ; --         ;                 ; --       ; --           ;
; W20      ;            ;          ; VCCINT                                                    ; power  ;              ; 1.2V    ; --         ;                 ; --       ; --           ;
; W21      ; 310        ; 5        ; RESERVED_INPUT_WITH_WEAK_PULLUP                           ;        ;              ;         ; Row I/O    ;                 ; no       ; On           ;
; W22      ; 321        ; 5        ; RESERVED_INPUT_WITH_WEAK_PULLUP                           ;        ;              ;         ; Row I/O    ;                 ; no       ; On           ;
; W23      ;            ;          ; GND                                                       ; gnd    ;              ;         ; --         ;                 ; --       ; --           ;
; W24      ;            ; 5        ; VCCIO5                                                    ; power  ;              ; 2.5V    ; --         ;                 ; --       ; --           ;
; W25      ; 300        ; 5        ; RESERVED_INPUT_WITH_WEAK_PULLUP                           ;        ;              ;         ; Row I/O    ;                 ; no       ; On           ;
; W26      ; 299        ; 5        ; src1[9]                                                   ; input  ; 2.5 V        ;         ; Row I/O    ; N               ; no       ; Off          ;
; W27      ; 301        ; 5        ; RESERVED_INPUT_WITH_WEAK_PULLUP                           ;        ;              ;         ; Row I/O    ;                 ; no       ; On           ;
; W28      ; 302        ; 5        ; RESERVED_INPUT_WITH_WEAK_PULLUP                           ;        ;              ;         ; Row I/O    ;                 ; no       ; On           ;
; Y1       ; 66         ; 2        ; GND+                                                      ;        ;              ;         ; Row I/O    ;                 ; --       ; --           ;
; Y2       ; 65         ; 2        ; GND+                                                      ;        ;              ;         ; Row I/O    ;                 ; --       ; --           ;
; Y3       ; 92         ; 2        ; RESERVED_INPUT_WITH_WEAK_PULLUP                           ;        ;              ;         ; Row I/O    ;                 ; no       ; On           ;
; Y4       ; 91         ; 2        ; RESERVED_INPUT_WITH_WEAK_PULLUP                           ;        ;              ;         ; Row I/O    ;                 ; no       ; On           ;
; Y5       ; 114        ; 2        ; RESERVED_INPUT_WITH_WEAK_PULLUP                           ;        ;              ;         ; Row I/O    ;                 ; no       ; On           ;
; Y6       ; 113        ; 2        ; RESERVED_INPUT_WITH_WEAK_PULLUP                           ;        ;              ;         ; Row I/O    ;                 ; no       ; On           ;
; Y7       ; 117        ; 2        ; RESERVED_INPUT_WITH_WEAK_PULLUP                           ;        ;              ;         ; Row I/O    ;                 ; no       ; On           ;
; Y8       ;            ; --       ; VCCA1                                                     ; power  ;              ; 2.5V    ; --         ;                 ; --       ; --           ;
; Y9       ;            ;          ; VCCD_PLL1                                                 ; power  ;              ; 1.2V    ; --         ;                 ; --       ; --           ;
; Y10      ; 140        ; 3        ; RESERVED_INPUT_WITH_WEAK_PULLUP                           ;        ;              ;         ; Column I/O ;                 ; --       ; --           ;
; Y11      ;            ;          ; GND                                                       ; gnd    ;              ;         ; --         ;                 ; --       ; --           ;
; Y12      ; 187        ; 3        ; src1[19]                                                  ; input  ; 2.5 V        ;         ; Column I/O ; N               ; no       ; Off          ;
; Y13      ; 189        ; 3        ; src1[5]                                                   ; input  ; 2.5 V        ;         ; Column I/O ; N               ; no       ; Off          ;
; Y14      ; 197        ; 3        ; src1[11]                                                  ; input  ; 2.5 V        ;         ; Column I/O ; N               ; no       ; Off          ;
; Y15      ; 198        ; 3        ; res[25]                                                   ; output ; 2.5 V        ;         ; Column I/O ; N               ; no       ; Off          ;
; Y16      ; 250        ; 4        ; RESERVED_INPUT_WITH_WEAK_PULLUP                           ;        ;              ;         ; Column I/O ;                 ; no       ; On           ;
; Y17      ; 249        ; 4        ; RESERVED_INPUT_WITH_WEAK_PULLUP                           ;        ;              ;         ; Column I/O ;                 ; no       ; On           ;
; Y18      ;            ;          ; GND                                                       ; gnd    ;              ;         ; --         ;                 ; --       ; --           ;
; Y19      ; 263        ; 4        ; RESERVED_INPUT_WITH_WEAK_PULLUP                           ;        ;              ;         ; Column I/O ;                 ; no       ; On           ;
; Y20      ;            ;          ; VCCD_PLL4                                                 ; power  ;              ; 1.2V    ; --         ;                 ; --       ; --           ;
; Y21      ;            ; --       ; VCCA4                                                     ; power  ;              ; 2.5V    ; --         ;                 ; --       ; --           ;
; Y22      ; 320        ; 5        ; RESERVED_INPUT_WITH_WEAK_PULLUP                           ;        ;              ;         ; Row I/O    ;                 ; no       ; On           ;
; Y23      ; 288        ; 5        ; RESERVED_INPUT_WITH_WEAK_PULLUP                           ;        ;              ;         ; Row I/O    ;                 ; no       ; On           ;
; Y24      ; 287        ; 5        ; RESERVED_INPUT_WITH_WEAK_PULLUP                           ;        ;              ;         ; Row I/O    ;                 ; no       ; On           ;
; Y25      ; 298        ; 5        ; RESERVED_INPUT_WITH_WEAK_PULLUP                           ;        ;              ;         ; Row I/O    ;                 ; no       ; On           ;
; Y26      ; 297        ; 5        ; RESERVED_INPUT_WITH_WEAK_PULLUP                           ;        ;              ;         ; Row I/O    ;                 ; no       ; On           ;
; Y27      ; 336        ; 5        ; GND+                                                      ;        ;              ;         ; Row I/O    ;                 ; --       ; --           ;
; Y28      ; 335        ; 5        ; GND+                                                      ;        ;              ;         ; Row I/O    ;                 ; --       ; --           ;
+----------+------------+----------+-----------------------------------------------------------+--------+--------------+---------+------------+-----------------+----------+--------------+
Note: Pin directions (input, output or bidir) are based on device operating in user mode.


+-------------------------------------------+
; I/O Assignment Warnings                   ;
+-----------+-------------------------------+
; Pin Name  ; Reason                        ;
+-----------+-------------------------------+
; res[0]    ; Incomplete set of assignments ;
; res[1]    ; Incomplete set of assignments ;
; res[2]    ; Incomplete set of assignments ;
; res[3]    ; Incomplete set of assignments ;
; res[4]    ; Incomplete set of assignments ;
; res[5]    ; Incomplete set of assignments ;
; res[6]    ; Incomplete set of assignments ;
; res[7]    ; Incomplete set of assignments ;
; res[8]    ; Incomplete set of assignments ;
; res[9]    ; Incomplete set of assignments ;
; res[10]   ; Incomplete set of assignments ;
; res[11]   ; Incomplete set of assignments ;
; res[12]   ; Incomplete set of assignments ;
; res[13]   ; Incomplete set of assignments ;
; res[14]   ; Incomplete set of assignments ;
; res[15]   ; Incomplete set of assignments ;
; res[16]   ; Incomplete set of assignments ;
; res[17]   ; Incomplete set of assignments ;
; res[18]   ; Incomplete set of assignments ;
; res[19]   ; Incomplete set of assignments ;
; res[20]   ; Incomplete set of assignments ;
; res[21]   ; Incomplete set of assignments ;
; res[22]   ; Incomplete set of assignments ;
; res[23]   ; Incomplete set of assignments ;
; res[24]   ; Incomplete set of assignments ;
; res[25]   ; Incomplete set of assignments ;
; res[26]   ; Incomplete set of assignments ;
; res[27]   ; Incomplete set of assignments ;
; res[28]   ; Incomplete set of assignments ;
; res[29]   ; Incomplete set of assignments ;
; res[30]   ; Incomplete set of assignments ;
; res[31]   ; Incomplete set of assignments ;
; overflow  ; Incomplete set of assignments ;
; alu_op[0] ; Incomplete set of assignments ;
; src2[3]   ; Incomplete set of assignments ;
; src2[4]   ; Incomplete set of assignments ;
; src1[0]   ; Incomplete set of assignments ;
; src2[1]   ; Incomplete set of assignments ;
; src2[2]   ; Incomplete set of assignments ;
; src2[0]   ; Incomplete set of assignments ;
; alu_op[1] ; Incomplete set of assignments ;
; src1[29]  ; Incomplete set of assignments ;
; src1[28]  ; Incomplete set of assignments ;
; src1[31]  ; Incomplete set of assignments ;
; src1[30]  ; Incomplete set of assignments ;
; src1[27]  ; Incomplete set of assignments ;
; src1[25]  ; Incomplete set of assignments ;
; src1[26]  ; Incomplete set of assignments ;
; src1[24]  ; Incomplete set of assignments ;
; src1[23]  ; Incomplete set of assignments ;
; src1[21]  ; Incomplete set of assignments ;
; src1[22]  ; Incomplete set of assignments ;
; src1[20]  ; Incomplete set of assignments ;
; src1[19]  ; Incomplete set of assignments ;
; src1[17]  ; Incomplete set of assignments ;
; src1[18]  ; Incomplete set of assignments ;
; src1[16]  ; Incomplete set of assignments ;
; src1[15]  ; Incomplete set of assignments ;
; src1[13]  ; Incomplete set of assignments ;
; src1[14]  ; Incomplete set of assignments ;
; src1[12]  ; Incomplete set of assignments ;
; src1[11]  ; Incomplete set of assignments ;
; src1[9]   ; Incomplete set of assignments ;
; src1[10]  ; Incomplete set of assignments ;
; src1[8]   ; Incomplete set of assignments ;
; src1[1]   ; Incomplete set of assignments ;
; src1[3]   ; Incomplete set of assignments ;
; src1[2]   ; Incomplete set of assignments ;
; src1[7]   ; Incomplete set of assignments ;
; src1[6]   ; Incomplete set of assignments ;
; src1[5]   ; Incomplete set of assignments ;
; src1[4]   ; Incomplete set of assignments ;
; alu_op[2] ; Incomplete set of assignments ;
; src2[5]   ; Incomplete set of assignments ;
; src2[6]   ; Incomplete set of assignments ;
; src2[7]   ; Incomplete set of assignments ;
; src2[8]   ; Incomplete set of assignments ;
; src2[9]   ; Incomplete set of assignments ;
; src2[10]  ; Incomplete set of assignments ;
; src2[11]  ; Incomplete set of assignments ;
; src2[12]  ; Incomplete set of assignments ;
; src2[13]  ; Incomplete set of assignments ;
; src2[14]  ; Incomplete set of assignments ;
; src2[15]  ; Incomplete set of assignments ;
; src2[16]  ; Incomplete set of assignments ;
; src2[17]  ; Incomplete set of assignments ;
; src2[18]  ; Incomplete set of assignments ;
; src2[19]  ; Incomplete set of assignments ;
; src2[20]  ; Incomplete set of assignments ;
; src2[21]  ; Incomplete set of assignments ;
; src2[22]  ; Incomplete set of assignments ;
; src2[23]  ; Incomplete set of assignments ;
; src2[24]  ; Incomplete set of assignments ;
; src2[25]  ; Incomplete set of assignments ;
; src2[26]  ; Incomplete set of assignments ;
; src2[27]  ; Incomplete set of assignments ;
; src2[28]  ; Incomplete set of assignments ;
; src2[29]  ; Incomplete set of assignments ;
; src2[30]  ; Incomplete set of assignments ;
; src2[31]  ; Incomplete set of assignments ;
; res[0]    ; Missing location assignment   ;
; res[1]    ; Missing location assignment   ;
; res[2]    ; Missing location assignment   ;
; res[3]    ; Missing location assignment   ;
; res[4]    ; Missing location assignment   ;
; res[5]    ; Missing location assignment   ;
; res[6]    ; Missing location assignment   ;
; res[7]    ; Missing location assignment   ;
; res[8]    ; Missing location assignment   ;
; res[9]    ; Missing location assignment   ;
; res[10]   ; Missing location assignment   ;
; res[11]   ; Missing location assignment   ;
; res[12]   ; Missing location assignment   ;
; res[13]   ; Missing location assignment   ;
; res[14]   ; Missing location assignment   ;
; res[15]   ; Missing location assignment   ;
; res[16]   ; Missing location assignment   ;
; res[17]   ; Missing location assignment   ;
; res[18]   ; Missing location assignment   ;
; res[19]   ; Missing location assignment   ;
; res[20]   ; Missing location assignment   ;
; res[21]   ; Missing location assignment   ;
; res[22]   ; Missing location assignment   ;
; res[23]   ; Missing location assignment   ;
; res[24]   ; Missing location assignment   ;
; res[25]   ; Missing location assignment   ;
; res[26]   ; Missing location assignment   ;
; res[27]   ; Missing location assignment   ;
; res[28]   ; Missing location assignment   ;
; res[29]   ; Missing location assignment   ;
; res[30]   ; Missing location assignment   ;
; res[31]   ; Missing location assignment   ;
; overflow  ; Missing location assignment   ;
; alu_op[0] ; Missing location assignment   ;
; src2[3]   ; Missing location assignment   ;
; src2[4]   ; Missing location assignment   ;
; src1[0]   ; Missing location assignment   ;
; src2[1]   ; Missing location assignment   ;
; src2[2]   ; Missing location assignment   ;
; src2[0]   ; Missing location assignment   ;
; alu_op[1] ; Missing location assignment   ;
; src1[29]  ; Missing location assignment   ;
; src1[28]  ; Missing location assignment   ;
; src1[31]  ; Missing location assignment   ;
; src1[30]  ; Missing location assignment   ;
; src1[27]  ; Missing location assignment   ;
; src1[25]  ; Missing location assignment   ;
; src1[26]  ; Missing location assignment   ;
; src1[24]  ; Missing location assignment   ;
; src1[23]  ; Missing location assignment   ;
; src1[21]  ; Missing location assignment   ;
; src1[22]  ; Missing location assignment   ;
; src1[20]  ; Missing location assignment   ;
; src1[19]  ; Missing location assignment   ;
; src1[17]  ; Missing location assignment   ;
; src1[18]  ; Missing location assignment   ;
; src1[16]  ; Missing location assignment   ;
; src1[15]  ; Missing location assignment   ;
; src1[13]  ; Missing location assignment   ;
; src1[14]  ; Missing location assignment   ;
; src1[12]  ; Missing location assignment   ;
; src1[11]  ; Missing location assignment   ;
; src1[9]   ; Missing location assignment   ;
; src1[10]  ; Missing location assignment   ;
; src1[8]   ; Missing location assignment   ;
; src1[1]   ; Missing location assignment   ;
; src1[3]   ; Missing location assignment   ;
; src1[2]   ; Missing location assignment   ;
; src1[7]   ; Missing location assignment   ;
; src1[6]   ; Missing location assignment   ;
; src1[5]   ; Missing location assignment   ;
; src1[4]   ; Missing location assignment   ;
; alu_op[2] ; Missing location assignment   ;
; src2[5]   ; Missing location assignment   ;
; src2[6]   ; Missing location assignment   ;
; src2[7]   ; Missing location assignment   ;
; src2[8]   ; Missing location assignment   ;
; src2[9]   ; Missing location assignment   ;
; src2[10]  ; Missing location assignment   ;
; src2[11]  ; Missing location assignment   ;
; src2[12]  ; Missing location assignment   ;
; src2[13]  ; Missing location assignment   ;
; src2[14]  ; Missing location assignment   ;
; src2[15]  ; Missing location assignment   ;
; src2[16]  ; Missing location assignment   ;
; src2[17]  ; Missing location assignment   ;
; src2[18]  ; Missing location assignment   ;
; src2[19]  ; Missing location assignment   ;
; src2[20]  ; Missing location assignment   ;
; src2[21]  ; Missing location assignment   ;
; src2[22]  ; Missing location assignment   ;
; src2[23]  ; Missing location assignment   ;
; src2[24]  ; Missing location assignment   ;
; src2[25]  ; Missing location assignment   ;
; src2[26]  ; Missing location assignment   ;
; src2[27]  ; Missing location assignment   ;
; src2[28]  ; Missing location assignment   ;
; src2[29]  ; Missing location assignment   ;
; src2[30]  ; Missing location assignment   ;
; src2[31]  ; Missing location assignment   ;
+-----------+-------------------------------+


+------------------------------------------------------------------------------------------------------------------------------------------------------------------------------------------------------------------------------------------------------------------------------------------------------------------+
; Fitter Resource Utilization by Entity                                                                                                                                                                                                                                                                            ;
+---------------------------------+-------------+---------------------------+---------------+-------------+------+--------------+---------+-----------+------+--------------+--------------+-------------------+------------------+---------------------------------------------------+-------------+--------------+
; Compilation Hierarchy Node      ; Logic Cells ; Dedicated Logic Registers ; I/O Registers ; Memory Bits ; M9Ks ; DSP Elements ; DSP 9x9 ; DSP 18x18 ; Pins ; Virtual Pins ; LUT-Only LCs ; Register-Only LCs ; LUT/Register LCs ; Full Hierarchy Name                               ; Entity Name ; Library Name ;
+---------------------------------+-------------+---------------------------+---------------+-------------+------+--------------+---------+-----------+------+--------------+--------------+-------------------+------------------+---------------------------------------------------+-------------+--------------+
; |alu_32bit                      ; 665 (573)   ; 0 (0)                     ; 0 (0)         ; 0           ; 0    ; 8            ; 0       ; 4         ; 100  ; 0            ; 665 (573)    ; 0 (0)             ; 0 (0)            ; |alu_32bit                                        ; alu_32bit   ; work         ;
;    |lpm_mult:Mult0|             ; 92 (0)      ; 0 (0)                     ; 0 (0)         ; 0           ; 0    ; 8            ; 0       ; 4         ; 0    ; 0            ; 92 (0)       ; 0 (0)             ; 0 (0)            ; |alu_32bit|lpm_mult:Mult0                         ; lpm_mult    ; work         ;
;       |mult_46t:auto_generated| ; 92 (92)     ; 0 (0)                     ; 0 (0)         ; 0           ; 0    ; 8            ; 0       ; 4         ; 0    ; 0            ; 92 (92)      ; 0 (0)             ; 0 (0)            ; |alu_32bit|lpm_mult:Mult0|mult_46t:auto_generated ; mult_46t    ; work         ;
+---------------------------------+-------------+---------------------------+---------------+-------------+------+--------------+---------+-----------+------+--------------+--------------+-------------------+------------------+---------------------------------------------------+-------------+--------------+
Note: For table entries with two numbers listed, the numbers in parentheses indicate the number of resources of the given type used by the specific entity alone. The numbers listed outside of parentheses indicate the total resources of the given type used by the specific entity and all of its sub-entities in the hierarchy.


+-------------------------------------------------------------------------------------------+
; Delay Chain Summary                                                                       ;
+-----------+----------+---------------+---------------+-----------------------+-----+------+
; Name      ; Pin Type ; Pad to Core 0 ; Pad to Core 1 ; Pad to Input Register ; TCO ; TCOE ;
+-----------+----------+---------------+---------------+-----------------------+-----+------+
; res[0]    ; Output   ; --            ; --            ; --                    ; --  ; --   ;
; res[1]    ; Output   ; --            ; --            ; --                    ; --  ; --   ;
; res[2]    ; Output   ; --            ; --            ; --                    ; --  ; --   ;
; res[3]    ; Output   ; --            ; --            ; --                    ; --  ; --   ;
; res[4]    ; Output   ; --            ; --            ; --                    ; --  ; --   ;
; res[5]    ; Output   ; --            ; --            ; --                    ; --  ; --   ;
; res[6]    ; Output   ; --            ; --            ; --                    ; --  ; --   ;
; res[7]    ; Output   ; --            ; --            ; --                    ; --  ; --   ;
; res[8]    ; Output   ; --            ; --            ; --                    ; --  ; --   ;
; res[9]    ; Output   ; --            ; --            ; --                    ; --  ; --   ;
; res[10]   ; Output   ; --            ; --            ; --                    ; --  ; --   ;
; res[11]   ; Output   ; --            ; --            ; --                    ; --  ; --   ;
; res[12]   ; Output   ; --            ; --            ; --                    ; --  ; --   ;
; res[13]   ; Output   ; --            ; --            ; --                    ; --  ; --   ;
; res[14]   ; Output   ; --            ; --            ; --                    ; --  ; --   ;
; res[15]   ; Output   ; --            ; --            ; --                    ; --  ; --   ;
; res[16]   ; Output   ; --            ; --            ; --                    ; --  ; --   ;
; res[17]   ; Output   ; --            ; --            ; --                    ; --  ; --   ;
; res[18]   ; Output   ; --            ; --            ; --                    ; --  ; --   ;
; res[19]   ; Output   ; --            ; --            ; --                    ; --  ; --   ;
; res[20]   ; Output   ; --            ; --            ; --                    ; --  ; --   ;
; res[21]   ; Output   ; --            ; --            ; --                    ; --  ; --   ;
; res[22]   ; Output   ; --            ; --            ; --                    ; --  ; --   ;
; res[23]   ; Output   ; --            ; --            ; --                    ; --  ; --   ;
; res[24]   ; Output   ; --            ; --            ; --                    ; --  ; --   ;
; res[25]   ; Output   ; --            ; --            ; --                    ; --  ; --   ;
; res[26]   ; Output   ; --            ; --            ; --                    ; --  ; --   ;
; res[27]   ; Output   ; --            ; --            ; --                    ; --  ; --   ;
; res[28]   ; Output   ; --            ; --            ; --                    ; --  ; --   ;
; res[29]   ; Output   ; --            ; --            ; --                    ; --  ; --   ;
; res[30]   ; Output   ; --            ; --            ; --                    ; --  ; --   ;
; res[31]   ; Output   ; --            ; --            ; --                    ; --  ; --   ;
; overflow  ; Output   ; --            ; --            ; --                    ; --  ; --   ;
; alu_op[0] ; Input    ; (0) 0 ps      ; --            ; --                    ; --  ; --   ;
; src2[3]   ; Input    ; (0) 0 ps      ; --            ; --                    ; --  ; --   ;
; src2[4]   ; Input    ; (6) 1314 ps   ; --            ; --                    ; --  ; --   ;
; src1[0]   ; Input    ; --            ; (6) 1314 ps   ; --                    ; --  ; --   ;
; src2[1]   ; Input    ; --            ; (6) 1314 ps   ; --                    ; --  ; --   ;
; src2[2]   ; Input    ; (6) 1314 ps   ; --            ; --                    ; --  ; --   ;
; src2[0]   ; Input    ; (6) 1314 ps   ; --            ; --                    ; --  ; --   ;
; alu_op[1] ; Input    ; (6) 1314 ps   ; --            ; --                    ; --  ; --   ;
; src1[29]  ; Input    ; --            ; (6) 1314 ps   ; --                    ; --  ; --   ;
; src1[28]  ; Input    ; --            ; (6) 1314 ps   ; --                    ; --  ; --   ;
; src1[31]  ; Input    ; (6) 1314 ps   ; --            ; --                    ; --  ; --   ;
; src1[30]  ; Input    ; (6) 1314 ps   ; --            ; --                    ; --  ; --   ;
; src1[27]  ; Input    ; (6) 1314 ps   ; --            ; --                    ; --  ; --   ;
; src1[25]  ; Input    ; --            ; (6) 1314 ps   ; --                    ; --  ; --   ;
; src1[26]  ; Input    ; (6) 1314 ps   ; --            ; --                    ; --  ; --   ;
; src1[24]  ; Input    ; (6) 1314 ps   ; --            ; --                    ; --  ; --   ;
; src1[23]  ; Input    ; --            ; (6) 1314 ps   ; --                    ; --  ; --   ;
; src1[21]  ; Input    ; (6) 1314 ps   ; --            ; --                    ; --  ; --   ;
; src1[22]  ; Input    ; (6) 1314 ps   ; --            ; --                    ; --  ; --   ;
; src1[20]  ; Input    ; (6) 1314 ps   ; --            ; --                    ; --  ; --   ;
; src1[19]  ; Input    ; (6) 1314 ps   ; --            ; --                    ; --  ; --   ;
; src1[17]  ; Input    ; --            ; (6) 1314 ps   ; --                    ; --  ; --   ;
; src1[18]  ; Input    ; --            ; (6) 1314 ps   ; --                    ; --  ; --   ;
; src1[16]  ; Input    ; --            ; (6) 1314 ps   ; --                    ; --  ; --   ;
; src1[15]  ; Input    ; --            ; (6) 1314 ps   ; --                    ; --  ; --   ;
; src1[13]  ; Input    ; --            ; (6) 1314 ps   ; --                    ; --  ; --   ;
; src1[14]  ; Input    ; --            ; (6) 1314 ps   ; --                    ; --  ; --   ;
; src1[12]  ; Input    ; (6) 1314 ps   ; --            ; --                    ; --  ; --   ;
; src1[11]  ; Input    ; (6) 1314 ps   ; --            ; --                    ; --  ; --   ;
; src1[9]   ; Input    ; (6) 1314 ps   ; --            ; --                    ; --  ; --   ;
; src1[10]  ; Input    ; (6) 1314 ps   ; --            ; --                    ; --  ; --   ;
; src1[8]   ; Input    ; --            ; (6) 1314 ps   ; --                    ; --  ; --   ;
; src1[1]   ; Input    ; --            ; (6) 1314 ps   ; --                    ; --  ; --   ;
; src1[3]   ; Input    ; --            ; (6) 1314 ps   ; --                    ; --  ; --   ;
; src1[2]   ; Input    ; (6) 1314 ps   ; --            ; --                    ; --  ; --   ;
; src1[7]   ; Input    ; --            ; (6) 1314 ps   ; --                    ; --  ; --   ;
; src1[6]   ; Input    ; (6) 1314 ps   ; --            ; --                    ; --  ; --   ;
; src1[5]   ; Input    ; (6) 1314 ps   ; --            ; --                    ; --  ; --   ;
; src1[4]   ; Input    ; (6) 1314 ps   ; --            ; --                    ; --  ; --   ;
; alu_op[2] ; Input    ; --            ; (6) 1314 ps   ; --                    ; --  ; --   ;
; src2[5]   ; Input    ; --            ; (6) 1314 ps   ; --                    ; --  ; --   ;
; src2[6]   ; Input    ; (6) 1314 ps   ; --            ; --                    ; --  ; --   ;
; src2[7]   ; Input    ; --            ; (6) 1314 ps   ; --                    ; --  ; --   ;
; src2[8]   ; Input    ; --            ; (6) 1314 ps   ; --                    ; --  ; --   ;
; src2[9]   ; Input    ; --            ; (6) 1314 ps   ; --                    ; --  ; --   ;
; src2[10]  ; Input    ; (6) 1314 ps   ; --            ; --                    ; --  ; --   ;
; src2[11]  ; Input    ; --            ; (6) 1314 ps   ; --                    ; --  ; --   ;
; src2[12]  ; Input    ; (6) 1314 ps   ; --            ; --                    ; --  ; --   ;
; src2[13]  ; Input    ; --            ; (6) 1314 ps   ; --                    ; --  ; --   ;
; src2[14]  ; Input    ; (6) 1314 ps   ; --            ; --                    ; --  ; --   ;
; src2[15]  ; Input    ; --            ; (6) 1314 ps   ; --                    ; --  ; --   ;
; src2[16]  ; Input    ; --            ; (6) 1314 ps   ; --                    ; --  ; --   ;
; src2[17]  ; Input    ; (6) 1314 ps   ; --            ; --                    ; --  ; --   ;
; src2[18]  ; Input    ; (6) 1314 ps   ; --            ; --                    ; --  ; --   ;
; src2[19]  ; Input    ; --            ; (6) 1314 ps   ; --                    ; --  ; --   ;
; src2[20]  ; Input    ; (6) 1314 ps   ; --            ; --                    ; --  ; --   ;
; src2[21]  ; Input    ; --            ; (6) 1314 ps   ; --                    ; --  ; --   ;
; src2[22]  ; Input    ; --            ; (6) 1314 ps   ; --                    ; --  ; --   ;
; src2[23]  ; Input    ; (6) 1314 ps   ; --            ; --                    ; --  ; --   ;
; src2[24]  ; Input    ; (6) 1314 ps   ; --            ; --                    ; --  ; --   ;
; src2[25]  ; Input    ; (6) 1314 ps   ; --            ; --                    ; --  ; --   ;
; src2[26]  ; Input    ; (6) 1314 ps   ; --            ; --                    ; --  ; --   ;
; src2[27]  ; Input    ; (6) 1314 ps   ; --            ; --                    ; --  ; --   ;
; src2[28]  ; Input    ; --            ; (6) 1314 ps   ; --                    ; --  ; --   ;
; src2[29]  ; Input    ; (6) 1314 ps   ; --            ; --                    ; --  ; --   ;
; src2[30]  ; Input    ; (6) 1314 ps   ; --            ; --                    ; --  ; --   ;
; src2[31]  ; Input    ; (6) 1314 ps   ; --            ; --                    ; --  ; --   ;
+-----------+----------+---------------+---------------+-----------------------+-----+------+


+---------------------------------------------------------------------------------------+
; Pad To Core Delay Chain Fanout                                                        ;
+---------------------------------------------------------+-------------------+---------+
; Source Pin / Fanout                                     ; Pad To Core Index ; Setting ;
+---------------------------------------------------------+-------------------+---------+
; alu_op[0]                                               ;                   ;         ;
; src2[3]                                                 ;                   ;         ;
; src2[4]                                                 ;                   ;         ;
;      - sub_res[4]~8                                     ; 0                 ; 6       ;
;      - add_res[4]~8                                     ; 0                 ; 6       ;
;      - lpm_mult:Mult0|mult_46t:auto_generated|mac_mult1 ; 0                 ; 6       ;
;      - ShiftLeft0~8                                     ; 0                 ; 6       ;
;      - ShiftRight0~33                                   ; 0                 ; 6       ;
;      - ShiftRight0~46                                   ; 0                 ; 6       ;
;      - ShiftRight0~58                                   ; 0                 ; 6       ;
;      - res~16                                           ; 0                 ; 6       ;
;      - res~23                                           ; 0                 ; 6       ;
;      - res~37                                           ; 0                 ; 6       ;
;      - res~38                                           ; 0                 ; 6       ;
;      - or_res[4]                                        ; 0                 ; 6       ;
;      - res~71                                           ; 0                 ; 6       ;
;      - res~72                                           ; 0                 ; 6       ;
;      - ShiftLeft0~106                                   ; 0                 ; 6       ;
;      - lpm_mult:Mult0|mult_46t:auto_generated|mac_mult5 ; 0                 ; 6       ;
; src1[0]                                                 ;                   ;         ;
;      - add_res[0]~0                                     ; 1                 ; 6       ;
;      - sub_res[0]~0                                     ; 1                 ; 6       ;
;      - lpm_mult:Mult0|mult_46t:auto_generated|mac_mult1 ; 1                 ; 6       ;
;      - lpm_mult:Mult0|mult_46t:auto_generated|mac_mult3 ; 1                 ; 6       ;
;      - ShiftLeft0~10                                    ; 1                 ; 6       ;
;      - ShiftRight0~26                                   ; 1                 ; 6       ;
;      - res~10                                           ; 1                 ; 6       ;
;      - ShiftLeft0~11                                    ; 1                 ; 6       ;
;      - ShiftLeft0~12                                    ; 1                 ; 6       ;
;      - ShiftLeft0~17                                    ; 1                 ; 6       ;
;      - ShiftLeft0~33                                    ; 1                 ; 6       ;
;      - ShiftLeft0~72                                    ; 1                 ; 6       ;
; src2[1]                                                 ;                   ;         ;
;      - sub_res[1]~2                                     ; 1                 ; 6       ;
;      - add_res[1]~2                                     ; 1                 ; 6       ;
;      - lpm_mult:Mult0|mult_46t:auto_generated|mac_mult1 ; 1                 ; 6       ;
;      - ShiftLeft0~9                                     ; 1                 ; 6       ;
;      - ShiftRight0~4                                    ; 1                 ; 6       ;
;      - ShiftRight0~6                                    ; 1                 ; 6       ;
;      - ShiftRight0~7                                    ; 1                 ; 6       ;
;      - ShiftRight0~8                                    ; 1                 ; 6       ;
;      - ShiftRight0~11                                   ; 1                 ; 6       ;
;      - ShiftRight0~12                                   ; 1                 ; 6       ;
;      - ShiftRight0~14                                   ; 1                 ; 6       ;
;      - ShiftRight0~15                                   ; 1                 ; 6       ;
;      - ShiftRight0~19                                   ; 1                 ; 6       ;
;      - ShiftRight0~20                                   ; 1                 ; 6       ;
;      - ShiftRight0~22                                   ; 1                 ; 6       ;
;      - ShiftRight0~23                                   ; 1                 ; 6       ;
;      - ShiftRight0~26                                   ; 1                 ; 6       ;
;      - ShiftRight0~28                                   ; 1                 ; 6       ;
;      - ShiftRight0~29                                   ; 1                 ; 6       ;
;      - ShiftRight0~31                                   ; 1                 ; 6       ;
;      - ShiftRight0~34                                   ; 1                 ; 6       ;
;      - ShiftRight0~36                                   ; 1                 ; 6       ;
;      - ShiftRight0~37                                   ; 1                 ; 6       ;
;      - ShiftRight0~39                                   ; 1                 ; 6       ;
;      - ShiftRight0~41                                   ; 1                 ; 6       ;
;      - ShiftRight0~43                                   ; 1                 ; 6       ;
;      - ShiftRight0~47                                   ; 1                 ; 6       ;
;      - ShiftRight0~48                                   ; 1                 ; 6       ;
;      - ShiftRight0~49                                   ; 1                 ; 6       ;
;      - ShiftRight0~52                                   ; 1                 ; 6       ;
;      - ShiftRight0~54                                   ; 1                 ; 6       ;
;      - or_res[1]                                        ; 1                 ; 6       ;
;      - ShiftLeft0~12                                    ; 1                 ; 6       ;
;      - ShiftLeft0~13                                    ; 1                 ; 6       ;
;      - ShiftRight0~59                                   ; 1                 ; 6       ;
;      - ShiftRight0~61                                   ; 1                 ; 6       ;
;      - ShiftRight0~62                                   ; 1                 ; 6       ;
;      - ShiftRight0~64                                   ; 1                 ; 6       ;
;      - res~19                                           ; 1                 ; 6       ;
;      - ShiftRight0~68                                   ; 1                 ; 6       ;
;      - ShiftRight0~69                                   ; 1                 ; 6       ;
;      - ShiftRight0~71                                   ; 1                 ; 6       ;
;      - ShiftRight0~73                                   ; 1                 ; 6       ;
;      - ShiftRight0~83                                   ; 1                 ; 6       ;
;      - ShiftRight0~84                                   ; 1                 ; 6       ;
;      - ShiftRight0~86                                   ; 1                 ; 6       ;
;      - ShiftLeft0~15                                    ; 1                 ; 6       ;
;      - ShiftLeft0~16                                    ; 1                 ; 6       ;
;      - ShiftLeft0~17                                    ; 1                 ; 6       ;
;      - ShiftLeft0~18                                    ; 1                 ; 6       ;
;      - ShiftLeft0~19                                    ; 1                 ; 6       ;
;      - ShiftLeft0~22                                    ; 1                 ; 6       ;
;      - ShiftLeft0~24                                    ; 1                 ; 6       ;
;      - ShiftLeft0~26                                    ; 1                 ; 6       ;
;      - ShiftLeft0~29                                    ; 1                 ; 6       ;
;      - ShiftLeft0~30                                    ; 1                 ; 6       ;
;      - ShiftLeft0~34                                    ; 1                 ; 6       ;
;      - ShiftLeft0~38                                    ; 1                 ; 6       ;
;      - ShiftLeft0~42                                    ; 1                 ; 6       ;
;      - ShiftLeft0~46                                    ; 1                 ; 6       ;
;      - ShiftLeft0~51                                    ; 1                 ; 6       ;
;      - ShiftRight0~106                                  ; 1                 ; 6       ;
;      - ShiftLeft0~55                                    ; 1                 ; 6       ;
;      - ShiftLeft0~60                                    ; 1                 ; 6       ;
;      - ShiftLeft0~65                                    ; 1                 ; 6       ;
;      - ShiftLeft0~69                                    ; 1                 ; 6       ;
;      - ShiftLeft0~73                                    ; 1                 ; 6       ;
;      - ShiftLeft0~76                                    ; 1                 ; 6       ;
;      - ShiftLeft0~79                                    ; 1                 ; 6       ;
;      - ShiftLeft0~82                                    ; 1                 ; 6       ;
;      - ShiftLeft0~85                                    ; 1                 ; 6       ;
;      - ShiftLeft0~88                                    ; 1                 ; 6       ;
;      - ShiftLeft0~91                                    ; 1                 ; 6       ;
;      - ShiftLeft0~94                                    ; 1                 ; 6       ;
;      - ShiftLeft0~96                                    ; 1                 ; 6       ;
;      - ShiftLeft0~98                                    ; 1                 ; 6       ;
;      - ShiftLeft0~100                                   ; 1                 ; 6       ;
;      - ShiftLeft0~101                                   ; 1                 ; 6       ;
;      - ShiftLeft0~103                                   ; 1                 ; 6       ;
;      - res~226                                          ; 1                 ; 6       ;
;      - ShiftRight0~109                                  ; 1                 ; 6       ;
;      - ShiftLeft0~108                                   ; 1                 ; 6       ;
;      - res~248                                          ; 1                 ; 6       ;
;      - lpm_mult:Mult0|mult_46t:auto_generated|mac_mult5 ; 1                 ; 6       ;
; src2[2]                                                 ;                   ;         ;
;      - sub_res[2]~4                                     ; 0                 ; 6       ;
;      - add_res[2]~4                                     ; 0                 ; 6       ;
;      - lpm_mult:Mult0|mult_46t:auto_generated|mac_mult1 ; 0                 ; 6       ;
;      - ShiftLeft0~9                                     ; 0                 ; 6       ;
;      - ShiftRight0~10                                   ; 0                 ; 6       ;
;      - ShiftRight0~17                                   ; 0                 ; 6       ;
;      - ShiftRight0~25                                   ; 0                 ; 6       ;
;      - ShiftRight0~28                                   ; 0                 ; 6       ;
;      - ShiftRight0~32                                   ; 0                 ; 6       ;
;      - ShiftRight0~36                                   ; 0                 ; 6       ;
;      - ShiftRight0~40                                   ; 0                 ; 6       ;
;      - ShiftRight0~45                                   ; 0                 ; 6       ;
;      - ShiftRight0~51                                   ; 0                 ; 6       ;
;      - ShiftRight0~56                                   ; 0                 ; 6       ;
;      - ShiftLeft0~14                                    ; 0                 ; 6       ;
;      - or_res[2]                                        ; 0                 ; 6       ;
;      - ShiftRight0~61                                   ; 0                 ; 6       ;
;      - ShiftRight0~66                                   ; 0                 ; 6       ;
;      - res~19                                           ; 0                 ; 6       ;
;      - ShiftRight0~75                                   ; 0                 ; 6       ;
;      - res~24                                           ; 0                 ; 6       ;
;      - ShiftRight0~79                                   ; 0                 ; 6       ;
;      - ShiftRight0~82                                   ; 0                 ; 6       ;
;      - ShiftRight0~85                                   ; 0                 ; 6       ;
;      - ShiftRight0~86                                   ; 0                 ; 6       ;
;      - ShiftRight0~88                                   ; 0                 ; 6       ;
;      - res~38                                           ; 0                 ; 6       ;
;      - ShiftRight0~89                                   ; 0                 ; 6       ;
;      - ShiftRight0~90                                   ; 0                 ; 6       ;
;      - ShiftLeft0~17                                    ; 0                 ; 6       ;
;      - ShiftLeft0~21                                    ; 0                 ; 6       ;
;      - ShiftRight0~91                                   ; 0                 ; 6       ;
;      - ShiftRight0~92                                   ; 0                 ; 6       ;
;      - ShiftRight0~93                                   ; 0                 ; 6       ;
;      - ShiftLeft0~24                                    ; 0                 ; 6       ;
;      - ShiftRight0~94                                   ; 0                 ; 6       ;
;      - ShiftRight0~95                                   ; 0                 ; 6       ;
;      - ShiftLeft0~28                                    ; 0                 ; 6       ;
;      - ShiftRight0~97                                   ; 0                 ; 6       ;
;      - ShiftRight0~99                                   ; 0                 ; 6       ;
;      - ShiftLeft0~32                                    ; 0                 ; 6       ;
;      - ShiftLeft0~36                                    ; 0                 ; 6       ;
;      - ShiftRight0~101                                  ; 0                 ; 6       ;
;      - ShiftRight0~102                                  ; 0                 ; 6       ;
;      - ShiftLeft0~40                                    ; 0                 ; 6       ;
;      - ShiftRight0~103                                  ; 0                 ; 6       ;
;      - ShiftLeft0~44                                    ; 0                 ; 6       ;
;      - ShiftLeft0~45                                    ; 0                 ; 6       ;
;      - ShiftLeft0~48                                    ; 0                 ; 6       ;
;      - ShiftLeft0~49                                    ; 0                 ; 6       ;
;      - ShiftLeft0~50                                    ; 0                 ; 6       ;
;      - ShiftLeft0~53                                    ; 0                 ; 6       ;
;      - ShiftLeft0~57                                    ; 0                 ; 6       ;
;      - ShiftLeft0~59                                    ; 0                 ; 6       ;
;      - ShiftLeft0~62                                    ; 0                 ; 6       ;
;      - ShiftLeft0~64                                    ; 0                 ; 6       ;
;      - ShiftLeft0~67                                    ; 0                 ; 6       ;
;      - ShiftLeft0~71                                    ; 0                 ; 6       ;
;      - ShiftLeft0~75                                    ; 0                 ; 6       ;
;      - ShiftLeft0~78                                    ; 0                 ; 6       ;
;      - ShiftLeft0~81                                    ; 0                 ; 6       ;
;      - ShiftLeft0~84                                    ; 0                 ; 6       ;
;      - ShiftLeft0~87                                    ; 0                 ; 6       ;
;      - ShiftLeft0~90                                    ; 0                 ; 6       ;
;      - ShiftLeft0~93                                    ; 0                 ; 6       ;
;      - res~226                                          ; 0                 ; 6       ;
;      - ShiftLeft0~107                                   ; 0                 ; 6       ;
;      - ShiftRight0~108                                  ; 0                 ; 6       ;
;      - ShiftRight0~109                                  ; 0                 ; 6       ;
;      - ShiftLeft0~108                                   ; 0                 ; 6       ;
;      - lpm_mult:Mult0|mult_46t:auto_generated|mac_mult5 ; 0                 ; 6       ;
; src2[0]                                                 ;                   ;         ;
;      - add_res[0]~0                                     ; 0                 ; 6       ;
;      - sub_res[0]~0                                     ; 0                 ; 6       ;
;      - lpm_mult:Mult0|mult_46t:auto_generated|mac_mult1 ; 0                 ; 6       ;
;      - ShiftLeft0~10                                    ; 0                 ; 6       ;
;      - ShiftRight0~4                                    ; 0                 ; 6       ;
;      - ShiftRight0~5                                    ; 0                 ; 6       ;
;      - ShiftRight0~9                                    ; 0                 ; 6       ;
;      - ShiftRight0~13                                   ; 0                 ; 6       ;
;      - ShiftRight0~16                                   ; 0                 ; 6       ;
;      - ShiftRight0~21                                   ; 0                 ; 6       ;
;      - ShiftRight0~24                                   ; 0                 ; 6       ;
;      - ShiftRight0~26                                   ; 0                 ; 6       ;
;      - ShiftRight0~27                                   ; 0                 ; 6       ;
;      - ShiftRight0~29                                   ; 0                 ; 6       ;
;      - ShiftRight0~30                                   ; 0                 ; 6       ;
;      - res~10                                           ; 0                 ; 6       ;
;      - ShiftRight0~34                                   ; 0                 ; 6       ;
;      - ShiftRight0~35                                   ; 0                 ; 6       ;
;      - ShiftRight0~37                                   ; 0                 ; 6       ;
;      - ShiftRight0~38                                   ; 0                 ; 6       ;
;      - ShiftRight0~42                                   ; 0                 ; 6       ;
;      - ShiftRight0~44                                   ; 0                 ; 6       ;
;      - ShiftRight0~47                                   ; 0                 ; 6       ;
;      - ShiftRight0~48                                   ; 0                 ; 6       ;
;      - ShiftRight0~50                                   ; 0                 ; 6       ;
;      - ShiftRight0~53                                   ; 0                 ; 6       ;
;      - ShiftRight0~55                                   ; 0                 ; 6       ;
;      - ShiftLeft0~11                                    ; 0                 ; 6       ;
;      - ShiftLeft0~12                                    ; 0                 ; 6       ;
;      - ShiftLeft0~13                                    ; 0                 ; 6       ;
;      - ShiftRight0~59                                   ; 0                 ; 6       ;
;      - ShiftRight0~60                                   ; 0                 ; 6       ;
;      - ShiftRight0~63                                   ; 0                 ; 6       ;
;      - ShiftRight0~65                                   ; 0                 ; 6       ;
;      - ShiftRight0~68                                   ; 0                 ; 6       ;
;      - ShiftRight0~70                                   ; 0                 ; 6       ;
;      - ShiftRight0~72                                   ; 0                 ; 6       ;
;      - ShiftRight0~74                                   ; 0                 ; 6       ;
;      - ShiftRight0~76                                   ; 0                 ; 6       ;
;      - ShiftRight0~77                                   ; 0                 ; 6       ;
;      - ShiftRight0~78                                   ; 0                 ; 6       ;
;      - ShiftRight0~80                                   ; 0                 ; 6       ;
;      - ShiftRight0~81                                   ; 0                 ; 6       ;
;      - ShiftRight0~83                                   ; 0                 ; 6       ;
;      - ShiftRight0~84                                   ; 0                 ; 6       ;
;      - ShiftRight0~86                                   ; 0                 ; 6       ;
;      - ShiftLeft0~15                                    ; 0                 ; 6       ;
;      - ShiftLeft0~17                                    ; 0                 ; 6       ;
;      - ShiftLeft0~18                                    ; 0                 ; 6       ;
;      - ShiftLeft0~20                                    ; 0                 ; 6       ;
;      - ShiftLeft0~23                                    ; 0                 ; 6       ;
;      - ShiftLeft0~27                                    ; 0                 ; 6       ;
;      - ShiftRight0~98                                   ; 0                 ; 6       ;
;      - ShiftLeft0~31                                    ; 0                 ; 6       ;
;      - ShiftLeft0~33                                    ; 0                 ; 6       ;
;      - ShiftLeft0~35                                    ; 0                 ; 6       ;
;      - ShiftLeft0~39                                    ; 0                 ; 6       ;
;      - ShiftLeft0~43                                    ; 0                 ; 6       ;
;      - ShiftLeft0~47                                    ; 0                 ; 6       ;
;      - ShiftLeft0~52                                    ; 0                 ; 6       ;
;      - ShiftLeft0~56                                    ; 0                 ; 6       ;
;      - ShiftLeft0~61                                    ; 0                 ; 6       ;
;      - ShiftLeft0~66                                    ; 0                 ; 6       ;
;      - ShiftRight0~107                                  ; 0                 ; 6       ;
;      - ShiftLeft0~70                                    ; 0                 ; 6       ;
;      - ShiftLeft0~72                                    ; 0                 ; 6       ;
;      - ShiftLeft0~74                                    ; 0                 ; 6       ;
;      - ShiftLeft0~77                                    ; 0                 ; 6       ;
;      - ShiftLeft0~80                                    ; 0                 ; 6       ;
;      - ShiftLeft0~83                                    ; 0                 ; 6       ;
;      - ShiftLeft0~86                                    ; 0                 ; 6       ;
;      - ShiftLeft0~89                                    ; 0                 ; 6       ;
;      - ShiftLeft0~92                                    ; 0                 ; 6       ;
;      - ShiftLeft0~95                                    ; 0                 ; 6       ;
;      - ShiftLeft0~96                                    ; 0                 ; 6       ;
;      - ShiftLeft0~97                                    ; 0                 ; 6       ;
;      - ShiftLeft0~98                                    ; 0                 ; 6       ;
;      - ShiftLeft0~99                                    ; 0                 ; 6       ;
;      - ShiftLeft0~101                                   ; 0                 ; 6       ;
;      - ShiftLeft0~102                                   ; 0                 ; 6       ;
;      - ShiftLeft0~104                                   ; 0                 ; 6       ;
;      - ShiftLeft0~105                                   ; 0                 ; 6       ;
;      - res~226                                          ; 0                 ; 6       ;
;      - lpm_mult:Mult0|mult_46t:auto_generated|mac_mult5 ; 0                 ; 6       ;
; alu_op[1]                                               ;                   ;         ;
;      - res~8                                            ; 0                 ; 6       ;
;      - res~10                                           ; 0                 ; 6       ;
;      - res~11                                           ; 0                 ; 6       ;
;      - res~13                                           ; 0                 ; 6       ;
;      - res~16                                           ; 0                 ; 6       ;
;      - res~17                                           ; 0                 ; 6       ;
;      - res~22                                           ; 0                 ; 6       ;
;      - res~23                                           ; 0                 ; 6       ;
;      - res~26                                           ; 0                 ; 6       ;
;      - res~34                                           ; 0                 ; 6       ;
;      - res~37                                           ; 0                 ; 6       ;
;      - res~42                                           ; 0                 ; 6       ;
;      - res~45                                           ; 0                 ; 6       ;
;      - res~49                                           ; 0                 ; 6       ;
;      - res~52                                           ; 0                 ; 6       ;
;      - res~56                                           ; 0                 ; 6       ;
;      - res~59                                           ; 0                 ; 6       ;
;      - res~63                                           ; 0                 ; 6       ;
;      - res~66                                           ; 0                 ; 6       ;
;      - res~67                                           ; 0                 ; 6       ;
;      - res~68                                           ; 0                 ; 6       ;
;      - res~76                                           ; 0                 ; 6       ;
;      - res~82                                           ; 0                 ; 6       ;
;      - res~88                                           ; 0                 ; 6       ;
;      - res~94                                           ; 0                 ; 6       ;
;      - res~100                                          ; 0                 ; 6       ;
;      - res~106                                          ; 0                 ; 6       ;
;      - res~112                                          ; 0                 ; 6       ;
;      - overflow~2                                       ; 0                 ; 6       ;
;      - res~120                                          ; 0                 ; 6       ;
;      - res~122                                          ; 0                 ; 6       ;
;      - res~129                                          ; 0                 ; 6       ;
;      - res~136                                          ; 0                 ; 6       ;
;      - res~143                                          ; 0                 ; 6       ;
;      - res~150                                          ; 0                 ; 6       ;
;      - res~157                                          ; 0                 ; 6       ;
;      - res~164                                          ; 0                 ; 6       ;
;      - res~171                                          ; 0                 ; 6       ;
;      - res~175                                          ; 0                 ; 6       ;
;      - res~178                                          ; 0                 ; 6       ;
;      - res~181                                          ; 0                 ; 6       ;
;      - res~183                                          ; 0                 ; 6       ;
;      - res~186                                          ; 0                 ; 6       ;
;      - res~191                                          ; 0                 ; 6       ;
;      - res~194                                          ; 0                 ; 6       ;
;      - res~197                                          ; 0                 ; 6       ;
;      - res~199                                          ; 0                 ; 6       ;
;      - res~202                                          ; 0                 ; 6       ;
;      - res~207                                          ; 0                 ; 6       ;
;      - res~210                                          ; 0                 ; 6       ;
;      - res~221                                          ; 0                 ; 6       ;
;      - res~232                                          ; 0                 ; 6       ;
;      - res~241                                          ; 0                 ; 6       ;
;      - overflow~5                                       ; 0                 ; 6       ;
;      - res~244                                          ; 0                 ; 6       ;
;      - res~245                                          ; 0                 ; 6       ;
;      - res~246                                          ; 0                 ; 6       ;
;      - res~247                                          ; 0                 ; 6       ;
;      - overflow~7                                       ; 0                 ; 6       ;
;      - res~248                                          ; 0                 ; 6       ;
; src1[29]                                                ;                   ;         ;
;      - add_res[29]~58                                   ; 1                 ; 6       ;
;      - sub_res[29]~58                                   ; 1                 ; 6       ;
;      - lpm_mult:Mult0|mult_46t:auto_generated|mac_mult7 ; 1                 ; 6       ;
;      - ShiftRight0~4                                    ; 1                 ; 6       ;
;      - ShiftRight0~47                                   ; 1                 ; 6       ;
;      - ShiftRight0~59                                   ; 1                 ; 6       ;
;      - ShiftRight0~84                                   ; 1                 ; 6       ;
;      - ShiftLeft0~105                                   ; 1                 ; 6       ;
;      - or_res[29]                                       ; 1                 ; 6       ;
;      - res~222                                          ; 1                 ; 6       ;
;      - res~228                                          ; 1                 ; 6       ;
;      - lpm_mult:Mult0|mult_46t:auto_generated|mac_mult5 ; 1                 ; 6       ;
; src1[28]                                                ;                   ;         ;
;      - add_res[28]~56                                   ; 1                 ; 6       ;
;      - sub_res[28]~56                                   ; 1                 ; 6       ;
;      - lpm_mult:Mult0|mult_46t:auto_generated|mac_mult7 ; 1                 ; 6       ;
;      - ShiftRight0~4                                    ; 1                 ; 6       ;
;      - ShiftRight0~49                                   ; 1                 ; 6       ;
;      - ShiftRight0~83                                   ; 1                 ; 6       ;
;      - res~208                                          ; 1                 ; 6       ;
;      - ShiftLeft0~104                                   ; 1                 ; 6       ;
;      - res~214                                          ; 1                 ; 6       ;
;      - ShiftLeft0~105                                   ; 1                 ; 6       ;
;      - lpm_mult:Mult0|mult_46t:auto_generated|mac_mult5 ; 1                 ; 6       ;
; src1[31]                                                ;                   ;         ;
;      - sub_res[31]~62                                   ; 0                 ; 6       ;
;      - add_res[31]~62                                   ; 0                 ; 6       ;
;      - lpm_mult:Mult0|mult_46t:auto_generated|mac_mult7 ; 0                 ; 6       ;
;      - ShiftRight0~5                                    ; 0                 ; 6       ;
;      - ShiftRight0~47                                   ; 0                 ; 6       ;
;      - ShiftRight0~86                                   ; 0                 ; 6       ;
;      - ShiftRight0~98                                   ; 0                 ; 6       ;
;      - ShiftRight0~107                                  ; 0                 ; 6       ;
;      - or_res[31]                                       ; 0                 ; 6       ;
;      - res~236                                          ; 0                 ; 6       ;
;      - xor_res[31]                                      ; 0                 ; 6       ;
;      - comb~0                                           ; 0                 ; 6       ;
;      - overflow~3                                       ; 0                 ; 6       ;
;      - lpm_mult:Mult0|mult_46t:auto_generated|mac_mult5 ; 0                 ; 6       ;
; src1[30]                                                ;                   ;         ;
;      - sub_res[30]~60                                   ; 0                 ; 6       ;
;      - add_res[30]~60                                   ; 0                 ; 6       ;
;      - lpm_mult:Mult0|mult_46t:auto_generated|mac_mult7 ; 0                 ; 6       ;
;      - ShiftRight0~5                                    ; 0                 ; 6       ;
;      - ShiftRight0~48                                   ; 0                 ; 6       ;
;      - ShiftRight0~83                                   ; 0                 ; 6       ;
;      - or_res[30]                                       ; 0                 ; 6       ;
;      - res~227                                          ; 0                 ; 6       ;
;      - res~233                                          ; 0                 ; 6       ;
;      - res~237                                          ; 0                 ; 6       ;
;      - lpm_mult:Mult0|mult_46t:auto_generated|mac_mult5 ; 0                 ; 6       ;
; src1[27]                                                ;                   ;         ;
;      - sub_res[27]~54                                   ; 0                 ; 6       ;
;      - add_res[27]~54                                   ; 0                 ; 6       ;
;      - lpm_mult:Mult0|mult_46t:auto_generated|mac_mult7 ; 0                 ; 6       ;
;      - ShiftRight0~7                                    ; 0                 ; 6       ;
;      - ShiftRight0~59                                   ; 0                 ; 6       ;
;      - ShiftRight0~84                                   ; 0                 ; 6       ;
;      - res~200                                          ; 0                 ; 6       ;
;      - or_res[27]                                       ; 0                 ; 6       ;
;      - ShiftLeft0~102                                   ; 0                 ; 6       ;
;      - ShiftLeft0~104                                   ; 0                 ; 6       ;
;      - lpm_mult:Mult0|mult_46t:auto_generated|mac_mult5 ; 0                 ; 6       ;
; src1[25]                                                ;                   ;         ;
;      - sub_res[25]~50                                   ; 1                 ; 6       ;
;      - add_res[25]~50                                   ; 1                 ; 6       ;
;      - lpm_mult:Mult0|mult_46t:auto_generated|mac_mult7 ; 1                 ; 6       ;
;      - ShiftRight0~7                                    ; 1                 ; 6       ;
;      - ShiftRight0~62                                   ; 1                 ; 6       ;
;      - res~184                                          ; 1                 ; 6       ;
;      - or_res[25]                                       ; 1                 ; 6       ;
;      - ShiftLeft0~96                                    ; 1                 ; 6       ;
;      - ShiftLeft0~99                                    ; 1                 ; 6       ;
;      - ShiftLeft0~101                                   ; 1                 ; 6       ;
;      - lpm_mult:Mult0|mult_46t:auto_generated|mac_mult5 ; 1                 ; 6       ;
; src1[26]                                                ;                   ;         ;
;      - sub_res[26]~52                                   ; 0                 ; 6       ;
;      - add_res[26]~52                                   ; 0                 ; 6       ;
;      - lpm_mult:Mult0|mult_46t:auto_generated|mac_mult7 ; 0                 ; 6       ;
;      - ShiftRight0~8                                    ; 0                 ; 6       ;
;      - ShiftRight0~49                                   ; 0                 ; 6       ;
;      - res~192                                          ; 0                 ; 6       ;
;      - or_res[26]                                       ; 0                 ; 6       ;
;      - ShiftLeft0~99                                    ; 0                 ; 6       ;
;      - ShiftLeft0~102                                   ; 0                 ; 6       ;
;      - lpm_mult:Mult0|mult_46t:auto_generated|mac_mult5 ; 0                 ; 6       ;
; src1[24]                                                ;                   ;         ;
;      - sub_res[24]~48                                   ; 0                 ; 6       ;
;      - add_res[24]~48                                   ; 0                 ; 6       ;
;      - lpm_mult:Mult0|mult_46t:auto_generated|mac_mult7 ; 0                 ; 6       ;
;      - ShiftRight0~8                                    ; 0                 ; 6       ;
;      - ShiftRight0~52                                   ; 0                 ; 6       ;
;      - res~176                                          ; 0                 ; 6       ;
;      - or_res[24]                                       ; 0                 ; 6       ;
;      - ShiftLeft0~94                                    ; 0                 ; 6       ;
;      - ShiftLeft0~98                                    ; 0                 ; 6       ;
;      - ShiftLeft0~101                                   ; 0                 ; 6       ;
;      - lpm_mult:Mult0|mult_46t:auto_generated|mac_mult5 ; 0                 ; 6       ;
; src1[23]                                                ;                   ;         ;
;      - sub_res[23]~46                                   ; 1                 ; 6       ;
;      - add_res[23]~46                                   ; 1                 ; 6       ;
;      - lpm_mult:Mult0|mult_46t:auto_generated|mac_mult7 ; 1                 ; 6       ;
;      - ShiftRight0~11                                   ; 1                 ; 6       ;
;      - ShiftRight0~62                                   ; 1                 ; 6       ;
;      - or_res[23]                                       ; 1                 ; 6       ;
;      - ShiftLeft0~91                                    ; 1                 ; 6       ;
;      - res~172                                          ; 1                 ; 6       ;
;      - ShiftLeft0~96                                    ; 1                 ; 6       ;
;      - ShiftLeft0~98                                    ; 1                 ; 6       ;
;      - lpm_mult:Mult0|mult_46t:auto_generated|mac_mult5 ; 1                 ; 6       ;
; src1[21]                                                ;                   ;         ;
;      - sub_res[21]~42                                   ; 0                 ; 6       ;
;      - add_res[21]~42                                   ; 0                 ; 6       ;
;      - lpm_mult:Mult0|mult_46t:auto_generated|mac_mult7 ; 0                 ; 6       ;
;      - ShiftRight0~11                                   ; 0                 ; 6       ;
;      - ShiftRight0~64                                   ; 0                 ; 6       ;
;      - or_res[21]                                       ; 0                 ; 6       ;
;      - ShiftLeft0~85                                    ; 0                 ; 6       ;
;      - res~158                                          ; 0                 ; 6       ;
;      - ShiftLeft0~91                                    ; 0                 ; 6       ;
;      - lpm_mult:Mult0|mult_46t:auto_generated|mac_mult5 ; 0                 ; 6       ;
; src1[22]                                                ;                   ;         ;
;      - sub_res[22]~44                                   ; 0                 ; 6       ;
;      - add_res[22]~44                                   ; 0                 ; 6       ;
;      - lpm_mult:Mult0|mult_46t:auto_generated|mac_mult7 ; 0                 ; 6       ;
;      - ShiftRight0~12                                   ; 0                 ; 6       ;
;      - ShiftRight0~52                                   ; 0                 ; 6       ;
;      - or_res[22]                                       ; 0                 ; 6       ;
;      - ShiftLeft0~88                                    ; 0                 ; 6       ;
;      - res~165                                          ; 0                 ; 6       ;
;      - ShiftLeft0~94                                    ; 0                 ; 6       ;
;      - lpm_mult:Mult0|mult_46t:auto_generated|mac_mult5 ; 0                 ; 6       ;
; src1[20]                                                ;                   ;         ;
;      - sub_res[20]~40                                   ; 0                 ; 6       ;
;      - add_res[20]~40                                   ; 0                 ; 6       ;
;      - lpm_mult:Mult0|mult_46t:auto_generated|mac_mult7 ; 0                 ; 6       ;
;      - ShiftRight0~12                                   ; 0                 ; 6       ;
;      - ShiftRight0~54                                   ; 0                 ; 6       ;
;      - or_res[20]                                       ; 0                 ; 6       ;
;      - ShiftLeft0~82                                    ; 0                 ; 6       ;
;      - res~151                                          ; 0                 ; 6       ;
;      - ShiftLeft0~88                                    ; 0                 ; 6       ;
;      - lpm_mult:Mult0|mult_46t:auto_generated|mac_mult5 ; 0                 ; 6       ;
; src1[19]                                                ;                   ;         ;
;      - sub_res[19]~38                                   ; 0                 ; 6       ;
;      - add_res[19]~38                                   ; 0                 ; 6       ;
;      - lpm_mult:Mult0|mult_46t:auto_generated|mac_mult7 ; 0                 ; 6       ;
;      - ShiftRight0~14                                   ; 0                 ; 6       ;
;      - ShiftRight0~64                                   ; 0                 ; 6       ;
;      - or_res[19]                                       ; 0                 ; 6       ;
;      - ShiftLeft0~79                                    ; 0                 ; 6       ;
;      - res~144                                          ; 0                 ; 6       ;
;      - ShiftLeft0~85                                    ; 0                 ; 6       ;
;      - lpm_mult:Mult0|mult_46t:auto_generated|mac_mult5 ; 0                 ; 6       ;
; src1[17]                                                ;                   ;         ;
;      - sub_res[17]~34                                   ; 1                 ; 6       ;
;      - add_res[17]~34                                   ; 1                 ; 6       ;
;      - lpm_mult:Mult0|mult_46t:auto_generated|mac_mult1 ; 1                 ; 6       ;
;      - lpm_mult:Mult0|mult_46t:auto_generated|mac_mult3 ; 1                 ; 6       ;
;      - ShiftRight0~14                                   ; 1                 ; 6       ;
;      - ShiftRight0~71                                   ; 1                 ; 6       ;
;      - or_res[17]                                       ; 1                 ; 6       ;
;      - ShiftLeft0~73                                    ; 1                 ; 6       ;
;      - res~130                                          ; 1                 ; 6       ;
;      - ShiftLeft0~79                                    ; 1                 ; 6       ;
; src1[18]                                                ;                   ;         ;
;      - sub_res[18]~36                                   ; 1                 ; 6       ;
;      - add_res[18]~36                                   ; 1                 ; 6       ;
;      - lpm_mult:Mult0|mult_46t:auto_generated|mac_mult7 ; 1                 ; 6       ;
;      - ShiftRight0~15                                   ; 1                 ; 6       ;
;      - ShiftRight0~54                                   ; 1                 ; 6       ;
;      - or_res[18]                                       ; 1                 ; 6       ;
;      - ShiftLeft0~76                                    ; 1                 ; 6       ;
;      - res~137                                          ; 1                 ; 6       ;
;      - ShiftLeft0~82                                    ; 1                 ; 6       ;
;      - lpm_mult:Mult0|mult_46t:auto_generated|mac_mult5 ; 1                 ; 6       ;
; src1[16]                                                ;                   ;         ;
;      - sub_res[16]~32                                   ; 1                 ; 6       ;
;      - add_res[16]~32                                   ; 1                 ; 6       ;
;      - lpm_mult:Mult0|mult_46t:auto_generated|mac_mult1 ; 1                 ; 6       ;
;      - lpm_mult:Mult0|mult_46t:auto_generated|mac_mult3 ; 1                 ; 6       ;
;      - ShiftRight0~15                                   ; 1                 ; 6       ;
;      - ShiftRight0~41                                   ; 1                 ; 6       ;
;      - or_res[16]                                       ; 1                 ; 6       ;
;      - ShiftLeft0~69                                    ; 1                 ; 6       ;
;      - res~123                                          ; 1                 ; 6       ;
;      - ShiftLeft0~76                                    ; 1                 ; 6       ;
; src1[15]                                                ;                   ;         ;
;      - sub_res[15]~30                                   ; 1                 ; 6       ;
;      - add_res[15]~30                                   ; 1                 ; 6       ;
;      - lpm_mult:Mult0|mult_46t:auto_generated|mac_mult1 ; 1                 ; 6       ;
;      - lpm_mult:Mult0|mult_46t:auto_generated|mac_mult3 ; 1                 ; 6       ;
;      - ShiftRight0~19                                   ; 1                 ; 6       ;
;      - ShiftRight0~71                                   ; 1                 ; 6       ;
;      - ShiftLeft0~65                                    ; 1                 ; 6       ;
;      - or_res[15]                                       ; 1                 ; 6       ;
;      - and_res[15]                                      ; 1                 ; 6       ;
;      - xor_res[15]                                      ; 1                 ; 6       ;
;      - ShiftLeft0~73                                    ; 1                 ; 6       ;
; src1[13]                                                ;                   ;         ;
;      - sub_res[13]~26                                   ; 1                 ; 6       ;
;      - add_res[13]~26                                   ; 1                 ; 6       ;
;      - lpm_mult:Mult0|mult_46t:auto_generated|mac_mult1 ; 1                 ; 6       ;
;      - lpm_mult:Mult0|mult_46t:auto_generated|mac_mult3 ; 1                 ; 6       ;
;      - ShiftRight0~19                                   ; 1                 ; 6       ;
;      - ShiftRight0~73                                   ; 1                 ; 6       ;
;      - ShiftLeft0~55                                    ; 1                 ; 6       ;
;      - or_res[13]                                       ; 1                 ; 6       ;
;      - and_res[13]                                      ; 1                 ; 6       ;
;      - xor_res[13]                                      ; 1                 ; 6       ;
;      - ShiftLeft0~65                                    ; 1                 ; 6       ;
; src1[14]                                                ;                   ;         ;
;      - sub_res[14]~28                                   ; 1                 ; 6       ;
;      - add_res[14]~28                                   ; 1                 ; 6       ;
;      - lpm_mult:Mult0|mult_46t:auto_generated|mac_mult1 ; 1                 ; 6       ;
;      - lpm_mult:Mult0|mult_46t:auto_generated|mac_mult3 ; 1                 ; 6       ;
;      - ShiftRight0~20                                   ; 1                 ; 6       ;
;      - ShiftRight0~41                                   ; 1                 ; 6       ;
;      - ShiftLeft0~60                                    ; 1                 ; 6       ;
;      - xor_res[14]                                      ; 1                 ; 6       ;
;      - ShiftLeft0~69                                    ; 1                 ; 6       ;
;      - res~247                                          ; 1                 ; 6       ;
; src1[12]                                                ;                   ;         ;
;      - sub_res[12]~24                                   ; 0                 ; 6       ;
;      - add_res[12]~24                                   ; 0                 ; 6       ;
;      - lpm_mult:Mult0|mult_46t:auto_generated|mac_mult1 ; 0                 ; 6       ;
;      - lpm_mult:Mult0|mult_46t:auto_generated|mac_mult3 ; 0                 ; 6       ;
;      - ShiftRight0~20                                   ; 0                 ; 6       ;
;      - ShiftRight0~43                                   ; 0                 ; 6       ;
;      - ShiftLeft0~51                                    ; 0                 ; 6       ;
;      - xor_res[12]                                      ; 0                 ; 6       ;
;      - ShiftLeft0~60                                    ; 0                 ; 6       ;
;      - res~246                                          ; 0                 ; 6       ;
; src1[11]                                                ;                   ;         ;
;      - sub_res[11]~22                                   ; 0                 ; 6       ;
;      - add_res[11]~22                                   ; 0                 ; 6       ;
;      - lpm_mult:Mult0|mult_46t:auto_generated|mac_mult1 ; 0                 ; 6       ;
;      - lpm_mult:Mult0|mult_46t:auto_generated|mac_mult3 ; 0                 ; 6       ;
;      - ShiftRight0~22                                   ; 0                 ; 6       ;
;      - ShiftRight0~73                                   ; 0                 ; 6       ;
;      - ShiftLeft0~46                                    ; 0                 ; 6       ;
;      - or_res[11]                                       ; 0                 ; 6       ;
;      - and_res[11]                                      ; 0                 ; 6       ;
;      - xor_res[11]                                      ; 0                 ; 6       ;
;      - ShiftLeft0~55                                    ; 0                 ; 6       ;
; src1[9]                                                 ;                   ;         ;
;      - sub_res[9]~18                                    ; 0                 ; 6       ;
;      - add_res[9]~18                                    ; 0                 ; 6       ;
;      - lpm_mult:Mult0|mult_46t:auto_generated|mac_mult1 ; 0                 ; 6       ;
;      - lpm_mult:Mult0|mult_46t:auto_generated|mac_mult3 ; 0                 ; 6       ;
;      - ShiftRight0~22                                   ; 0                 ; 6       ;
;      - ShiftRight0~69                                   ; 0                 ; 6       ;
;      - ShiftLeft0~38                                    ; 0                 ; 6       ;
;      - or_res[9]                                        ; 0                 ; 6       ;
;      - and_res[9]                                       ; 0                 ; 6       ;
;      - xor_res[9]                                       ; 0                 ; 6       ;
;      - ShiftLeft0~46                                    ; 0                 ; 6       ;
; src1[10]                                                ;                   ;         ;
;      - sub_res[10]~20                                   ; 0                 ; 6       ;
;      - add_res[10]~20                                   ; 0                 ; 6       ;
;      - lpm_mult:Mult0|mult_46t:auto_generated|mac_mult1 ; 0                 ; 6       ;
;      - lpm_mult:Mult0|mult_46t:auto_generated|mac_mult3 ; 0                 ; 6       ;
;      - ShiftRight0~23                                   ; 0                 ; 6       ;
;      - ShiftRight0~43                                   ; 0                 ; 6       ;
;      - ShiftLeft0~42                                    ; 0                 ; 6       ;
;      - xor_res[10]                                      ; 0                 ; 6       ;
;      - ShiftLeft0~51                                    ; 0                 ; 6       ;
;      - res~245                                          ; 0                 ; 6       ;
; src1[8]                                                 ;                   ;         ;
;      - sub_res[8]~16                                    ; 1                 ; 6       ;
;      - add_res[8]~16                                    ; 1                 ; 6       ;
;      - lpm_mult:Mult0|mult_46t:auto_generated|mac_mult1 ; 1                 ; 6       ;
;      - lpm_mult:Mult0|mult_46t:auto_generated|mac_mult3 ; 1                 ; 6       ;
;      - ShiftRight0~23                                   ; 1                 ; 6       ;
;      - ShiftRight0~37                                   ; 1                 ; 6       ;
;      - ShiftRight0~68                                   ; 1                 ; 6       ;
;      - ShiftLeft0~34                                    ; 1                 ; 6       ;
;      - xor_res[8]                                       ; 1                 ; 6       ;
;      - ShiftLeft0~42                                    ; 1                 ; 6       ;
;      - res~244                                          ; 1                 ; 6       ;
; src1[1]                                                 ;                   ;         ;
;      - sub_res[1]~2                                     ; 1                 ; 6       ;
;      - add_res[1]~2                                     ; 1                 ; 6       ;
;      - lpm_mult:Mult0|mult_46t:auto_generated|mac_mult1 ; 1                 ; 6       ;
;      - lpm_mult:Mult0|mult_46t:auto_generated|mac_mult3 ; 1                 ; 6       ;
;      - ShiftRight0~26                                   ; 1                 ; 6       ;
;      - ShiftRight0~34                                   ; 1                 ; 6       ;
;      - or_res[1]                                        ; 1                 ; 6       ;
;      - ShiftLeft0~11                                    ; 1                 ; 6       ;
;      - ShiftLeft0~13                                    ; 1                 ; 6       ;
;      - ShiftLeft0~18                                    ; 1                 ; 6       ;
;      - res~248                                          ; 1                 ; 6       ;
; src1[3]                                                 ;                   ;         ;
;      - sub_res[3]~6                                     ; 1                 ; 6       ;
;      - add_res[3]~6                                     ; 1                 ; 6       ;
;      - lpm_mult:Mult0|mult_46t:auto_generated|mac_mult1 ; 1                 ; 6       ;
;      - lpm_mult:Mult0|mult_46t:auto_generated|mac_mult3 ; 1                 ; 6       ;
;      - ShiftRight0~27                                   ; 1                 ; 6       ;
;      - ShiftRight0~35                                   ; 1                 ; 6       ;
;      - res~31                                           ; 1                 ; 6       ;
;      - ShiftLeft0~15                                    ; 1                 ; 6       ;
;      - or_res[3]                                        ; 1                 ; 6       ;
;      - ShiftLeft0~18                                    ; 1                 ; 6       ;
;      - ShiftLeft0~22                                    ; 1                 ; 6       ;
; src1[2]                                                 ;                   ;         ;
;      - sub_res[2]~4                                     ; 0                 ; 6       ;
;      - add_res[2]~4                                     ; 0                 ; 6       ;
;      - lpm_mult:Mult0|mult_46t:auto_generated|mac_mult1 ; 0                 ; 6       ;
;      - lpm_mult:Mult0|mult_46t:auto_generated|mac_mult3 ; 0                 ; 6       ;
;      - ShiftRight0~27                                   ; 0                 ; 6       ;
;      - ShiftRight0~34                                   ; 0                 ; 6       ;
;      - ShiftLeft0~12                                    ; 0                 ; 6       ;
;      - or_res[2]                                        ; 0                 ; 6       ;
;      - res~24                                           ; 0                 ; 6       ;
;      - ShiftLeft0~15                                    ; 0                 ; 6       ;
;      - ShiftLeft0~19                                    ; 0                 ; 6       ;
; src1[7]                                                 ;                   ;         ;
;      - sub_res[7]~14                                    ; 1                 ; 6       ;
;      - add_res[7]~14                                    ; 1                 ; 6       ;
;      - lpm_mult:Mult0|mult_46t:auto_generated|mac_mult1 ; 1                 ; 6       ;
;      - lpm_mult:Mult0|mult_46t:auto_generated|mac_mult3 ; 1                 ; 6       ;
;      - ShiftRight0~29                                   ; 1                 ; 6       ;
;      - ShiftRight0~37                                   ; 1                 ; 6       ;
;      - ShiftRight0~69                                   ; 1                 ; 6       ;
;      - res~59                                           ; 1                 ; 6       ;
;      - ShiftLeft0~30                                    ; 1                 ; 6       ;
;      - or_res[7]                                        ; 1                 ; 6       ;
;      - ShiftLeft0~38                                    ; 1                 ; 6       ;
; src1[6]                                                 ;                   ;         ;
;      - sub_res[6]~12                                    ; 0                 ; 6       ;
;      - add_res[6]~12                                    ; 0                 ; 6       ;
;      - lpm_mult:Mult0|mult_46t:auto_generated|mac_mult1 ; 0                 ; 6       ;
;      - lpm_mult:Mult0|mult_46t:auto_generated|mac_mult3 ; 0                 ; 6       ;
;      - ShiftRight0~29                                   ; 0                 ; 6       ;
;      - ShiftRight0~38                                   ; 0                 ; 6       ;
;      - ShiftRight0~68                                   ; 0                 ; 6       ;
;      - res~52                                           ; 0                 ; 6       ;
;      - ShiftLeft0~26                                    ; 0                 ; 6       ;
;      - or_res[6]                                        ; 0                 ; 6       ;
;      - ShiftLeft0~34                                    ; 0                 ; 6       ;
; src1[5]                                                 ;                   ;         ;
;      - sub_res[5]~10                                    ; 0                 ; 6       ;
;      - add_res[5]~10                                    ; 0                 ; 6       ;
;      - lpm_mult:Mult0|mult_46t:auto_generated|mac_mult1 ; 0                 ; 6       ;
;      - lpm_mult:Mult0|mult_46t:auto_generated|mac_mult3 ; 0                 ; 6       ;
;      - ShiftRight0~30                                   ; 0                 ; 6       ;
;      - ShiftRight0~38                                   ; 0                 ; 6       ;
;      - res~45                                           ; 0                 ; 6       ;
;      - ShiftLeft0~22                                    ; 0                 ; 6       ;
;      - or_res[5]                                        ; 0                 ; 6       ;
;      - ShiftLeft0~30                                    ; 0                 ; 6       ;
; src1[4]                                                 ;                   ;         ;
;      - sub_res[4]~8                                     ; 0                 ; 6       ;
;      - add_res[4]~8                                     ; 0                 ; 6       ;
;      - lpm_mult:Mult0|mult_46t:auto_generated|mac_mult1 ; 0                 ; 6       ;
;      - lpm_mult:Mult0|mult_46t:auto_generated|mac_mult3 ; 0                 ; 6       ;
;      - ShiftRight0~30                                   ; 0                 ; 6       ;
;      - ShiftRight0~35                                   ; 0                 ; 6       ;
;      - res~37                                           ; 0                 ; 6       ;
;      - ShiftLeft0~19                                    ; 0                 ; 6       ;
;      - or_res[4]                                        ; 0                 ; 6       ;
;      - ShiftLeft0~26                                    ; 0                 ; 6       ;
; alu_op[2]                                               ;                   ;         ;
;      - res~12                                           ; 1                 ; 6       ;
;      - res~13                                           ; 1                 ; 6       ;
;      - res~14                                           ; 1                 ; 6       ;
;      - res~16                                           ; 1                 ; 6       ;
;      - res~17                                           ; 1                 ; 6       ;
;      - res~22                                           ; 1                 ; 6       ;
;      - res~23                                           ; 1                 ; 6       ;
;      - res~26                                           ; 1                 ; 6       ;
;      - res~34                                           ; 1                 ; 6       ;
;      - res~37                                           ; 1                 ; 6       ;
;      - res~41                                           ; 1                 ; 6       ;
;      - res~42                                           ; 1                 ; 6       ;
;      - res~45                                           ; 1                 ; 6       ;
;      - res~48                                           ; 1                 ; 6       ;
;      - res~49                                           ; 1                 ; 6       ;
;      - res~52                                           ; 1                 ; 6       ;
;      - res~55                                           ; 1                 ; 6       ;
;      - res~56                                           ; 1                 ; 6       ;
;      - res~59                                           ; 1                 ; 6       ;
;      - res~62                                           ; 1                 ; 6       ;
;      - res~63                                           ; 1                 ; 6       ;
;      - res~66                                           ; 1                 ; 6       ;
;      - res~68                                           ; 1                 ; 6       ;
;      - res~71                                           ; 1                 ; 6       ;
;      - res~72                                           ; 1                 ; 6       ;
;      - res~76                                           ; 1                 ; 6       ;
;      - res~82                                           ; 1                 ; 6       ;
;      - res~88                                           ; 1                 ; 6       ;
;      - res~94                                           ; 1                 ; 6       ;
;      - res~100                                          ; 1                 ; 6       ;
;      - res~106                                          ; 1                 ; 6       ;
;      - res~112                                          ; 1                 ; 6       ;
;      - res~120                                          ; 1                 ; 6       ;
;      - res~122                                          ; 1                 ; 6       ;
;      - res~123                                          ; 1                 ; 6       ;
;      - res~129                                          ; 1                 ; 6       ;
;      - res~130                                          ; 1                 ; 6       ;
;      - res~136                                          ; 1                 ; 6       ;
;      - res~137                                          ; 1                 ; 6       ;
;      - res~143                                          ; 1                 ; 6       ;
;      - res~144                                          ; 1                 ; 6       ;
;      - res~150                                          ; 1                 ; 6       ;
;      - res~151                                          ; 1                 ; 6       ;
;      - res~157                                          ; 1                 ; 6       ;
;      - res~158                                          ; 1                 ; 6       ;
;      - res~164                                          ; 1                 ; 6       ;
;      - res~165                                          ; 1                 ; 6       ;
;      - res~171                                          ; 1                 ; 6       ;
;      - res~172                                          ; 1                 ; 6       ;
;      - res~175                                          ; 1                 ; 6       ;
;      - res~176                                          ; 1                 ; 6       ;
;      - res~178                                          ; 1                 ; 6       ;
;      - res~183                                          ; 1                 ; 6       ;
;      - res~184                                          ; 1                 ; 6       ;
;      - res~186                                          ; 1                 ; 6       ;
;      - res~189                                          ; 1                 ; 6       ;
;      - res~191                                          ; 1                 ; 6       ;
;      - res~192                                          ; 1                 ; 6       ;
;      - res~194                                          ; 1                 ; 6       ;
;      - res~199                                          ; 1                 ; 6       ;
;      - res~200                                          ; 1                 ; 6       ;
;      - res~202                                          ; 1                 ; 6       ;
;      - res~205                                          ; 1                 ; 6       ;
;      - res~207                                          ; 1                 ; 6       ;
;      - res~208                                          ; 1                 ; 6       ;
;      - res~210                                          ; 1                 ; 6       ;
;      - res~221                                          ; 1                 ; 6       ;
;      - res~222                                          ; 1                 ; 6       ;
;      - res~232                                          ; 1                 ; 6       ;
;      - res~233                                          ; 1                 ; 6       ;
;      - res~241                                          ; 1                 ; 6       ;
;      - overflow~3                                       ; 1                 ; 6       ;
;      - overflow~4                                       ; 1                 ; 6       ;
;      - overflow~5                                       ; 1                 ; 6       ;
;      - res~248                                          ; 1                 ; 6       ;
;      - res~249                                          ; 1                 ; 6       ;
; src2[5]                                                 ;                   ;         ;
;      - sub_res[5]~10                                    ; 1                 ; 6       ;
;      - add_res[5]~10                                    ; 1                 ; 6       ;
;      - lpm_mult:Mult0|mult_46t:auto_generated|mac_mult1 ; 1                 ; 6       ;
;      - res~45                                           ; 1                 ; 6       ;
;      - or_res[5]                                        ; 1                 ; 6       ;
;      - lpm_mult:Mult0|mult_46t:auto_generated|mac_mult5 ; 1                 ; 6       ;
; src2[6]                                                 ;                   ;         ;
;      - sub_res[6]~12                                    ; 0                 ; 6       ;
;      - add_res[6]~12                                    ; 0                 ; 6       ;
;      - lpm_mult:Mult0|mult_46t:auto_generated|mac_mult1 ; 0                 ; 6       ;
;      - res~52                                           ; 0                 ; 6       ;
;      - or_res[6]                                        ; 0                 ; 6       ;
;      - lpm_mult:Mult0|mult_46t:auto_generated|mac_mult5 ; 0                 ; 6       ;
; src2[7]                                                 ;                   ;         ;
;      - sub_res[7]~14                                    ; 1                 ; 6       ;
;      - add_res[7]~14                                    ; 1                 ; 6       ;
;      - lpm_mult:Mult0|mult_46t:auto_generated|mac_mult1 ; 1                 ; 6       ;
;      - res~59                                           ; 1                 ; 6       ;
;      - or_res[7]                                        ; 1                 ; 6       ;
;      - lpm_mult:Mult0|mult_46t:auto_generated|mac_mult5 ; 1                 ; 6       ;
; src2[8]                                                 ;                   ;         ;
;      - sub_res[8]~16                                    ; 1                 ; 6       ;
;      - add_res[8]~16                                    ; 1                 ; 6       ;
;      - lpm_mult:Mult0|mult_46t:auto_generated|mac_mult1 ; 1                 ; 6       ;
;      - xor_res[8]                                       ; 1                 ; 6       ;
;      - res~244                                          ; 1                 ; 6       ;
;      - lpm_mult:Mult0|mult_46t:auto_generated|mac_mult5 ; 1                 ; 6       ;
; src2[9]                                                 ;                   ;         ;
;      - sub_res[9]~18                                    ; 1                 ; 6       ;
;      - add_res[9]~18                                    ; 1                 ; 6       ;
;      - lpm_mult:Mult0|mult_46t:auto_generated|mac_mult1 ; 1                 ; 6       ;
;      - or_res[9]                                        ; 1                 ; 6       ;
;      - and_res[9]                                       ; 1                 ; 6       ;
;      - xor_res[9]                                       ; 1                 ; 6       ;
;      - lpm_mult:Mult0|mult_46t:auto_generated|mac_mult5 ; 1                 ; 6       ;
; src2[10]                                                ;                   ;         ;
;      - sub_res[10]~20                                   ; 0                 ; 6       ;
;      - add_res[10]~20                                   ; 0                 ; 6       ;
;      - lpm_mult:Mult0|mult_46t:auto_generated|mac_mult1 ; 0                 ; 6       ;
;      - xor_res[10]                                      ; 0                 ; 6       ;
;      - res~245                                          ; 0                 ; 6       ;
;      - lpm_mult:Mult0|mult_46t:auto_generated|mac_mult5 ; 0                 ; 6       ;
; src2[11]                                                ;                   ;         ;
;      - sub_res[11]~22                                   ; 1                 ; 6       ;
;      - add_res[11]~22                                   ; 1                 ; 6       ;
;      - lpm_mult:Mult0|mult_46t:auto_generated|mac_mult1 ; 1                 ; 6       ;
;      - or_res[11]                                       ; 1                 ; 6       ;
;      - and_res[11]                                      ; 1                 ; 6       ;
;      - xor_res[11]                                      ; 1                 ; 6       ;
;      - lpm_mult:Mult0|mult_46t:auto_generated|mac_mult5 ; 1                 ; 6       ;
; src2[12]                                                ;                   ;         ;
;      - sub_res[12]~24                                   ; 0                 ; 6       ;
;      - add_res[12]~24                                   ; 0                 ; 6       ;
;      - lpm_mult:Mult0|mult_46t:auto_generated|mac_mult1 ; 0                 ; 6       ;
;      - xor_res[12]                                      ; 0                 ; 6       ;
;      - res~246                                          ; 0                 ; 6       ;
;      - lpm_mult:Mult0|mult_46t:auto_generated|mac_mult5 ; 0                 ; 6       ;
; src2[13]                                                ;                   ;         ;
;      - sub_res[13]~26                                   ; 1                 ; 6       ;
;      - add_res[13]~26                                   ; 1                 ; 6       ;
;      - lpm_mult:Mult0|mult_46t:auto_generated|mac_mult1 ; 1                 ; 6       ;
;      - or_res[13]                                       ; 1                 ; 6       ;
;      - and_res[13]                                      ; 1                 ; 6       ;
;      - xor_res[13]                                      ; 1                 ; 6       ;
;      - lpm_mult:Mult0|mult_46t:auto_generated|mac_mult5 ; 1                 ; 6       ;
; src2[14]                                                ;                   ;         ;
;      - sub_res[14]~28                                   ; 0                 ; 6       ;
;      - add_res[14]~28                                   ; 0                 ; 6       ;
;      - lpm_mult:Mult0|mult_46t:auto_generated|mac_mult1 ; 0                 ; 6       ;
;      - xor_res[14]                                      ; 0                 ; 6       ;
;      - res~247                                          ; 0                 ; 6       ;
;      - lpm_mult:Mult0|mult_46t:auto_generated|mac_mult5 ; 0                 ; 6       ;
; src2[15]                                                ;                   ;         ;
;      - sub_res[15]~30                                   ; 1                 ; 6       ;
;      - add_res[15]~30                                   ; 1                 ; 6       ;
;      - lpm_mult:Mult0|mult_46t:auto_generated|mac_mult1 ; 1                 ; 6       ;
;      - or_res[15]                                       ; 1                 ; 6       ;
;      - and_res[15]                                      ; 1                 ; 6       ;
;      - xor_res[15]                                      ; 1                 ; 6       ;
;      - lpm_mult:Mult0|mult_46t:auto_generated|mac_mult5 ; 1                 ; 6       ;
; src2[16]                                                ;                   ;         ;
;      - sub_res[16]~32                                   ; 1                 ; 6       ;
;      - add_res[16]~32                                   ; 1                 ; 6       ;
;      - lpm_mult:Mult0|mult_46t:auto_generated|mac_mult1 ; 1                 ; 6       ;
;      - or_res[16]                                       ; 1                 ; 6       ;
;      - res~123                                          ; 1                 ; 6       ;
;      - lpm_mult:Mult0|mult_46t:auto_generated|mac_mult5 ; 1                 ; 6       ;
; src2[17]                                                ;                   ;         ;
;      - sub_res[17]~34                                   ; 0                 ; 6       ;
;      - add_res[17]~34                                   ; 0                 ; 6       ;
;      - lpm_mult:Mult0|mult_46t:auto_generated|mac_mult1 ; 0                 ; 6       ;
;      - or_res[17]                                       ; 0                 ; 6       ;
;      - res~130                                          ; 0                 ; 6       ;
;      - lpm_mult:Mult0|mult_46t:auto_generated|mac_mult5 ; 0                 ; 6       ;
; src2[18]                                                ;                   ;         ;
;      - sub_res[18]~36                                   ; 0                 ; 6       ;
;      - add_res[18]~36                                   ; 0                 ; 6       ;
;      - lpm_mult:Mult0|mult_46t:auto_generated|mac_mult3 ; 0                 ; 6       ;
;      - lpm_mult:Mult0|mult_46t:auto_generated|mac_mult7 ; 0                 ; 6       ;
;      - or_res[18]                                       ; 0                 ; 6       ;
;      - res~137                                          ; 0                 ; 6       ;
; src2[19]                                                ;                   ;         ;
;      - sub_res[19]~38                                   ; 1                 ; 6       ;
;      - add_res[19]~38                                   ; 1                 ; 6       ;
;      - lpm_mult:Mult0|mult_46t:auto_generated|mac_mult3 ; 1                 ; 6       ;
;      - lpm_mult:Mult0|mult_46t:auto_generated|mac_mult7 ; 1                 ; 6       ;
;      - or_res[19]                                       ; 1                 ; 6       ;
;      - res~144                                          ; 1                 ; 6       ;
; src2[20]                                                ;                   ;         ;
;      - sub_res[20]~40                                   ; 0                 ; 6       ;
;      - add_res[20]~40                                   ; 0                 ; 6       ;
;      - lpm_mult:Mult0|mult_46t:auto_generated|mac_mult3 ; 0                 ; 6       ;
;      - lpm_mult:Mult0|mult_46t:auto_generated|mac_mult7 ; 0                 ; 6       ;
;      - or_res[20]                                       ; 0                 ; 6       ;
;      - res~151                                          ; 0                 ; 6       ;
; src2[21]                                                ;                   ;         ;
;      - sub_res[21]~42                                   ; 1                 ; 6       ;
;      - add_res[21]~42                                   ; 1                 ; 6       ;
;      - lpm_mult:Mult0|mult_46t:auto_generated|mac_mult3 ; 1                 ; 6       ;
;      - lpm_mult:Mult0|mult_46t:auto_generated|mac_mult7 ; 1                 ; 6       ;
;      - or_res[21]                                       ; 1                 ; 6       ;
;      - res~158                                          ; 1                 ; 6       ;
; src2[22]                                                ;                   ;         ;
;      - sub_res[22]~44                                   ; 1                 ; 6       ;
;      - add_res[22]~44                                   ; 1                 ; 6       ;
;      - lpm_mult:Mult0|mult_46t:auto_generated|mac_mult3 ; 1                 ; 6       ;
;      - lpm_mult:Mult0|mult_46t:auto_generated|mac_mult7 ; 1                 ; 6       ;
;      - or_res[22]                                       ; 1                 ; 6       ;
;      - res~165                                          ; 1                 ; 6       ;
; src2[23]                                                ;                   ;         ;
;      - sub_res[23]~46                                   ; 0                 ; 6       ;
;      - add_res[23]~46                                   ; 0                 ; 6       ;
;      - lpm_mult:Mult0|mult_46t:auto_generated|mac_mult3 ; 0                 ; 6       ;
;      - lpm_mult:Mult0|mult_46t:auto_generated|mac_mult7 ; 0                 ; 6       ;
;      - or_res[23]                                       ; 0                 ; 6       ;
;      - res~172                                          ; 0                 ; 6       ;
; src2[24]                                                ;                   ;         ;
;      - sub_res[24]~48                                   ; 0                 ; 6       ;
;      - add_res[24]~48                                   ; 0                 ; 6       ;
;      - lpm_mult:Mult0|mult_46t:auto_generated|mac_mult3 ; 0                 ; 6       ;
;      - lpm_mult:Mult0|mult_46t:auto_generated|mac_mult7 ; 0                 ; 6       ;
;      - res~176                                          ; 0                 ; 6       ;
;      - or_res[24]                                       ; 0                 ; 6       ;
; src2[25]                                                ;                   ;         ;
;      - sub_res[25]~50                                   ; 0                 ; 6       ;
;      - add_res[25]~50                                   ; 0                 ; 6       ;
;      - lpm_mult:Mult0|mult_46t:auto_generated|mac_mult3 ; 0                 ; 6       ;
;      - lpm_mult:Mult0|mult_46t:auto_generated|mac_mult7 ; 0                 ; 6       ;
;      - res~184                                          ; 0                 ; 6       ;
;      - or_res[25]                                       ; 0                 ; 6       ;
; src2[26]                                                ;                   ;         ;
;      - sub_res[26]~52                                   ; 0                 ; 6       ;
;      - add_res[26]~52                                   ; 0                 ; 6       ;
;      - lpm_mult:Mult0|mult_46t:auto_generated|mac_mult3 ; 0                 ; 6       ;
;      - lpm_mult:Mult0|mult_46t:auto_generated|mac_mult7 ; 0                 ; 6       ;
;      - res~192                                          ; 0                 ; 6       ;
;      - or_res[26]                                       ; 0                 ; 6       ;
; src2[27]                                                ;                   ;         ;
;      - sub_res[27]~54                                   ; 0                 ; 6       ;
;      - add_res[27]~54                                   ; 0                 ; 6       ;
;      - lpm_mult:Mult0|mult_46t:auto_generated|mac_mult3 ; 0                 ; 6       ;
;      - lpm_mult:Mult0|mult_46t:auto_generated|mac_mult7 ; 0                 ; 6       ;
;      - res~200                                          ; 0                 ; 6       ;
;      - or_res[27]                                       ; 0                 ; 6       ;
; src2[28]                                                ;                   ;         ;
;      - add_res[28]~56                                   ; 1                 ; 6       ;
;      - sub_res[28]~56                                   ; 1                 ; 6       ;
;      - lpm_mult:Mult0|mult_46t:auto_generated|mac_mult3 ; 1                 ; 6       ;
;      - lpm_mult:Mult0|mult_46t:auto_generated|mac_mult7 ; 1                 ; 6       ;
;      - res~208                                          ; 1                 ; 6       ;
;      - res~214                                          ; 1                 ; 6       ;
; src2[29]                                                ;                   ;         ;
;      - add_res[29]~58                                   ; 0                 ; 6       ;
;      - sub_res[29]~58                                   ; 0                 ; 6       ;
;      - lpm_mult:Mult0|mult_46t:auto_generated|mac_mult3 ; 0                 ; 6       ;
;      - lpm_mult:Mult0|mult_46t:auto_generated|mac_mult7 ; 0                 ; 6       ;
;      - or_res[29]                                       ; 0                 ; 6       ;
;      - res~222                                          ; 0                 ; 6       ;
; src2[30]                                                ;                   ;         ;
;      - sub_res[30]~60                                   ; 0                 ; 6       ;
;      - add_res[30]~60                                   ; 0                 ; 6       ;
;      - lpm_mult:Mult0|mult_46t:auto_generated|mac_mult3 ; 0                 ; 6       ;
;      - lpm_mult:Mult0|mult_46t:auto_generated|mac_mult7 ; 0                 ; 6       ;
;      - or_res[30]                                       ; 0                 ; 6       ;
;      - res~233                                          ; 0                 ; 6       ;
; src2[31]                                                ;                   ;         ;
;      - sub_res[31]~62                                   ; 0                 ; 6       ;
;      - add_res[31]~62                                   ; 0                 ; 6       ;
;      - lpm_mult:Mult0|mult_46t:auto_generated|mac_mult3 ; 0                 ; 6       ;
;      - lpm_mult:Mult0|mult_46t:auto_generated|mac_mult7 ; 0                 ; 6       ;
;      - or_res[31]                                       ; 0                 ; 6       ;
;      - xor_res[31]                                      ; 0                 ; 6       ;
;      - comb~0                                           ; 0                 ; 6       ;
;      - overflow~3                                       ; 0                 ; 6       ;
+---------------------------------------------------------+-------------------+---------+


+-----------------------------------------------------------------------------------------------+
; Fitter DSP Block Usage Summary                                                                ;
+---------------------------------------+-------------+---------------------+-------------------+
; Statistic                             ; Number Used ; Available per Block ; Maximum Available ;
+---------------------------------------+-------------+---------------------+-------------------+
; Simple Multipliers (9-bit)            ; 0           ; 2                   ; 532               ;
; Simple Multipliers (18-bit)           ; 4           ; 1                   ; 266               ;
; Embedded Multiplier Blocks            ; 4           ; --                  ; 266               ;
; Embedded Multiplier 9-bit elements    ; 8           ; 2                   ; 532               ;
; Signed Embedded Multipliers           ; 1           ; --                  ; --                ;
; Unsigned Embedded Multipliers         ; 1           ; --                  ; --                ;
; Mixed Sign Embedded Multipliers       ; 2           ; --                  ; --                ;
; Variable Sign Embedded Multipliers    ; 0           ; --                  ; --                ;
; Dedicated Input Shift Register Chains ; 0           ; --                  ; --                ;
+---------------------------------------+-------------+---------------------+-------------------+


+----------------------------------------------------------------------------------------------------------------------------------------------------------------------------------------------------------------------------------------------------+
; DSP Block Details                                                                                                                                                                                                                                  ;
+-----------------------------------------------------+----------------------------+--------------------+---------------------+--------------------------------+-----------------------+-----------------------+-------------------+-----------------+
; Name                                                ; Mode                       ; Location           ; Sign Representation ; Has Input Shift Register Chain ; Data A Input Register ; Data B Input Register ; Pipeline Register ; Output Register ;
+-----------------------------------------------------+----------------------------+--------------------+---------------------+--------------------------------+-----------------------+-----------------------+-------------------+-----------------+
; lpm_mult:Mult0|mult_46t:auto_generated|w569w[0]     ; Simple Multiplier (18-bit) ; DSPOUT_X71_Y13_N2  ;                     ; No                             ;                       ;                       ;                   ; no              ;
;    lpm_mult:Mult0|mult_46t:auto_generated|mac_mult1 ;                            ; DSPMULT_X71_Y13_N0 ; Unsigned            ;                                ; no                    ; no                    ; no                ;                 ;
; lpm_mult:Mult0|mult_46t:auto_generated|mac_out4     ; Simple Multiplier (18-bit) ; DSPOUT_X71_Y16_N2  ;                     ; No                             ;                       ;                       ;                   ; no              ;
;    lpm_mult:Mult0|mult_46t:auto_generated|mac_mult3 ;                            ; DSPMULT_X71_Y16_N0 ; Mixed               ;                                ; no                    ; no                    ; no                ;                 ;
; lpm_mult:Mult0|mult_46t:auto_generated|mac_out6     ; Simple Multiplier (18-bit) ; DSPOUT_X71_Y14_N2  ;                     ; No                             ;                       ;                       ;                   ; no              ;
;    lpm_mult:Mult0|mult_46t:auto_generated|mac_mult5 ;                            ; DSPMULT_X71_Y14_N0 ; Mixed               ;                                ; no                    ; no                    ; no                ;                 ;
; lpm_mult:Mult0|mult_46t:auto_generated|mac_out8     ; Simple Multiplier (18-bit) ; DSPOUT_X71_Y15_N2  ;                     ; No                             ;                       ;                       ;                   ; no              ;
;    lpm_mult:Mult0|mult_46t:auto_generated|mac_mult7 ;                            ; DSPMULT_X71_Y15_N0 ; Signed              ;                                ; no                    ; no                    ; no                ;                 ;
+-----------------------------------------------------+----------------------------+--------------------+---------------------+--------------------------------+-----------------------+-----------------------+-------------------+-----------------+


+---------------------------------------------------+
; Routing Usage Summary                             ;
+-----------------------+---------------------------+
; Routing Resource Type ; Usage                     ;
+-----------------------+---------------------------+
; Block interconnects   ; 1,141 / 342,891 ( < 1 % ) ;
; C16 interconnects     ; 130 / 10,120 ( 1 % )      ;
; C4 interconnects      ; 827 / 209,544 ( < 1 % )   ;
; Direct links          ; 105 / 342,891 ( < 1 % )   ;
; Global clocks         ; 0 / 20 ( 0 % )            ;
; Local interconnects   ; 323 / 119,088 ( < 1 % )   ;
; R24 interconnects     ; 95 / 9,963 ( < 1 % )      ;
; R4 interconnects      ; 728 / 289,782 ( < 1 % )   ;
+-----------------------+---------------------------+


+----------------------------------------------------------------------------+
; LAB Logic Elements                                                         ;
+---------------------------------------------+------------------------------+
; Number of Logic Elements  (Average = 14.46) ; Number of LABs  (Total = 46) ;
+---------------------------------------------+------------------------------+
; 1                                           ; 2                            ;
; 2                                           ; 0                            ;
; 3                                           ; 0                            ;
; 4                                           ; 0                            ;
; 5                                           ; 0                            ;
; 6                                           ; 0                            ;
; 7                                           ; 0                            ;
; 8                                           ; 0                            ;
; 9                                           ; 0                            ;
; 10                                          ; 0                            ;
; 11                                          ; 0                            ;
; 12                                          ; 2                            ;
; 13                                          ; 2                            ;
; 14                                          ; 7                            ;
; 15                                          ; 13                           ;
; 16                                          ; 20                           ;
+---------------------------------------------+------------------------------+


+-----------------------------------------------------------------------------+
; LAB Signals Sourced                                                         ;
+----------------------------------------------+------------------------------+
; Number of Signals Sourced  (Average = 14.46) ; Number of LABs  (Total = 46) ;
+----------------------------------------------+------------------------------+
; 0                                            ; 0                            ;
; 1                                            ; 2                            ;
; 2                                            ; 0                            ;
; 3                                            ; 0                            ;
; 4                                            ; 0                            ;
; 5                                            ; 0                            ;
; 6                                            ; 0                            ;
; 7                                            ; 0                            ;
; 8                                            ; 0                            ;
; 9                                            ; 0                            ;
; 10                                           ; 0                            ;
; 11                                           ; 0                            ;
; 12                                           ; 2                            ;
; 13                                           ; 2                            ;
; 14                                           ; 7                            ;
; 15                                           ; 13                           ;
; 16                                           ; 20                           ;
+----------------------------------------------+------------------------------+


+--------------------------------------------------------------------------------+
; LAB Signals Sourced Out                                                        ;
+-------------------------------------------------+------------------------------+
; Number of Signals Sourced Out  (Average = 8.30) ; Number of LABs  (Total = 46) ;
+-------------------------------------------------+------------------------------+
; 0                                               ; 0                            ;
; 1                                               ; 2                            ;
; 2                                               ; 3                            ;
; 3                                               ; 5                            ;
; 4                                               ; 2                            ;
; 5                                               ; 3                            ;
; 6                                               ; 3                            ;
; 7                                               ; 2                            ;
; 8                                               ; 6                            ;
; 9                                               ; 2                            ;
; 10                                              ; 5                            ;
; 11                                              ; 2                            ;
; 12                                              ; 1                            ;
; 13                                              ; 1                            ;
; 14                                              ; 0                            ;
; 15                                              ; 3                            ;
; 16                                              ; 6                            ;
+-------------------------------------------------+------------------------------+


+-----------------------------------------------------------------------------+
; LAB Distinct Inputs                                                         ;
+----------------------------------------------+------------------------------+
; Number of Distinct Inputs  (Average = 20.41) ; Number of LABs  (Total = 46) ;
+----------------------------------------------+------------------------------+
; 0                                            ; 0                            ;
; 1                                            ; 0                            ;
; 2                                            ; 1                            ;
; 3                                            ; 1                            ;
; 4                                            ; 0                            ;
; 5                                            ; 0                            ;
; 6                                            ; 0                            ;
; 7                                            ; 0                            ;
; 8                                            ; 1                            ;
; 9                                            ; 4                            ;
; 10                                           ; 1                            ;
; 11                                           ; 1                            ;
; 12                                           ; 0                            ;
; 13                                           ; 0                            ;
; 14                                           ; 1                            ;
; 15                                           ; 1                            ;
; 16                                           ; 2                            ;
; 17                                           ; 4                            ;
; 18                                           ; 2                            ;
; 19                                           ; 2                            ;
; 20                                           ; 0                            ;
; 21                                           ; 4                            ;
; 22                                           ; 2                            ;
; 23                                           ; 2                            ;
; 24                                           ; 3                            ;
; 25                                           ; 0                            ;
; 26                                           ; 1                            ;
; 27                                           ; 4                            ;
; 28                                           ; 0                            ;
; 29                                           ; 0                            ;
; 30                                           ; 3                            ;
; 31                                           ; 0                            ;
; 32                                           ; 2                            ;
; 33                                           ; 4                            ;
+----------------------------------------------+------------------------------+


+------------------------------------------+
; I/O Rules Summary                        ;
+----------------------------------+-------+
; I/O Rules Statistic              ; Total ;
+----------------------------------+-------+
; Total I/O Rules                  ; 30    ;
; Number of I/O Rules Passed       ; 9     ;
; Number of I/O Rules Failed       ; 0     ;
; Number of I/O Rules Unchecked    ; 0     ;
; Number of I/O Rules Inapplicable ; 21    ;
+----------------------------------+-------+


+-----------------------------------------------------------------------------------------------------------------------------------------------------------------------------------------------------------------------------------------------------------------------------------------------------+
; I/O Rules Details                                                                                                                                                                                                                                                                                   ;
+--------------+-----------+-----------------------------------+------------------------------------------------------------------------------------------------------+----------+--------------------------------------------------------------------------+---------------------+-------------------+
; Status       ; ID        ; Category                          ; Rule Description                                                                                     ; Severity ; Information                                                              ; Area                ; Extra Information ;
+--------------+-----------+-----------------------------------+------------------------------------------------------------------------------------------------------+----------+--------------------------------------------------------------------------+---------------------+-------------------+
; Inapplicable ; IO_000001 ; Capacity Checks                   ; Number of pins in an I/O bank should not exceed the number of locations available.                   ; Critical ; No Location assignments found.                                           ; I/O                 ;                   ;
; Inapplicable ; IO_000002 ; Capacity Checks                   ; Number of clocks in an I/O bank should not exceed the number of clocks available.                    ; Critical ; No Global Signal assignments found.                                      ; I/O                 ;                   ;
; Inapplicable ; IO_000003 ; Capacity Checks                   ; Number of pins in a Vrefgroup should not exceed the number of locations available.                   ; Critical ; No Location assignments found.                                           ; I/O                 ;                   ;
; Inapplicable ; IO_000004 ; Voltage Compatibility Checks      ; The I/O bank should support the requested VCCIO.                                                     ; Critical ; No IOBANK_VCCIO assignments found.                                       ; I/O                 ;                   ;
; Inapplicable ; IO_000005 ; Voltage Compatibility Checks      ; The I/O bank should not have competing VREF values.                                                  ; Critical ; No VREF I/O Standard assignments found.                                  ; I/O                 ;                   ;
; Pass         ; IO_000006 ; Voltage Compatibility Checks      ; The I/O bank should not have competing VCCIO values.                                                 ; Critical ; 0 such failures found.                                                   ; I/O                 ;                   ;
; Inapplicable ; IO_000007 ; Valid Location Checks             ; Checks for unavailable locations.                                                                    ; Critical ; No Location assignments found.                                           ; I/O                 ;                   ;
; Inapplicable ; IO_000008 ; Valid Location Checks             ; Checks for reserved locations.                                                                       ; Critical ; No reserved LogicLock region found.                                      ; I/O                 ;                   ;
; Pass         ; IO_000009 ; I/O Properties Checks for One I/O ; The location should support the requested I/O standard.                                              ; Critical ; 0 such failures found.                                                   ; I/O                 ;                   ;
; Pass         ; IO_000010 ; I/O Properties Checks for One I/O ; The location should support the requested I/O direction.                                             ; Critical ; 0 such failures found.                                                   ; I/O                 ;                   ;
; Inapplicable ; IO_000011 ; I/O Properties Checks for One I/O ; The location should support the requested Current Strength.                                          ; Critical ; No Current Strength assignments found.                                   ; I/O                 ;                   ;
; Pass         ; IO_000012 ; I/O Properties Checks for One I/O ; The location should support the requested On Chip Termination value.                                 ; Critical ; 0 such failures found.                                                   ; I/O                 ;                   ;
; Inapplicable ; IO_000013 ; I/O Properties Checks for One I/O ; The location should support the requested Bus Hold value.                                            ; Critical ; No Enable Bus-Hold Circuitry assignments found.                          ; I/O                 ;                   ;
; Inapplicable ; IO_000014 ; I/O Properties Checks for One I/O ; The location should support the requested Weak Pull Up value.                                        ; Critical ; No Weak Pull-Up Resistor assignments found.                              ; I/O                 ;                   ;
; Pass         ; IO_000015 ; I/O Properties Checks for One I/O ; The location should support the requested PCI Clamp Diode.                                           ; Critical ; 0 such failures found.                                                   ; I/O                 ;                   ;
; Inapplicable ; IO_000018 ; I/O Properties Checks for One I/O ; The I/O standard should support the requested Current Strength.                                      ; Critical ; No Current Strength assignments found.                                   ; I/O                 ;                   ;
; Pass         ; IO_000019 ; I/O Properties Checks for One I/O ; The I/O standard should support the requested On Chip Termination value.                             ; Critical ; 0 such failures found.                                                   ; I/O                 ;                   ;
; Pass         ; IO_000020 ; I/O Properties Checks for One I/O ; The I/O standard should support the requested PCI Clamp Diode.                                       ; Critical ; 0 such failures found.                                                   ; I/O                 ;                   ;
; Inapplicable ; IO_000021 ; I/O Properties Checks for One I/O ; The I/O standard should support the requested Weak Pull Up value.                                    ; Critical ; No Weak Pull-Up Resistor assignments found.                              ; I/O                 ;                   ;
; Inapplicable ; IO_000022 ; I/O Properties Checks for One I/O ; The I/O standard should support the requested Bus Hold value.                                        ; Critical ; No Enable Bus-Hold Circuitry assignments found.                          ; I/O                 ;                   ;
; Inapplicable ; IO_000023 ; I/O Properties Checks for One I/O ; The I/O standard should support the Open Drain value.                                                ; Critical ; No open drain assignments found.                                         ; I/O                 ;                   ;
; Pass         ; IO_000024 ; I/O Properties Checks for One I/O ; The I/O direction should support the On Chip Termination value.                                      ; Critical ; 0 such failures found.                                                   ; I/O                 ;                   ;
; Inapplicable ; IO_000026 ; I/O Properties Checks for One I/O ; On Chip Termination and Current Strength should not be used at the same time.                        ; Critical ; No Current Strength assignments found.                                   ; I/O                 ;                   ;
; Inapplicable ; IO_000027 ; I/O Properties Checks for One I/O ; Weak Pull Up and Bus Hold should not be used at the same time.                                       ; Critical ; No Enable Bus-Hold Circuitry or Weak Pull-Up Resistor assignments found. ; I/O                 ;                   ;
; Inapplicable ; IO_000045 ; I/O Properties Checks for One I/O ; The I/O standard should support the requested Slew Rate value.                                       ; Critical ; No Slew Rate assignments found.                                          ; I/O                 ;                   ;
; Inapplicable ; IO_000046 ; I/O Properties Checks for One I/O ; The location should support the requested Slew Rate value.                                           ; Critical ; No Slew Rate assignments found.                                          ; I/O                 ;                   ;
; Inapplicable ; IO_000047 ; I/O Properties Checks for One I/O ; On Chip Termination and Slew Rate should not be used at the same time.                               ; Critical ; No Slew Rate assignments found.                                          ; I/O                 ;                   ;
; Pass         ; IO_000033 ; Electromigration Checks           ; Current density for consecutive I/Os should not exceed 240mA for row I/Os and 240mA for column I/Os. ; Critical ; 0 such failures found.                                                   ; I/O                 ;                   ;
; Inapplicable ; IO_000034 ; SI Related Distance Checks        ; Single-ended outputs should be 5 LAB row(s) away from a differential I/O.                            ; High     ; No Differential I/O Standard assignments found.                          ; I/O                 ;                   ;
; Inapplicable ; IO_000042 ; SI Related SSO Limit Checks       ; No more than 20 outputs are allowed in a VREF group when VREF is being read from.                    ; High     ; No VREF I/O Standard assignments found.                                  ; I/O                 ;                   ;
; ----         ; ----      ; Disclaimer                        ; OCT rules are checked but not reported.                                                              ; None     ; ----                                                                     ; On Chip Termination ;                   ;
+--------------+-----------+-----------------------------------+------------------------------------------------------------------------------------------------------+----------+--------------------------------------------------------------------------+---------------------+-------------------+


+--------------------------------------------------------------------------------------------------------------------------------------------------------------------------------------------------------------------------------------------------------------------------------------------------------------------------------------------------------------------------------------------------------------------------------------------------------------------------+
; I/O Rules Matrix                                                                                                                                                                                                                                                                                                                                                                                                                                                         ;
+--------------------+--------------+--------------+--------------+--------------+--------------+-----------+--------------+--------------+-----------+-----------+--------------+--------------+--------------+--------------+--------------+--------------+--------------+--------------+--------------+--------------+--------------+--------------+--------------+--------------+--------------+--------------+--------------+-----------+--------------+--------------+
; Pin/Rules          ; IO_000001    ; IO_000002    ; IO_000003    ; IO_000004    ; IO_000005    ; IO_000006 ; IO_000007    ; IO_000008    ; IO_000009 ; IO_000010 ; IO_000011    ; IO_000012    ; IO_000013    ; IO_000014    ; IO_000015    ; IO_000018    ; IO_000019    ; IO_000020    ; IO_000021    ; IO_000022    ; IO_000023    ; IO_000024    ; IO_000026    ; IO_000027    ; IO_000045    ; IO_000046    ; IO_000047    ; IO_000033 ; IO_000034    ; IO_000042    ;
+--------------------+--------------+--------------+--------------+--------------+--------------+-----------+--------------+--------------+-----------+-----------+--------------+--------------+--------------+--------------+--------------+--------------+--------------+--------------+--------------+--------------+--------------+--------------+--------------+--------------+--------------+--------------+--------------+-----------+--------------+--------------+
; Total Pass         ; 0            ; 0            ; 0            ; 0            ; 0            ; 100       ; 0            ; 0            ; 100       ; 100       ; 0            ; 33           ; 0            ; 0            ; 67           ; 0            ; 33           ; 67           ; 0            ; 0            ; 0            ; 33           ; 0            ; 0            ; 0            ; 0            ; 0            ; 100       ; 0            ; 0            ;
; Total Unchecked    ; 0            ; 0            ; 0            ; 0            ; 0            ; 0         ; 0            ; 0            ; 0         ; 0         ; 0            ; 0            ; 0            ; 0            ; 0            ; 0            ; 0            ; 0            ; 0            ; 0            ; 0            ; 0            ; 0            ; 0            ; 0            ; 0            ; 0            ; 0         ; 0            ; 0            ;
; Total Inapplicable ; 100          ; 100          ; 100          ; 100          ; 100          ; 0         ; 100          ; 100          ; 0         ; 0         ; 100          ; 67           ; 100          ; 100          ; 33           ; 100          ; 67           ; 33           ; 100          ; 100          ; 100          ; 67           ; 100          ; 100          ; 100          ; 100          ; 100          ; 0         ; 100          ; 100          ;
; Total Fail         ; 0            ; 0            ; 0            ; 0            ; 0            ; 0         ; 0            ; 0            ; 0         ; 0         ; 0            ; 0            ; 0            ; 0            ; 0            ; 0            ; 0            ; 0            ; 0            ; 0            ; 0            ; 0            ; 0            ; 0            ; 0            ; 0            ; 0            ; 0         ; 0            ; 0            ;
; res[0]             ; Inapplicable ; Inapplicable ; Inapplicable ; Inapplicable ; Inapplicable ; Pass      ; Inapplicable ; Inapplicable ; Pass      ; Pass      ; Inapplicable ; Pass         ; Inapplicable ; Inapplicable ; Inapplicable ; Inapplicable ; Pass         ; Inapplicable ; Inapplicable ; Inapplicable ; Inapplicable ; Pass         ; Inapplicable ; Inapplicable ; Inapplicable ; Inapplicable ; Inapplicable ; Pass      ; Inapplicable ; Inapplicable ;
; res[1]             ; Inapplicable ; Inapplicable ; Inapplicable ; Inapplicable ; Inapplicable ; Pass      ; Inapplicable ; Inapplicable ; Pass      ; Pass      ; Inapplicable ; Pass         ; Inapplicable ; Inapplicable ; Inapplicable ; Inapplicable ; Pass         ; Inapplicable ; Inapplicable ; Inapplicable ; Inapplicable ; Pass         ; Inapplicable ; Inapplicable ; Inapplicable ; Inapplicable ; Inapplicable ; Pass      ; Inapplicable ; Inapplicable ;
; res[2]             ; Inapplicable ; Inapplicable ; Inapplicable ; Inapplicable ; Inapplicable ; Pass      ; Inapplicable ; Inapplicable ; Pass      ; Pass      ; Inapplicable ; Pass         ; Inapplicable ; Inapplicable ; Inapplicable ; Inapplicable ; Pass         ; Inapplicable ; Inapplicable ; Inapplicable ; Inapplicable ; Pass         ; Inapplicable ; Inapplicable ; Inapplicable ; Inapplicable ; Inapplicable ; Pass      ; Inapplicable ; Inapplicable ;
; res[3]             ; Inapplicable ; Inapplicable ; Inapplicable ; Inapplicable ; Inapplicable ; Pass      ; Inapplicable ; Inapplicable ; Pass      ; Pass      ; Inapplicable ; Pass         ; Inapplicable ; Inapplicable ; Inapplicable ; Inapplicable ; Pass         ; Inapplicable ; Inapplicable ; Inapplicable ; Inapplicable ; Pass         ; Inapplicable ; Inapplicable ; Inapplicable ; Inapplicable ; Inapplicable ; Pass      ; Inapplicable ; Inapplicable ;
; res[4]             ; Inapplicable ; Inapplicable ; Inapplicable ; Inapplicable ; Inapplicable ; Pass      ; Inapplicable ; Inapplicable ; Pass      ; Pass      ; Inapplicable ; Pass         ; Inapplicable ; Inapplicable ; Inapplicable ; Inapplicable ; Pass         ; Inapplicable ; Inapplicable ; Inapplicable ; Inapplicable ; Pass         ; Inapplicable ; Inapplicable ; Inapplicable ; Inapplicable ; Inapplicable ; Pass      ; Inapplicable ; Inapplicable ;
; res[5]             ; Inapplicable ; Inapplicable ; Inapplicable ; Inapplicable ; Inapplicable ; Pass      ; Inapplicable ; Inapplicable ; Pass      ; Pass      ; Inapplicable ; Pass         ; Inapplicable ; Inapplicable ; Inapplicable ; Inapplicable ; Pass         ; Inapplicable ; Inapplicable ; Inapplicable ; Inapplicable ; Pass         ; Inapplicable ; Inapplicable ; Inapplicable ; Inapplicable ; Inapplicable ; Pass      ; Inapplicable ; Inapplicable ;
; res[6]             ; Inapplicable ; Inapplicable ; Inapplicable ; Inapplicable ; Inapplicable ; Pass      ; Inapplicable ; Inapplicable ; Pass      ; Pass      ; Inapplicable ; Pass         ; Inapplicable ; Inapplicable ; Inapplicable ; Inapplicable ; Pass         ; Inapplicable ; Inapplicable ; Inapplicable ; Inapplicable ; Pass         ; Inapplicable ; Inapplicable ; Inapplicable ; Inapplicable ; Inapplicable ; Pass      ; Inapplicable ; Inapplicable ;
; res[7]             ; Inapplicable ; Inapplicable ; Inapplicable ; Inapplicable ; Inapplicable ; Pass      ; Inapplicable ; Inapplicable ; Pass      ; Pass      ; Inapplicable ; Pass         ; Inapplicable ; Inapplicable ; Inapplicable ; Inapplicable ; Pass         ; Inapplicable ; Inapplicable ; Inapplicable ; Inapplicable ; Pass         ; Inapplicable ; Inapplicable ; Inapplicable ; Inapplicable ; Inapplicable ; Pass      ; Inapplicable ; Inapplicable ;
; res[8]             ; Inapplicable ; Inapplicable ; Inapplicable ; Inapplicable ; Inapplicable ; Pass      ; Inapplicable ; Inapplicable ; Pass      ; Pass      ; Inapplicable ; Pass         ; Inapplicable ; Inapplicable ; Inapplicable ; Inapplicable ; Pass         ; Inapplicable ; Inapplicable ; Inapplicable ; Inapplicable ; Pass         ; Inapplicable ; Inapplicable ; Inapplicable ; Inapplicable ; Inapplicable ; Pass      ; Inapplicable ; Inapplicable ;
; res[9]             ; Inapplicable ; Inapplicable ; Inapplicable ; Inapplicable ; Inapplicable ; Pass      ; Inapplicable ; Inapplicable ; Pass      ; Pass      ; Inapplicable ; Pass         ; Inapplicable ; Inapplicable ; Inapplicable ; Inapplicable ; Pass         ; Inapplicable ; Inapplicable ; Inapplicable ; Inapplicable ; Pass         ; Inapplicable ; Inapplicable ; Inapplicable ; Inapplicable ; Inapplicable ; Pass      ; Inapplicable ; Inapplicable ;
; res[10]            ; Inapplicable ; Inapplicable ; Inapplicable ; Inapplicable ; Inapplicable ; Pass      ; Inapplicable ; Inapplicable ; Pass      ; Pass      ; Inapplicable ; Pass         ; Inapplicable ; Inapplicable ; Inapplicable ; Inapplicable ; Pass         ; Inapplicable ; Inapplicable ; Inapplicable ; Inapplicable ; Pass         ; Inapplicable ; Inapplicable ; Inapplicable ; Inapplicable ; Inapplicable ; Pass      ; Inapplicable ; Inapplicable ;
; res[11]            ; Inapplicable ; Inapplicable ; Inapplicable ; Inapplicable ; Inapplicable ; Pass      ; Inapplicable ; Inapplicable ; Pass      ; Pass      ; Inapplicable ; Pass         ; Inapplicable ; Inapplicable ; Inapplicable ; Inapplicable ; Pass         ; Inapplicable ; Inapplicable ; Inapplicable ; Inapplicable ; Pass         ; Inapplicable ; Inapplicable ; Inapplicable ; Inapplicable ; Inapplicable ; Pass      ; Inapplicable ; Inapplicable ;
; res[12]            ; Inapplicable ; Inapplicable ; Inapplicable ; Inapplicable ; Inapplicable ; Pass      ; Inapplicable ; Inapplicable ; Pass      ; Pass      ; Inapplicable ; Pass         ; Inapplicable ; Inapplicable ; Inapplicable ; Inapplicable ; Pass         ; Inapplicable ; Inapplicable ; Inapplicable ; Inapplicable ; Pass         ; Inapplicable ; Inapplicable ; Inapplicable ; Inapplicable ; Inapplicable ; Pass      ; Inapplicable ; Inapplicable ;
; res[13]            ; Inapplicable ; Inapplicable ; Inapplicable ; Inapplicable ; Inapplicable ; Pass      ; Inapplicable ; Inapplicable ; Pass      ; Pass      ; Inapplicable ; Pass         ; Inapplicable ; Inapplicable ; Inapplicable ; Inapplicable ; Pass         ; Inapplicable ; Inapplicable ; Inapplicable ; Inapplicable ; Pass         ; Inapplicable ; Inapplicable ; Inapplicable ; Inapplicable ; Inapplicable ; Pass      ; Inapplicable ; Inapplicable ;
; res[14]            ; Inapplicable ; Inapplicable ; Inapplicable ; Inapplicable ; Inapplicable ; Pass      ; Inapplicable ; Inapplicable ; Pass      ; Pass      ; Inapplicable ; Pass         ; Inapplicable ; Inapplicable ; Inapplicable ; Inapplicable ; Pass         ; Inapplicable ; Inapplicable ; Inapplicable ; Inapplicable ; Pass         ; Inapplicable ; Inapplicable ; Inapplicable ; Inapplicable ; Inapplicable ; Pass      ; Inapplicable ; Inapplicable ;
; res[15]            ; Inapplicable ; Inapplicable ; Inapplicable ; Inapplicable ; Inapplicable ; Pass      ; Inapplicable ; Inapplicable ; Pass      ; Pass      ; Inapplicable ; Pass         ; Inapplicable ; Inapplicable ; Inapplicable ; Inapplicable ; Pass         ; Inapplicable ; Inapplicable ; Inapplicable ; Inapplicable ; Pass         ; Inapplicable ; Inapplicable ; Inapplicable ; Inapplicable ; Inapplicable ; Pass      ; Inapplicable ; Inapplicable ;
; res[16]            ; Inapplicable ; Inapplicable ; Inapplicable ; Inapplicable ; Inapplicable ; Pass      ; Inapplicable ; Inapplicable ; Pass      ; Pass      ; Inapplicable ; Pass         ; Inapplicable ; Inapplicable ; Inapplicable ; Inapplicable ; Pass         ; Inapplicable ; Inapplicable ; Inapplicable ; Inapplicable ; Pass         ; Inapplicable ; Inapplicable ; Inapplicable ; Inapplicable ; Inapplicable ; Pass      ; Inapplicable ; Inapplicable ;
; res[17]            ; Inapplicable ; Inapplicable ; Inapplicable ; Inapplicable ; Inapplicable ; Pass      ; Inapplicable ; Inapplicable ; Pass      ; Pass      ; Inapplicable ; Pass         ; Inapplicable ; Inapplicable ; Inapplicable ; Inapplicable ; Pass         ; Inapplicable ; Inapplicable ; Inapplicable ; Inapplicable ; Pass         ; Inapplicable ; Inapplicable ; Inapplicable ; Inapplicable ; Inapplicable ; Pass      ; Inapplicable ; Inapplicable ;
; res[18]            ; Inapplicable ; Inapplicable ; Inapplicable ; Inapplicable ; Inapplicable ; Pass      ; Inapplicable ; Inapplicable ; Pass      ; Pass      ; Inapplicable ; Pass         ; Inapplicable ; Inapplicable ; Inapplicable ; Inapplicable ; Pass         ; Inapplicable ; Inapplicable ; Inapplicable ; Inapplicable ; Pass         ; Inapplicable ; Inapplicable ; Inapplicable ; Inapplicable ; Inapplicable ; Pass      ; Inapplicable ; Inapplicable ;
; res[19]            ; Inapplicable ; Inapplicable ; Inapplicable ; Inapplicable ; Inapplicable ; Pass      ; Inapplicable ; Inapplicable ; Pass      ; Pass      ; Inapplicable ; Pass         ; Inapplicable ; Inapplicable ; Inapplicable ; Inapplicable ; Pass         ; Inapplicable ; Inapplicable ; Inapplicable ; Inapplicable ; Pass         ; Inapplicable ; Inapplicable ; Inapplicable ; Inapplicable ; Inapplicable ; Pass      ; Inapplicable ; Inapplicable ;
; res[20]            ; Inapplicable ; Inapplicable ; Inapplicable ; Inapplicable ; Inapplicable ; Pass      ; Inapplicable ; Inapplicable ; Pass      ; Pass      ; Inapplicable ; Pass         ; Inapplicable ; Inapplicable ; Inapplicable ; Inapplicable ; Pass         ; Inapplicable ; Inapplicable ; Inapplicable ; Inapplicable ; Pass         ; Inapplicable ; Inapplicable ; Inapplicable ; Inapplicable ; Inapplicable ; Pass      ; Inapplicable ; Inapplicable ;
; res[21]            ; Inapplicable ; Inapplicable ; Inapplicable ; Inapplicable ; Inapplicable ; Pass      ; Inapplicable ; Inapplicable ; Pass      ; Pass      ; Inapplicable ; Pass         ; Inapplicable ; Inapplicable ; Inapplicable ; Inapplicable ; Pass         ; Inapplicable ; Inapplicable ; Inapplicable ; Inapplicable ; Pass         ; Inapplicable ; Inapplicable ; Inapplicable ; Inapplicable ; Inapplicable ; Pass      ; Inapplicable ; Inapplicable ;
; res[22]            ; Inapplicable ; Inapplicable ; Inapplicable ; Inapplicable ; Inapplicable ; Pass      ; Inapplicable ; Inapplicable ; Pass      ; Pass      ; Inapplicable ; Pass         ; Inapplicable ; Inapplicable ; Inapplicable ; Inapplicable ; Pass         ; Inapplicable ; Inapplicable ; Inapplicable ; Inapplicable ; Pass         ; Inapplicable ; Inapplicable ; Inapplicable ; Inapplicable ; Inapplicable ; Pass      ; Inapplicable ; Inapplicable ;
; res[23]            ; Inapplicable ; Inapplicable ; Inapplicable ; Inapplicable ; Inapplicable ; Pass      ; Inapplicable ; Inapplicable ; Pass      ; Pass      ; Inapplicable ; Pass         ; Inapplicable ; Inapplicable ; Inapplicable ; Inapplicable ; Pass         ; Inapplicable ; Inapplicable ; Inapplicable ; Inapplicable ; Pass         ; Inapplicable ; Inapplicable ; Inapplicable ; Inapplicable ; Inapplicable ; Pass      ; Inapplicable ; Inapplicable ;
; res[24]            ; Inapplicable ; Inapplicable ; Inapplicable ; Inapplicable ; Inapplicable ; Pass      ; Inapplicable ; Inapplicable ; Pass      ; Pass      ; Inapplicable ; Pass         ; Inapplicable ; Inapplicable ; Inapplicable ; Inapplicable ; Pass         ; Inapplicable ; Inapplicable ; Inapplicable ; Inapplicable ; Pass         ; Inapplicable ; Inapplicable ; Inapplicable ; Inapplicable ; Inapplicable ; Pass      ; Inapplicable ; Inapplicable ;
; res[25]            ; Inapplicable ; Inapplicable ; Inapplicable ; Inapplicable ; Inapplicable ; Pass      ; Inapplicable ; Inapplicable ; Pass      ; Pass      ; Inapplicable ; Pass         ; Inapplicable ; Inapplicable ; Inapplicable ; Inapplicable ; Pass         ; Inapplicable ; Inapplicable ; Inapplicable ; Inapplicable ; Pass         ; Inapplicable ; Inapplicable ; Inapplicable ; Inapplicable ; Inapplicable ; Pass      ; Inapplicable ; Inapplicable ;
; res[26]            ; Inapplicable ; Inapplicable ; Inapplicable ; Inapplicable ; Inapplicable ; Pass      ; Inapplicable ; Inapplicable ; Pass      ; Pass      ; Inapplicable ; Pass         ; Inapplicable ; Inapplicable ; Inapplicable ; Inapplicable ; Pass         ; Inapplicable ; Inapplicable ; Inapplicable ; Inapplicable ; Pass         ; Inapplicable ; Inapplicable ; Inapplicable ; Inapplicable ; Inapplicable ; Pass      ; Inapplicable ; Inapplicable ;
; res[27]            ; Inapplicable ; Inapplicable ; Inapplicable ; Inapplicable ; Inapplicable ; Pass      ; Inapplicable ; Inapplicable ; Pass      ; Pass      ; Inapplicable ; Pass         ; Inapplicable ; Inapplicable ; Inapplicable ; Inapplicable ; Pass         ; Inapplicable ; Inapplicable ; Inapplicable ; Inapplicable ; Pass         ; Inapplicable ; Inapplicable ; Inapplicable ; Inapplicable ; Inapplicable ; Pass      ; Inapplicable ; Inapplicable ;
; res[28]            ; Inapplicable ; Inapplicable ; Inapplicable ; Inapplicable ; Inapplicable ; Pass      ; Inapplicable ; Inapplicable ; Pass      ; Pass      ; Inapplicable ; Pass         ; Inapplicable ; Inapplicable ; Inapplicable ; Inapplicable ; Pass         ; Inapplicable ; Inapplicable ; Inapplicable ; Inapplicable ; Pass         ; Inapplicable ; Inapplicable ; Inapplicable ; Inapplicable ; Inapplicable ; Pass      ; Inapplicable ; Inapplicable ;
; res[29]            ; Inapplicable ; Inapplicable ; Inapplicable ; Inapplicable ; Inapplicable ; Pass      ; Inapplicable ; Inapplicable ; Pass      ; Pass      ; Inapplicable ; Pass         ; Inapplicable ; Inapplicable ; Inapplicable ; Inapplicable ; Pass         ; Inapplicable ; Inapplicable ; Inapplicable ; Inapplicable ; Pass         ; Inapplicable ; Inapplicable ; Inapplicable ; Inapplicable ; Inapplicable ; Pass      ; Inapplicable ; Inapplicable ;
; res[30]            ; Inapplicable ; Inapplicable ; Inapplicable ; Inapplicable ; Inapplicable ; Pass      ; Inapplicable ; Inapplicable ; Pass      ; Pass      ; Inapplicable ; Pass         ; Inapplicable ; Inapplicable ; Inapplicable ; Inapplicable ; Pass         ; Inapplicable ; Inapplicable ; Inapplicable ; Inapplicable ; Pass         ; Inapplicable ; Inapplicable ; Inapplicable ; Inapplicable ; Inapplicable ; Pass      ; Inapplicable ; Inapplicable ;
; res[31]            ; Inapplicable ; Inapplicable ; Inapplicable ; Inapplicable ; Inapplicable ; Pass      ; Inapplicable ; Inapplicable ; Pass      ; Pass      ; Inapplicable ; Pass         ; Inapplicable ; Inapplicable ; Inapplicable ; Inapplicable ; Pass         ; Inapplicable ; Inapplicable ; Inapplicable ; Inapplicable ; Pass         ; Inapplicable ; Inapplicable ; Inapplicable ; Inapplicable ; Inapplicable ; Pass      ; Inapplicable ; Inapplicable ;
; overflow           ; Inapplicable ; Inapplicable ; Inapplicable ; Inapplicable ; Inapplicable ; Pass      ; Inapplicable ; Inapplicable ; Pass      ; Pass      ; Inapplicable ; Pass         ; Inapplicable ; Inapplicable ; Inapplicable ; Inapplicable ; Pass         ; Inapplicable ; Inapplicable ; Inapplicable ; Inapplicable ; Pass         ; Inapplicable ; Inapplicable ; Inapplicable ; Inapplicable ; Inapplicable ; Pass      ; Inapplicable ; Inapplicable ;
; alu_op[0]          ; Inapplicable ; Inapplicable ; Inapplicable ; Inapplicable ; Inapplicable ; Pass      ; Inapplicable ; Inapplicable ; Pass      ; Pass      ; Inapplicable ; Inapplicable ; Inapplicable ; Inapplicable ; Pass         ; Inapplicable ; Inapplicable ; Pass         ; Inapplicable ; Inapplicable ; Inapplicable ; Inapplicable ; Inapplicable ; Inapplicable ; Inapplicable ; Inapplicable ; Inapplicable ; Pass      ; Inapplicable ; Inapplicable ;
; src2[3]            ; Inapplicable ; Inapplicable ; Inapplicable ; Inapplicable ; Inapplicable ; Pass      ; Inapplicable ; Inapplicable ; Pass      ; Pass      ; Inapplicable ; Inapplicable ; Inapplicable ; Inapplicable ; Pass         ; Inapplicable ; Inapplicable ; Pass         ; Inapplicable ; Inapplicable ; Inapplicable ; Inapplicable ; Inapplicable ; Inapplicable ; Inapplicable ; Inapplicable ; Inapplicable ; Pass      ; Inapplicable ; Inapplicable ;
; src2[4]            ; Inapplicable ; Inapplicable ; Inapplicable ; Inapplicable ; Inapplicable ; Pass      ; Inapplicable ; Inapplicable ; Pass      ; Pass      ; Inapplicable ; Inapplicable ; Inapplicable ; Inapplicable ; Pass         ; Inapplicable ; Inapplicable ; Pass         ; Inapplicable ; Inapplicable ; Inapplicable ; Inapplicable ; Inapplicable ; Inapplicable ; Inapplicable ; Inapplicable ; Inapplicable ; Pass      ; Inapplicable ; Inapplicable ;
; src1[0]            ; Inapplicable ; Inapplicable ; Inapplicable ; Inapplicable ; Inapplicable ; Pass      ; Inapplicable ; Inapplicable ; Pass      ; Pass      ; Inapplicable ; Inapplicable ; Inapplicable ; Inapplicable ; Pass         ; Inapplicable ; Inapplicable ; Pass         ; Inapplicable ; Inapplicable ; Inapplicable ; Inapplicable ; Inapplicable ; Inapplicable ; Inapplicable ; Inapplicable ; Inapplicable ; Pass      ; Inapplicable ; Inapplicable ;
; src2[1]            ; Inapplicable ; Inapplicable ; Inapplicable ; Inapplicable ; Inapplicable ; Pass      ; Inapplicable ; Inapplicable ; Pass      ; Pass      ; Inapplicable ; Inapplicable ; Inapplicable ; Inapplicable ; Pass         ; Inapplicable ; Inapplicable ; Pass         ; Inapplicable ; Inapplicable ; Inapplicable ; Inapplicable ; Inapplicable ; Inapplicable ; Inapplicable ; Inapplicable ; Inapplicable ; Pass      ; Inapplicable ; Inapplicable ;
; src2[2]            ; Inapplicable ; Inapplicable ; Inapplicable ; Inapplicable ; Inapplicable ; Pass      ; Inapplicable ; Inapplicable ; Pass      ; Pass      ; Inapplicable ; Inapplicable ; Inapplicable ; Inapplicable ; Pass         ; Inapplicable ; Inapplicable ; Pass         ; Inapplicable ; Inapplicable ; Inapplicable ; Inapplicable ; Inapplicable ; Inapplicable ; Inapplicable ; Inapplicable ; Inapplicable ; Pass      ; Inapplicable ; Inapplicable ;
; src2[0]            ; Inapplicable ; Inapplicable ; Inapplicable ; Inapplicable ; Inapplicable ; Pass      ; Inapplicable ; Inapplicable ; Pass      ; Pass      ; Inapplicable ; Inapplicable ; Inapplicable ; Inapplicable ; Pass         ; Inapplicable ; Inapplicable ; Pass         ; Inapplicable ; Inapplicable ; Inapplicable ; Inapplicable ; Inapplicable ; Inapplicable ; Inapplicable ; Inapplicable ; Inapplicable ; Pass      ; Inapplicable ; Inapplicable ;
; alu_op[1]          ; Inapplicable ; Inapplicable ; Inapplicable ; Inapplicable ; Inapplicable ; Pass      ; Inapplicable ; Inapplicable ; Pass      ; Pass      ; Inapplicable ; Inapplicable ; Inapplicable ; Inapplicable ; Pass         ; Inapplicable ; Inapplicable ; Pass         ; Inapplicable ; Inapplicable ; Inapplicable ; Inapplicable ; Inapplicable ; Inapplicable ; Inapplicable ; Inapplicable ; Inapplicable ; Pass      ; Inapplicable ; Inapplicable ;
; src1[29]           ; Inapplicable ; Inapplicable ; Inapplicable ; Inapplicable ; Inapplicable ; Pass      ; Inapplicable ; Inapplicable ; Pass      ; Pass      ; Inapplicable ; Inapplicable ; Inapplicable ; Inapplicable ; Pass         ; Inapplicable ; Inapplicable ; Pass         ; Inapplicable ; Inapplicable ; Inapplicable ; Inapplicable ; Inapplicable ; Inapplicable ; Inapplicable ; Inapplicable ; Inapplicable ; Pass      ; Inapplicable ; Inapplicable ;
; src1[28]           ; Inapplicable ; Inapplicable ; Inapplicable ; Inapplicable ; Inapplicable ; Pass      ; Inapplicable ; Inapplicable ; Pass      ; Pass      ; Inapplicable ; Inapplicable ; Inapplicable ; Inapplicable ; Pass         ; Inapplicable ; Inapplicable ; Pass         ; Inapplicable ; Inapplicable ; Inapplicable ; Inapplicable ; Inapplicable ; Inapplicable ; Inapplicable ; Inapplicable ; Inapplicable ; Pass      ; Inapplicable ; Inapplicable ;
; src1[31]           ; Inapplicable ; Inapplicable ; Inapplicable ; Inapplicable ; Inapplicable ; Pass      ; Inapplicable ; Inapplicable ; Pass      ; Pass      ; Inapplicable ; Inapplicable ; Inapplicable ; Inapplicable ; Pass         ; Inapplicable ; Inapplicable ; Pass         ; Inapplicable ; Inapplicable ; Inapplicable ; Inapplicable ; Inapplicable ; Inapplicable ; Inapplicable ; Inapplicable ; Inapplicable ; Pass      ; Inapplicable ; Inapplicable ;
; src1[30]           ; Inapplicable ; Inapplicable ; Inapplicable ; Inapplicable ; Inapplicable ; Pass      ; Inapplicable ; Inapplicable ; Pass      ; Pass      ; Inapplicable ; Inapplicable ; Inapplicable ; Inapplicable ; Pass         ; Inapplicable ; Inapplicable ; Pass         ; Inapplicable ; Inapplicable ; Inapplicable ; Inapplicable ; Inapplicable ; Inapplicable ; Inapplicable ; Inapplicable ; Inapplicable ; Pass      ; Inapplicable ; Inapplicable ;
; src1[27]           ; Inapplicable ; Inapplicable ; Inapplicable ; Inapplicable ; Inapplicable ; Pass      ; Inapplicable ; Inapplicable ; Pass      ; Pass      ; Inapplicable ; Inapplicable ; Inapplicable ; Inapplicable ; Pass         ; Inapplicable ; Inapplicable ; Pass         ; Inapplicable ; Inapplicable ; Inapplicable ; Inapplicable ; Inapplicable ; Inapplicable ; Inapplicable ; Inapplicable ; Inapplicable ; Pass      ; Inapplicable ; Inapplicable ;
; src1[25]           ; Inapplicable ; Inapplicable ; Inapplicable ; Inapplicable ; Inapplicable ; Pass      ; Inapplicable ; Inapplicable ; Pass      ; Pass      ; Inapplicable ; Inapplicable ; Inapplicable ; Inapplicable ; Pass         ; Inapplicable ; Inapplicable ; Pass         ; Inapplicable ; Inapplicable ; Inapplicable ; Inapplicable ; Inapplicable ; Inapplicable ; Inapplicable ; Inapplicable ; Inapplicable ; Pass      ; Inapplicable ; Inapplicable ;
; src1[26]           ; Inapplicable ; Inapplicable ; Inapplicable ; Inapplicable ; Inapplicable ; Pass      ; Inapplicable ; Inapplicable ; Pass      ; Pass      ; Inapplicable ; Inapplicable ; Inapplicable ; Inapplicable ; Pass         ; Inapplicable ; Inapplicable ; Pass         ; Inapplicable ; Inapplicable ; Inapplicable ; Inapplicable ; Inapplicable ; Inapplicable ; Inapplicable ; Inapplicable ; Inapplicable ; Pass      ; Inapplicable ; Inapplicable ;
; src1[24]           ; Inapplicable ; Inapplicable ; Inapplicable ; Inapplicable ; Inapplicable ; Pass      ; Inapplicable ; Inapplicable ; Pass      ; Pass      ; Inapplicable ; Inapplicable ; Inapplicable ; Inapplicable ; Pass         ; Inapplicable ; Inapplicable ; Pass         ; Inapplicable ; Inapplicable ; Inapplicable ; Inapplicable ; Inapplicable ; Inapplicable ; Inapplicable ; Inapplicable ; Inapplicable ; Pass      ; Inapplicable ; Inapplicable ;
; src1[23]           ; Inapplicable ; Inapplicable ; Inapplicable ; Inapplicable ; Inapplicable ; Pass      ; Inapplicable ; Inapplicable ; Pass      ; Pass      ; Inapplicable ; Inapplicable ; Inapplicable ; Inapplicable ; Pass         ; Inapplicable ; Inapplicable ; Pass         ; Inapplicable ; Inapplicable ; Inapplicable ; Inapplicable ; Inapplicable ; Inapplicable ; Inapplicable ; Inapplicable ; Inapplicable ; Pass      ; Inapplicable ; Inapplicable ;
; src1[21]           ; Inapplicable ; Inapplicable ; Inapplicable ; Inapplicable ; Inapplicable ; Pass      ; Inapplicable ; Inapplicable ; Pass      ; Pass      ; Inapplicable ; Inapplicable ; Inapplicable ; Inapplicable ; Pass         ; Inapplicable ; Inapplicable ; Pass         ; Inapplicable ; Inapplicable ; Inapplicable ; Inapplicable ; Inapplicable ; Inapplicable ; Inapplicable ; Inapplicable ; Inapplicable ; Pass      ; Inapplicable ; Inapplicable ;
; src1[22]           ; Inapplicable ; Inapplicable ; Inapplicable ; Inapplicable ; Inapplicable ; Pass      ; Inapplicable ; Inapplicable ; Pass      ; Pass      ; Inapplicable ; Inapplicable ; Inapplicable ; Inapplicable ; Pass         ; Inapplicable ; Inapplicable ; Pass         ; Inapplicable ; Inapplicable ; Inapplicable ; Inapplicable ; Inapplicable ; Inapplicable ; Inapplicable ; Inapplicable ; Inapplicable ; Pass      ; Inapplicable ; Inapplicable ;
; src1[20]           ; Inapplicable ; Inapplicable ; Inapplicable ; Inapplicable ; Inapplicable ; Pass      ; Inapplicable ; Inapplicable ; Pass      ; Pass      ; Inapplicable ; Inapplicable ; Inapplicable ; Inapplicable ; Pass         ; Inapplicable ; Inapplicable ; Pass         ; Inapplicable ; Inapplicable ; Inapplicable ; Inapplicable ; Inapplicable ; Inapplicable ; Inapplicable ; Inapplicable ; Inapplicable ; Pass      ; Inapplicable ; Inapplicable ;
; src1[19]           ; Inapplicable ; Inapplicable ; Inapplicable ; Inapplicable ; Inapplicable ; Pass      ; Inapplicable ; Inapplicable ; Pass      ; Pass      ; Inapplicable ; Inapplicable ; Inapplicable ; Inapplicable ; Pass         ; Inapplicable ; Inapplicable ; Pass         ; Inapplicable ; Inapplicable ; Inapplicable ; Inapplicable ; Inapplicable ; Inapplicable ; Inapplicable ; Inapplicable ; Inapplicable ; Pass      ; Inapplicable ; Inapplicable ;
; src1[17]           ; Inapplicable ; Inapplicable ; Inapplicable ; Inapplicable ; Inapplicable ; Pass      ; Inapplicable ; Inapplicable ; Pass      ; Pass      ; Inapplicable ; Inapplicable ; Inapplicable ; Inapplicable ; Pass         ; Inapplicable ; Inapplicable ; Pass         ; Inapplicable ; Inapplicable ; Inapplicable ; Inapplicable ; Inapplicable ; Inapplicable ; Inapplicable ; Inapplicable ; Inapplicable ; Pass      ; Inapplicable ; Inapplicable ;
; src1[18]           ; Inapplicable ; Inapplicable ; Inapplicable ; Inapplicable ; Inapplicable ; Pass      ; Inapplicable ; Inapplicable ; Pass      ; Pass      ; Inapplicable ; Inapplicable ; Inapplicable ; Inapplicable ; Pass         ; Inapplicable ; Inapplicable ; Pass         ; Inapplicable ; Inapplicable ; Inapplicable ; Inapplicable ; Inapplicable ; Inapplicable ; Inapplicable ; Inapplicable ; Inapplicable ; Pass      ; Inapplicable ; Inapplicable ;
; src1[16]           ; Inapplicable ; Inapplicable ; Inapplicable ; Inapplicable ; Inapplicable ; Pass      ; Inapplicable ; Inapplicable ; Pass      ; Pass      ; Inapplicable ; Inapplicable ; Inapplicable ; Inapplicable ; Pass         ; Inapplicable ; Inapplicable ; Pass         ; Inapplicable ; Inapplicable ; Inapplicable ; Inapplicable ; Inapplicable ; Inapplicable ; Inapplicable ; Inapplicable ; Inapplicable ; Pass      ; Inapplicable ; Inapplicable ;
; src1[15]           ; Inapplicable ; Inapplicable ; Inapplicable ; Inapplicable ; Inapplicable ; Pass      ; Inapplicable ; Inapplicable ; Pass      ; Pass      ; Inapplicable ; Inapplicable ; Inapplicable ; Inapplicable ; Pass         ; Inapplicable ; Inapplicable ; Pass         ; Inapplicable ; Inapplicable ; Inapplicable ; Inapplicable ; Inapplicable ; Inapplicable ; Inapplicable ; Inapplicable ; Inapplicable ; Pass      ; Inapplicable ; Inapplicable ;
; src1[13]           ; Inapplicable ; Inapplicable ; Inapplicable ; Inapplicable ; Inapplicable ; Pass      ; Inapplicable ; Inapplicable ; Pass      ; Pass      ; Inapplicable ; Inapplicable ; Inapplicable ; Inapplicable ; Pass         ; Inapplicable ; Inapplicable ; Pass         ; Inapplicable ; Inapplicable ; Inapplicable ; Inapplicable ; Inapplicable ; Inapplicable ; Inapplicable ; Inapplicable ; Inapplicable ; Pass      ; Inapplicable ; Inapplicable ;
; src1[14]           ; Inapplicable ; Inapplicable ; Inapplicable ; Inapplicable ; Inapplicable ; Pass      ; Inapplicable ; Inapplicable ; Pass      ; Pass      ; Inapplicable ; Inapplicable ; Inapplicable ; Inapplicable ; Pass         ; Inapplicable ; Inapplicable ; Pass         ; Inapplicable ; Inapplicable ; Inapplicable ; Inapplicable ; Inapplicable ; Inapplicable ; Inapplicable ; Inapplicable ; Inapplicable ; Pass      ; Inapplicable ; Inapplicable ;
; src1[12]           ; Inapplicable ; Inapplicable ; Inapplicable ; Inapplicable ; Inapplicable ; Pass      ; Inapplicable ; Inapplicable ; Pass      ; Pass      ; Inapplicable ; Inapplicable ; Inapplicable ; Inapplicable ; Pass         ; Inapplicable ; Inapplicable ; Pass         ; Inapplicable ; Inapplicable ; Inapplicable ; Inapplicable ; Inapplicable ; Inapplicable ; Inapplicable ; Inapplicable ; Inapplicable ; Pass      ; Inapplicable ; Inapplicable ;
; src1[11]           ; Inapplicable ; Inapplicable ; Inapplicable ; Inapplicable ; Inapplicable ; Pass      ; Inapplicable ; Inapplicable ; Pass      ; Pass      ; Inapplicable ; Inapplicable ; Inapplicable ; Inapplicable ; Pass         ; Inapplicable ; Inapplicable ; Pass         ; Inapplicable ; Inapplicable ; Inapplicable ; Inapplicable ; Inapplicable ; Inapplicable ; Inapplicable ; Inapplicable ; Inapplicable ; Pass      ; Inapplicable ; Inapplicable ;
; src1[9]            ; Inapplicable ; Inapplicable ; Inapplicable ; Inapplicable ; Inapplicable ; Pass      ; Inapplicable ; Inapplicable ; Pass      ; Pass      ; Inapplicable ; Inapplicable ; Inapplicable ; Inapplicable ; Pass         ; Inapplicable ; Inapplicable ; Pass         ; Inapplicable ; Inapplicable ; Inapplicable ; Inapplicable ; Inapplicable ; Inapplicable ; Inapplicable ; Inapplicable ; Inapplicable ; Pass      ; Inapplicable ; Inapplicable ;
; src1[10]           ; Inapplicable ; Inapplicable ; Inapplicable ; Inapplicable ; Inapplicable ; Pass      ; Inapplicable ; Inapplicable ; Pass      ; Pass      ; Inapplicable ; Inapplicable ; Inapplicable ; Inapplicable ; Pass         ; Inapplicable ; Inapplicable ; Pass         ; Inapplicable ; Inapplicable ; Inapplicable ; Inapplicable ; Inapplicable ; Inapplicable ; Inapplicable ; Inapplicable ; Inapplicable ; Pass      ; Inapplicable ; Inapplicable ;
; src1[8]            ; Inapplicable ; Inapplicable ; Inapplicable ; Inapplicable ; Inapplicable ; Pass      ; Inapplicable ; Inapplicable ; Pass      ; Pass      ; Inapplicable ; Inapplicable ; Inapplicable ; Inapplicable ; Pass         ; Inapplicable ; Inapplicable ; Pass         ; Inapplicable ; Inapplicable ; Inapplicable ; Inapplicable ; Inapplicable ; Inapplicable ; Inapplicable ; Inapplicable ; Inapplicable ; Pass      ; Inapplicable ; Inapplicable ;
; src1[1]            ; Inapplicable ; Inapplicable ; Inapplicable ; Inapplicable ; Inapplicable ; Pass      ; Inapplicable ; Inapplicable ; Pass      ; Pass      ; Inapplicable ; Inapplicable ; Inapplicable ; Inapplicable ; Pass         ; Inapplicable ; Inapplicable ; Pass         ; Inapplicable ; Inapplicable ; Inapplicable ; Inapplicable ; Inapplicable ; Inapplicable ; Inapplicable ; Inapplicable ; Inapplicable ; Pass      ; Inapplicable ; Inapplicable ;
; src1[3]            ; Inapplicable ; Inapplicable ; Inapplicable ; Inapplicable ; Inapplicable ; Pass      ; Inapplicable ; Inapplicable ; Pass      ; Pass      ; Inapplicable ; Inapplicable ; Inapplicable ; Inapplicable ; Pass         ; Inapplicable ; Inapplicable ; Pass         ; Inapplicable ; Inapplicable ; Inapplicable ; Inapplicable ; Inapplicable ; Inapplicable ; Inapplicable ; Inapplicable ; Inapplicable ; Pass      ; Inapplicable ; Inapplicable ;
; src1[2]            ; Inapplicable ; Inapplicable ; Inapplicable ; Inapplicable ; Inapplicable ; Pass      ; Inapplicable ; Inapplicable ; Pass      ; Pass      ; Inapplicable ; Inapplicable ; Inapplicable ; Inapplicable ; Pass         ; Inapplicable ; Inapplicable ; Pass         ; Inapplicable ; Inapplicable ; Inapplicable ; Inapplicable ; Inapplicable ; Inapplicable ; Inapplicable ; Inapplicable ; Inapplicable ; Pass      ; Inapplicable ; Inapplicable ;
; src1[7]            ; Inapplicable ; Inapplicable ; Inapplicable ; Inapplicable ; Inapplicable ; Pass      ; Inapplicable ; Inapplicable ; Pass      ; Pass      ; Inapplicable ; Inapplicable ; Inapplicable ; Inapplicable ; Pass         ; Inapplicable ; Inapplicable ; Pass         ; Inapplicable ; Inapplicable ; Inapplicable ; Inapplicable ; Inapplicable ; Inapplicable ; Inapplicable ; Inapplicable ; Inapplicable ; Pass      ; Inapplicable ; Inapplicable ;
; src1[6]            ; Inapplicable ; Inapplicable ; Inapplicable ; Inapplicable ; Inapplicable ; Pass      ; Inapplicable ; Inapplicable ; Pass      ; Pass      ; Inapplicable ; Inapplicable ; Inapplicable ; Inapplicable ; Pass         ; Inapplicable ; Inapplicable ; Pass         ; Inapplicable ; Inapplicable ; Inapplicable ; Inapplicable ; Inapplicable ; Inapplicable ; Inapplicable ; Inapplicable ; Inapplicable ; Pass      ; Inapplicable ; Inapplicable ;
; src1[5]            ; Inapplicable ; Inapplicable ; Inapplicable ; Inapplicable ; Inapplicable ; Pass      ; Inapplicable ; Inapplicable ; Pass      ; Pass      ; Inapplicable ; Inapplicable ; Inapplicable ; Inapplicable ; Pass         ; Inapplicable ; Inapplicable ; Pass         ; Inapplicable ; Inapplicable ; Inapplicable ; Inapplicable ; Inapplicable ; Inapplicable ; Inapplicable ; Inapplicable ; Inapplicable ; Pass      ; Inapplicable ; Inapplicable ;
; src1[4]            ; Inapplicable ; Inapplicable ; Inapplicable ; Inapplicable ; Inapplicable ; Pass      ; Inapplicable ; Inapplicable ; Pass      ; Pass      ; Inapplicable ; Inapplicable ; Inapplicable ; Inapplicable ; Pass         ; Inapplicable ; Inapplicable ; Pass         ; Inapplicable ; Inapplicable ; Inapplicable ; Inapplicable ; Inapplicable ; Inapplicable ; Inapplicable ; Inapplicable ; Inapplicable ; Pass      ; Inapplicable ; Inapplicable ;
; alu_op[2]          ; Inapplicable ; Inapplicable ; Inapplicable ; Inapplicable ; Inapplicable ; Pass      ; Inapplicable ; Inapplicable ; Pass      ; Pass      ; Inapplicable ; Inapplicable ; Inapplicable ; Inapplicable ; Pass         ; Inapplicable ; Inapplicable ; Pass         ; Inapplicable ; Inapplicable ; Inapplicable ; Inapplicable ; Inapplicable ; Inapplicable ; Inapplicable ; Inapplicable ; Inapplicable ; Pass      ; Inapplicable ; Inapplicable ;
; src2[5]            ; Inapplicable ; Inapplicable ; Inapplicable ; Inapplicable ; Inapplicable ; Pass      ; Inapplicable ; Inapplicable ; Pass      ; Pass      ; Inapplicable ; Inapplicable ; Inapplicable ; Inapplicable ; Pass         ; Inapplicable ; Inapplicable ; Pass         ; Inapplicable ; Inapplicable ; Inapplicable ; Inapplicable ; Inapplicable ; Inapplicable ; Inapplicable ; Inapplicable ; Inapplicable ; Pass      ; Inapplicable ; Inapplicable ;
; src2[6]            ; Inapplicable ; Inapplicable ; Inapplicable ; Inapplicable ; Inapplicable ; Pass      ; Inapplicable ; Inapplicable ; Pass      ; Pass      ; Inapplicable ; Inapplicable ; Inapplicable ; Inapplicable ; Pass         ; Inapplicable ; Inapplicable ; Pass         ; Inapplicable ; Inapplicable ; Inapplicable ; Inapplicable ; Inapplicable ; Inapplicable ; Inapplicable ; Inapplicable ; Inapplicable ; Pass      ; Inapplicable ; Inapplicable ;
; src2[7]            ; Inapplicable ; Inapplicable ; Inapplicable ; Inapplicable ; Inapplicable ; Pass      ; Inapplicable ; Inapplicable ; Pass      ; Pass      ; Inapplicable ; Inapplicable ; Inapplicable ; Inapplicable ; Pass         ; Inapplicable ; Inapplicable ; Pass         ; Inapplicable ; Inapplicable ; Inapplicable ; Inapplicable ; Inapplicable ; Inapplicable ; Inapplicable ; Inapplicable ; Inapplicable ; Pass      ; Inapplicable ; Inapplicable ;
; src2[8]            ; Inapplicable ; Inapplicable ; Inapplicable ; Inapplicable ; Inapplicable ; Pass      ; Inapplicable ; Inapplicable ; Pass      ; Pass      ; Inapplicable ; Inapplicable ; Inapplicable ; Inapplicable ; Pass         ; Inapplicable ; Inapplicable ; Pass         ; Inapplicable ; Inapplicable ; Inapplicable ; Inapplicable ; Inapplicable ; Inapplicable ; Inapplicable ; Inapplicable ; Inapplicable ; Pass      ; Inapplicable ; Inapplicable ;
; src2[9]            ; Inapplicable ; Inapplicable ; Inapplicable ; Inapplicable ; Inapplicable ; Pass      ; Inapplicable ; Inapplicable ; Pass      ; Pass      ; Inapplicable ; Inapplicable ; Inapplicable ; Inapplicable ; Pass         ; Inapplicable ; Inapplicable ; Pass         ; Inapplicable ; Inapplicable ; Inapplicable ; Inapplicable ; Inapplicable ; Inapplicable ; Inapplicable ; Inapplicable ; Inapplicable ; Pass      ; Inapplicable ; Inapplicable ;
; src2[10]           ; Inapplicable ; Inapplicable ; Inapplicable ; Inapplicable ; Inapplicable ; Pass      ; Inapplicable ; Inapplicable ; Pass      ; Pass      ; Inapplicable ; Inapplicable ; Inapplicable ; Inapplicable ; Pass         ; Inapplicable ; Inapplicable ; Pass         ; Inapplicable ; Inapplicable ; Inapplicable ; Inapplicable ; Inapplicable ; Inapplicable ; Inapplicable ; Inapplicable ; Inapplicable ; Pass      ; Inapplicable ; Inapplicable ;
; src2[11]           ; Inapplicable ; Inapplicable ; Inapplicable ; Inapplicable ; Inapplicable ; Pass      ; Inapplicable ; Inapplicable ; Pass      ; Pass      ; Inapplicable ; Inapplicable ; Inapplicable ; Inapplicable ; Pass         ; Inapplicable ; Inapplicable ; Pass         ; Inapplicable ; Inapplicable ; Inapplicable ; Inapplicable ; Inapplicable ; Inapplicable ; Inapplicable ; Inapplicable ; Inapplicable ; Pass      ; Inapplicable ; Inapplicable ;
; src2[12]           ; Inapplicable ; Inapplicable ; Inapplicable ; Inapplicable ; Inapplicable ; Pass      ; Inapplicable ; Inapplicable ; Pass      ; Pass      ; Inapplicable ; Inapplicable ; Inapplicable ; Inapplicable ; Pass         ; Inapplicable ; Inapplicable ; Pass         ; Inapplicable ; Inapplicable ; Inapplicable ; Inapplicable ; Inapplicable ; Inapplicable ; Inapplicable ; Inapplicable ; Inapplicable ; Pass      ; Inapplicable ; Inapplicable ;
; src2[13]           ; Inapplicable ; Inapplicable ; Inapplicable ; Inapplicable ; Inapplicable ; Pass      ; Inapplicable ; Inapplicable ; Pass      ; Pass      ; Inapplicable ; Inapplicable ; Inapplicable ; Inapplicable ; Pass         ; Inapplicable ; Inapplicable ; Pass         ; Inapplicable ; Inapplicable ; Inapplicable ; Inapplicable ; Inapplicable ; Inapplicable ; Inapplicable ; Inapplicable ; Inapplicable ; Pass      ; Inapplicable ; Inapplicable ;
; src2[14]           ; Inapplicable ; Inapplicable ; Inapplicable ; Inapplicable ; Inapplicable ; Pass      ; Inapplicable ; Inapplicable ; Pass      ; Pass      ; Inapplicable ; Inapplicable ; Inapplicable ; Inapplicable ; Pass         ; Inapplicable ; Inapplicable ; Pass         ; Inapplicable ; Inapplicable ; Inapplicable ; Inapplicable ; Inapplicable ; Inapplicable ; Inapplicable ; Inapplicable ; Inapplicable ; Pass      ; Inapplicable ; Inapplicable ;
; src2[15]           ; Inapplicable ; Inapplicable ; Inapplicable ; Inapplicable ; Inapplicable ; Pass      ; Inapplicable ; Inapplicable ; Pass      ; Pass      ; Inapplicable ; Inapplicable ; Inapplicable ; Inapplicable ; Pass         ; Inapplicable ; Inapplicable ; Pass         ; Inapplicable ; Inapplicable ; Inapplicable ; Inapplicable ; Inapplicable ; Inapplicable ; Inapplicable ; Inapplicable ; Inapplicable ; Pass      ; Inapplicable ; Inapplicable ;
; src2[16]           ; Inapplicable ; Inapplicable ; Inapplicable ; Inapplicable ; Inapplicable ; Pass      ; Inapplicable ; Inapplicable ; Pass      ; Pass      ; Inapplicable ; Inapplicable ; Inapplicable ; Inapplicable ; Pass         ; Inapplicable ; Inapplicable ; Pass         ; Inapplicable ; Inapplicable ; Inapplicable ; Inapplicable ; Inapplicable ; Inapplicable ; Inapplicable ; Inapplicable ; Inapplicable ; Pass      ; Inapplicable ; Inapplicable ;
; src2[17]           ; Inapplicable ; Inapplicable ; Inapplicable ; Inapplicable ; Inapplicable ; Pass      ; Inapplicable ; Inapplicable ; Pass      ; Pass      ; Inapplicable ; Inapplicable ; Inapplicable ; Inapplicable ; Pass         ; Inapplicable ; Inapplicable ; Pass         ; Inapplicable ; Inapplicable ; Inapplicable ; Inapplicable ; Inapplicable ; Inapplicable ; Inapplicable ; Inapplicable ; Inapplicable ; Pass      ; Inapplicable ; Inapplicable ;
; src2[18]           ; Inapplicable ; Inapplicable ; Inapplicable ; Inapplicable ; Inapplicable ; Pass      ; Inapplicable ; Inapplicable ; Pass      ; Pass      ; Inapplicable ; Inapplicable ; Inapplicable ; Inapplicable ; Pass         ; Inapplicable ; Inapplicable ; Pass         ; Inapplicable ; Inapplicable ; Inapplicable ; Inapplicable ; Inapplicable ; Inapplicable ; Inapplicable ; Inapplicable ; Inapplicable ; Pass      ; Inapplicable ; Inapplicable ;
; src2[19]           ; Inapplicable ; Inapplicable ; Inapplicable ; Inapplicable ; Inapplicable ; Pass      ; Inapplicable ; Inapplicable ; Pass      ; Pass      ; Inapplicable ; Inapplicable ; Inapplicable ; Inapplicable ; Pass         ; Inapplicable ; Inapplicable ; Pass         ; Inapplicable ; Inapplicable ; Inapplicable ; Inapplicable ; Inapplicable ; Inapplicable ; Inapplicable ; Inapplicable ; Inapplicable ; Pass      ; Inapplicable ; Inapplicable ;
; src2[20]           ; Inapplicable ; Inapplicable ; Inapplicable ; Inapplicable ; Inapplicable ; Pass      ; Inapplicable ; Inapplicable ; Pass      ; Pass      ; Inapplicable ; Inapplicable ; Inapplicable ; Inapplicable ; Pass         ; Inapplicable ; Inapplicable ; Pass         ; Inapplicable ; Inapplicable ; Inapplicable ; Inapplicable ; Inapplicable ; Inapplicable ; Inapplicable ; Inapplicable ; Inapplicable ; Pass      ; Inapplicable ; Inapplicable ;
; src2[21]           ; Inapplicable ; Inapplicable ; Inapplicable ; Inapplicable ; Inapplicable ; Pass      ; Inapplicable ; Inapplicable ; Pass      ; Pass      ; Inapplicable ; Inapplicable ; Inapplicable ; Inapplicable ; Pass         ; Inapplicable ; Inapplicable ; Pass         ; Inapplicable ; Inapplicable ; Inapplicable ; Inapplicable ; Inapplicable ; Inapplicable ; Inapplicable ; Inapplicable ; Inapplicable ; Pass      ; Inapplicable ; Inapplicable ;
; src2[22]           ; Inapplicable ; Inapplicable ; Inapplicable ; Inapplicable ; Inapplicable ; Pass      ; Inapplicable ; Inapplicable ; Pass      ; Pass      ; Inapplicable ; Inapplicable ; Inapplicable ; Inapplicable ; Pass         ; Inapplicable ; Inapplicable ; Pass         ; Inapplicable ; Inapplicable ; Inapplicable ; Inapplicable ; Inapplicable ; Inapplicable ; Inapplicable ; Inapplicable ; Inapplicable ; Pass      ; Inapplicable ; Inapplicable ;
; src2[23]           ; Inapplicable ; Inapplicable ; Inapplicable ; Inapplicable ; Inapplicable ; Pass      ; Inapplicable ; Inapplicable ; Pass      ; Pass      ; Inapplicable ; Inapplicable ; Inapplicable ; Inapplicable ; Pass         ; Inapplicable ; Inapplicable ; Pass         ; Inapplicable ; Inapplicable ; Inapplicable ; Inapplicable ; Inapplicable ; Inapplicable ; Inapplicable ; Inapplicable ; Inapplicable ; Pass      ; Inapplicable ; Inapplicable ;
; src2[24]           ; Inapplicable ; Inapplicable ; Inapplicable ; Inapplicable ; Inapplicable ; Pass      ; Inapplicable ; Inapplicable ; Pass      ; Pass      ; Inapplicable ; Inapplicable ; Inapplicable ; Inapplicable ; Pass         ; Inapplicable ; Inapplicable ; Pass         ; Inapplicable ; Inapplicable ; Inapplicable ; Inapplicable ; Inapplicable ; Inapplicable ; Inapplicable ; Inapplicable ; Inapplicable ; Pass      ; Inapplicable ; Inapplicable ;
; src2[25]           ; Inapplicable ; Inapplicable ; Inapplicable ; Inapplicable ; Inapplicable ; Pass      ; Inapplicable ; Inapplicable ; Pass      ; Pass      ; Inapplicable ; Inapplicable ; Inapplicable ; Inapplicable ; Pass         ; Inapplicable ; Inapplicable ; Pass         ; Inapplicable ; Inapplicable ; Inapplicable ; Inapplicable ; Inapplicable ; Inapplicable ; Inapplicable ; Inapplicable ; Inapplicable ; Pass      ; Inapplicable ; Inapplicable ;
; src2[26]           ; Inapplicable ; Inapplicable ; Inapplicable ; Inapplicable ; Inapplicable ; Pass      ; Inapplicable ; Inapplicable ; Pass      ; Pass      ; Inapplicable ; Inapplicable ; Inapplicable ; Inapplicable ; Pass         ; Inapplicable ; Inapplicable ; Pass         ; Inapplicable ; Inapplicable ; Inapplicable ; Inapplicable ; Inapplicable ; Inapplicable ; Inapplicable ; Inapplicable ; Inapplicable ; Pass      ; Inapplicable ; Inapplicable ;
; src2[27]           ; Inapplicable ; Inapplicable ; Inapplicable ; Inapplicable ; Inapplicable ; Pass      ; Inapplicable ; Inapplicable ; Pass      ; Pass      ; Inapplicable ; Inapplicable ; Inapplicable ; Inapplicable ; Pass         ; Inapplicable ; Inapplicable ; Pass         ; Inapplicable ; Inapplicable ; Inapplicable ; Inapplicable ; Inapplicable ; Inapplicable ; Inapplicable ; Inapplicable ; Inapplicable ; Pass      ; Inapplicable ; Inapplicable ;
; src2[28]           ; Inapplicable ; Inapplicable ; Inapplicable ; Inapplicable ; Inapplicable ; Pass      ; Inapplicable ; Inapplicable ; Pass      ; Pass      ; Inapplicable ; Inapplicable ; Inapplicable ; Inapplicable ; Pass         ; Inapplicable ; Inapplicable ; Pass         ; Inapplicable ; Inapplicable ; Inapplicable ; Inapplicable ; Inapplicable ; Inapplicable ; Inapplicable ; Inapplicable ; Inapplicable ; Pass      ; Inapplicable ; Inapplicable ;
; src2[29]           ; Inapplicable ; Inapplicable ; Inapplicable ; Inapplicable ; Inapplicable ; Pass      ; Inapplicable ; Inapplicable ; Pass      ; Pass      ; Inapplicable ; Inapplicable ; Inapplicable ; Inapplicable ; Pass         ; Inapplicable ; Inapplicable ; Pass         ; Inapplicable ; Inapplicable ; Inapplicable ; Inapplicable ; Inapplicable ; Inapplicable ; Inapplicable ; Inapplicable ; Inapplicable ; Pass      ; Inapplicable ; Inapplicable ;
; src2[30]           ; Inapplicable ; Inapplicable ; Inapplicable ; Inapplicable ; Inapplicable ; Pass      ; Inapplicable ; Inapplicable ; Pass      ; Pass      ; Inapplicable ; Inapplicable ; Inapplicable ; Inapplicable ; Pass         ; Inapplicable ; Inapplicable ; Pass         ; Inapplicable ; Inapplicable ; Inapplicable ; Inapplicable ; Inapplicable ; Inapplicable ; Inapplicable ; Inapplicable ; Inapplicable ; Pass      ; Inapplicable ; Inapplicable ;
; src2[31]           ; Inapplicable ; Inapplicable ; Inapplicable ; Inapplicable ; Inapplicable ; Pass      ; Inapplicable ; Inapplicable ; Pass      ; Pass      ; Inapplicable ; Inapplicable ; Inapplicable ; Inapplicable ; Pass         ; Inapplicable ; Inapplicable ; Pass         ; Inapplicable ; Inapplicable ; Inapplicable ; Inapplicable ; Inapplicable ; Inapplicable ; Inapplicable ; Inapplicable ; Inapplicable ; Pass      ; Inapplicable ; Inapplicable ;
+--------------------+--------------+--------------+--------------+--------------+--------------+-----------+--------------+--------------+-----------+-----------+--------------+--------------+--------------+--------------+--------------+--------------+--------------+--------------+--------------+--------------+--------------+--------------+--------------+--------------+--------------+--------------+--------------+-----------+--------------+--------------+


+---------------------------------------------------------------------------------------------+
; Fitter Device Options                                                                       ;
+------------------------------------------------------------------+--------------------------+
; Option                                                           ; Setting                  ;
+------------------------------------------------------------------+--------------------------+
; Enable user-supplied start-up clock (CLKUSR)                     ; Off                      ;
; Enable device-wide reset (DEV_CLRn)                              ; Off                      ;
; Enable device-wide output enable (DEV_OE)                        ; Off                      ;
; Enable INIT_DONE output                                          ; Off                      ;
; Configuration scheme                                             ; Active Serial            ;
; Error detection CRC                                              ; Off                      ;
; Enable open drain on CRC_ERROR pin                               ; Off                      ;
; Enable input tri-state on active configuration pins in user mode ; Off                      ;
; Configuration Voltage Level                                      ; Auto                     ;
; Force Configuration Voltage Level                                ; Off                      ;
; nCEO                                                             ; As output driving ground ;
; Data[0]                                                          ; As input tri-stated      ;
; Data[1]/ASDO                                                     ; As input tri-stated      ;
; Data[7..2]                                                       ; Unreserved               ;
; FLASH_nCE/nCSO                                                   ; As input tri-stated      ;
; Other Active Parallel pins                                       ; Unreserved               ;
; DCLK                                                             ; As output driving ground ;
+------------------------------------------------------------------+--------------------------+


+------------------------------------+
; Operating Settings and Conditions  ;
+---------------------------+--------+
; Setting                   ; Value  ;
+---------------------------+--------+
; Nominal Core Voltage      ; 1.20 V ;
; Low Junction Temperature  ; 0 °C   ;
; High Junction Temperature ; 85 °C  ;
+---------------------------+--------+


+-----------------+
; Fitter Messages ;
+-----------------+
Warning (18236): Number of processors has not been specified which may cause overloading on shared machines.  Set the global assignment NUM_PARALLEL_PROCESSORS in your QSF to an appropriate value for best performance.
Info (20030): Parallel compilation is enabled and will use 12 of the 12 processors detected
Info (119006): Selected device EP4CE115F29C7 for design "alu_32bit"
Info (21077): Low junction temperature is 0 degrees C
Info (21077): High junction temperature is 85 degrees C
Info (171003): Fitter is performing an Auto Fit compilation, which may decrease Fitter effort to reduce compilation time
Warning (292013): Feature LogicLock is only available with a valid subscription license. You can purchase a software subscription to gain full access to this feature.
Info (176444): Device migration not selected. If you intend to use device migration later, you may need to change the pin assignments as they may be incompatible with other devices
    Info (176445): Device EP4CE40F29C7 is compatible
    Info (176445): Device EP4CE40F29I7 is compatible
    Info (176445): Device EP4CE30F29C7 is compatible
    Info (176445): Device EP4CE30F29I7 is compatible
    Info (176445): Device EP4CE55F29C7 is compatible
    Info (176445): Device EP4CE55F29I7 is compatible
    Info (176445): Device EP4CE75F29C7 is compatible
    Info (176445): Device EP4CE75F29I7 is compatible
    Info (176445): Device EP4CE115F29I7 is compatible
Info (169124): Fitter converted 5 user pins into dedicated programming pins
    Info (169125): Pin ~ALTERA_ASDO_DATA1~ is reserved at location F4
    Info (169125): Pin ~ALTERA_FLASH_nCE_nCSO~ is reserved at location E2
    Info (169125): Pin ~ALTERA_DCLK~ is reserved at location P3
    Info (169125): Pin ~ALTERA_DATA0~ is reserved at location N7
    Info (169125): Pin ~ALTERA_nCEO~ is reserved at location P28
Warning (15714): Some pins have incomplete I/O assignments. Refer to the I/O Assignment Warnings report for details
Critical Warning (169085): No exact pin location assignment(s) for 100 pins of 100 total pins. For the list of pins please refer to the I/O Assignment Warnings table in the fitter report.
Critical Warning (332012): Synopsys Design Constraints File file not found: 'alu_32bit.sdc'. A Synopsys Design Constraints File is required by the Timing Analyzer to get proper timing constraints. Without it, the Compiler will not properly optimize the design.
Info (332144): No user constrained base clocks found in the design
Info (332096): The command derive_clocks did not find any clocks to derive.  No clocks were created or changed.
Warning (332068): No clocks defined in design.
Info (332143): No user constrained clock uncertainty found in the design. Calling "derive_clock_uncertainty"
Info (332154): The derive_clock_uncertainty command did not apply clock uncertainty to any clock-to-clock transfers.
Info (332130): Timing requirements not specified -- quality metrics such as performance may be sacrificed to reduce compilation time.
Info (176233): Starting register packing
Info (176235): Finished register packing
    Extra Info (176219): No registers were packed into other blocks
Info (176214): Statistics of I/O pins that need to be placed that use the same VCCIO and VREF, before I/O pin placement
    Info (176211): Number of I/O pins in group: 100 (unused VREF, 2.5V VCCIO, 67 input, 33 output, 0 bidirectional)
        Info (176212): I/O standards used: 2.5 V.
Info (176215): I/O bank details before I/O pin placement
    Info (176214): Statistics of I/O banks
        Info (176213): I/O bank number 1 does not use VREF pins and has undetermined VCCIO pins. 4 total pin(s) used --  52 pins available
        Info (176213): I/O bank number 2 does not use VREF pins and has undetermined VCCIO pins. 0 total pin(s) used --  63 pins available
        Info (176213): I/O bank number 3 does not use VREF pins and has undetermined VCCIO pins. 0 total pin(s) used --  73 pins available
        Info (176213): I/O bank number 4 does not use VREF pins and has undetermined VCCIO pins. 0 total pin(s) used --  71 pins available
        Info (176213): I/O bank number 5 does not use VREF pins and has undetermined VCCIO pins. 0 total pin(s) used --  65 pins available
        Info (176213): I/O bank number 6 does not use VREF pins and has undetermined VCCIO pins. 1 total pin(s) used --  57 pins available
        Info (176213): I/O bank number 7 does not use VREF pins and has undetermined VCCIO pins. 0 total pin(s) used --  72 pins available
        Info (176213): I/O bank number 8 does not use VREF pins and has undetermined VCCIO pins. 0 total pin(s) used --  71 pins available
Info (171121): Fitter preparation operations ending: elapsed time is 00:00:01
Info (14896): Fitter has disabled Advanced Physical Optimization because it is not supported for the current family.
Info (170189): Fitter placement preparation operations beginning
Info (170190): Fitter placement preparation operations ending: elapsed time is 00:00:00
Info (170191): Fitter placement operations beginning
Info (170137): Fitter placement was successful
Info (170192): Fitter placement operations ending: elapsed time is 00:00:02
Info (170193): Fitter routing operations beginning
Info (170195): Router estimated average interconnect usage is 0% of the available device resources
    Info (170196): Router estimated peak interconnect usage is 9% of the available device resources in the region that extends from location X58_Y12 to location X68_Y23
Info (170199): The Fitter performed an Auto Fit compilation.  Optimizations were skipped to reduce compilation time.
    Info (170201): Optimizations that may affect the design's routability were skipped
    Info (170200): Optimizations that may affect the design's timing were skipped
Info (170194): Fitter routing operations ending: elapsed time is 00:00:00
Info (11888): Total time spent on timing analysis during the Fitter is 0.13 seconds.
Info (334003): Started post-fitting delay annotation
Info (334004): Delay annotation completed successfully
Info (334003): Started post-fitting delay annotation
Info (334004): Delay annotation completed successfully
Info (11218): Fitter post-fit operations ending: elapsed time is 00:00:01
Info (144001): Generated suppressed messages file D:/backup_later/ET4356/QuestaSim/lab_main/lab_0_0410_basic/output_files/alu_32bit.fit.smsg
Info: Quartus Prime Fitter was successful. 0 errors, 6 warnings
    Info: Peak virtual memory: 6429 megabytes
    Info: Processing ended: Sat Oct 11 10:37:38 2025
    Info: Elapsed time: 00:00:11
    Info: Total CPU time (on all processors): 00:00:23


+----------------------------+
; Fitter Suppressed Messages ;
+----------------------------+
The suppressed messages can be found in D:/backup_later/ET4356/QuestaSim/lab_main/lab_0_0410_basic/output_files/alu_32bit.fit.smsg.


