Timing Analyzer report for traffic_controller
Sat Oct 11 13:42:53 2025
Quartus Prime Version 24.1std.0 Build 1077 03/04/2025 SC Lite Edition


---------------------
; Table of Contents ;
---------------------
  1. Legal Notice
  2. Timing Analyzer Summary
  3. Parallel Compilation
  4. Clocks
  5. Slow 1200mV 85C Model Fmax Summary
  6. Timing Closure Recommendations
  7. Slow 1200mV 85C Model Setup Summary
  8. Slow 1200mV 85C Model Hold Summary
  9. Slow 1200mV 85C Model Recovery Summary
 10. Slow 1200mV 85C Model Removal Summary
 11. Slow 1200mV 85C Model Minimum Pulse Width Summary
 12. Slow 1200mV 85C Model Setup: 'clk'
 13. Slow 1200mV 85C Model Hold: 'clk'
 14. Slow 1200mV 85C Model Metastability Summary
 15. Slow 1200mV 0C Model Fmax Summary
 16. Slow 1200mV 0C Model Setup Summary
 17. Slow 1200mV 0C Model Hold Summary
 18. Slow 1200mV 0C Model Recovery Summary
 19. Slow 1200mV 0C Model Removal Summary
 20. Slow 1200mV 0C Model Minimum Pulse Width Summary
 21. Slow 1200mV 0C Model Setup: 'clk'
 22. Slow 1200mV 0C Model Hold: 'clk'
 23. Slow 1200mV 0C Model Metastability Summary
 24. Fast 1200mV 0C Model Setup Summary
 25. Fast 1200mV 0C Model Hold Summary
 26. Fast 1200mV 0C Model Recovery Summary
 27. Fast 1200mV 0C Model Removal Summary
 28. Fast 1200mV 0C Model Minimum Pulse Width Summary
 29. Fast 1200mV 0C Model Setup: 'clk'
 30. Fast 1200mV 0C Model Hold: 'clk'
 31. Fast 1200mV 0C Model Metastability Summary
 32. Multicorner Timing Analysis Summary
 33. Board Trace Model Assignments
 34. Input Transition Times
 35. Signal Integrity Metrics (Slow 1200mv 0c Model)
 36. Signal Integrity Metrics (Slow 1200mv 85c Model)
 37. Signal Integrity Metrics (Fast 1200mv 0c Model)
 38. Setup Transfers
 39. Hold Transfers
 40. Report TCCS
 41. Report RSKM
 42. Unconstrained Paths Summary
 43. Clock Status Summary
 44. Unconstrained Input Ports
 45. Unconstrained Output Ports
 46. Unconstrained Input Ports
 47. Unconstrained Output Ports
 48. Timing Analyzer Messages



----------------
; Legal Notice ;
----------------
Copyright (C) 2025  Altera Corporation. All rights reserved.
Your use of Altera Corporation's design tools, logic functions 
and other software and tools, and any partner logic 
functions, and any output files from any of the foregoing 
(including device programming or simulation files), and any 
associated documentation or information are expressly subject 
to the terms and conditions of the Altera Program License 
Subscription Agreement, the Altera Quartus Prime License Agreement,
the Altera IP License Agreement, or other applicable license
agreement, including, without limitation, that your use is for
the sole purpose of programming logic devices manufactured by
Altera and sold by Altera or its authorized distributors.  Please
refer to the Altera Software License Subscription Agreements 
on the Quartus Prime software download page.



+---------------------------------------------------------------------------------+
; Timing Analyzer Summary                                                         ;
+-----------------------+---------------------------------------------------------+
; Quartus Prime Version ; Version 24.1std.0 Build 1077 03/04/2025 SC Lite Edition ;
; Timing Analyzer       ; Legacy Timing Analyzer                                  ;
; Revision Name         ; traffic_controller                                      ;
; Device Family         ; Cyclone IV E                                            ;
; Device Name           ; EP4CE115F29C7                                           ;
; Timing Models         ; Final                                                   ;
; Delay Model           ; Combined                                                ;
; Rise/Fall Delays      ; Enabled                                                 ;
+-----------------------+---------------------------------------------------------+


+------------------------------------------+
; Parallel Compilation                     ;
+----------------------------+-------------+
; Processors                 ; Number      ;
+----------------------------+-------------+
; Number detected on machine ; 16          ;
; Maximum allowed            ; 12          ;
;                            ;             ;
; Average used               ; 1.06        ;
; Maximum used               ; 12          ;
;                            ;             ;
; Usage by Processor         ; % Time Used ;
;     Processor 1            ; 100.0%      ;
;     Processors 2-12        ;   0.5%      ;
+----------------------------+-------------+


+---------------------------------------------------------------------------------------------------------------------------------------------------------------------------------+
; Clocks                                                                                                                                                                          ;
+------------+------+--------+------------+-------+-------+------------+-----------+-------------+-------+--------+-----------+------------+----------+--------+--------+---------+
; Clock Name ; Type ; Period ; Frequency  ; Rise  ; Fall  ; Duty Cycle ; Divide by ; Multiply by ; Phase ; Offset ; Edge List ; Edge Shift ; Inverted ; Master ; Source ; Targets ;
+------------+------+--------+------------+-------+-------+------------+-----------+-------------+-------+--------+-----------+------------+----------+--------+--------+---------+
; clk        ; Base ; 1.000  ; 1000.0 MHz ; 0.000 ; 0.500 ;            ;           ;             ;       ;        ;           ;            ;          ;        ;        ; { clk } ;
+------------+------+--------+------------+-------+-------+------------+-----------+-------------+-------+--------+-----------+------------+----------+--------+--------+---------+


+-----------------------------------------------------------------------------------------------------------+
; Slow 1200mV 85C Model Fmax Summary                                                                        ;
+------------+-----------------+------------+---------------------------------------------------------------+
; Fmax       ; Restricted Fmax ; Clock Name ; Note                                                          ;
+------------+-----------------+------------+---------------------------------------------------------------+
; 330.03 MHz ; 250.0 MHz       ; clk        ; limit due to minimum period restriction (max I/O toggle rate) ;
+------------+-----------------+------------+---------------------------------------------------------------+
This panel reports FMAX for every clock in the design, regardless of the user-specified clock periods.  FMAX is only computed for paths where the source and destination registers or ports are driven by the same clock.  Paths of different clocks, including generated clocks, are ignored.  For paths between a clock and its inversion, FMAX is computed as if the rising and falling edges are scaled along with FMAX, such that the duty cycle (in terms of a percentage) is maintained. Altera recommends that you always use clock constraints and other slack reports for sign-off analysis.


----------------------------------
; Timing Closure Recommendations ;
----------------------------------
HTML report is unavailable in plain text report export.


+-------------------------------------+
; Slow 1200mV 85C Model Setup Summary ;
+-------+--------+--------------------+
; Clock ; Slack  ; End Point TNS      ;
+-------+--------+--------------------+
; clk   ; -2.030 ; -16.618            ;
+-------+--------+--------------------+


+------------------------------------+
; Slow 1200mV 85C Model Hold Summary ;
+-------+-------+--------------------+
; Clock ; Slack ; End Point TNS      ;
+-------+-------+--------------------+
; clk   ; 0.385 ; 0.000              ;
+-------+-------+--------------------+


------------------------------------------
; Slow 1200mV 85C Model Recovery Summary ;
------------------------------------------
No paths to report.


-----------------------------------------
; Slow 1200mV 85C Model Removal Summary ;
-----------------------------------------
No paths to report.


+---------------------------------------------------+
; Slow 1200mV 85C Model Minimum Pulse Width Summary ;
+-------+--------+----------------------------------+
; Clock ; Slack  ; End Point TNS                    ;
+-------+--------+----------------------------------+
; clk   ; -3.000 ; -17.135                          ;
+-------+--------+----------------------------------+


+--------------------------------------------------------------------------------------------------------------------------------------------------------------------------------------------+
; Slow 1200mV 85C Model Setup: 'clk'                                                                                                                                                         ;
+--------+------------------------------------------------------+------------------------------------------------------+--------------+-------------+--------------+------------+------------+
; Slack  ; From Node                                            ; To Node                                              ; Launch Clock ; Latch Clock ; Relationship ; Clock Skew ; Data Delay ;
+--------+------------------------------------------------------+------------------------------------------------------+--------------+-------------+--------------+------------+------------+
; -2.030 ; timer_fsm:timer|counter[1]                           ; timer_fsm:timer|counter[3]                           ; clk          ; clk         ; 1.000        ; -0.080     ; 2.948      ;
; -2.030 ; timer_fsm:timer|counter[1]                           ; timer_fsm:timer|counter[2]                           ; clk          ; clk         ; 1.000        ; -0.080     ; 2.948      ;
; -2.028 ; timer_fsm:timer|counter[1]                           ; timer_fsm:timer|counter[1]                           ; clk          ; clk         ; 1.000        ; -0.080     ; 2.946      ;
; -2.026 ; timer_fsm:timer|counter[1]                           ; timer_fsm:timer|counter[0]                           ; clk          ; clk         ; 1.000        ; -0.080     ; 2.944      ;
; -2.026 ; timer_fsm:timer|counter[2]                           ; timer_fsm:timer|counter[3]                           ; clk          ; clk         ; 1.000        ; -0.080     ; 2.944      ;
; -2.026 ; timer_fsm:timer|counter[2]                           ; timer_fsm:timer|counter[2]                           ; clk          ; clk         ; 1.000        ; -0.080     ; 2.944      ;
; -2.025 ; timer_fsm:timer|counter[2]                           ; timer_fsm:timer|counter[1]                           ; clk          ; clk         ; 1.000        ; -0.080     ; 2.943      ;
; -2.023 ; timer_fsm:timer|counter[2]                           ; timer_fsm:timer|counter[0]                           ; clk          ; clk         ; 1.000        ; -0.080     ; 2.941      ;
; -2.013 ; timer_fsm:timer|counter[3]                           ; timer_fsm:timer|counter[3]                           ; clk          ; clk         ; 1.000        ; -0.080     ; 2.931      ;
; -2.013 ; timer_fsm:timer|counter[3]                           ; timer_fsm:timer|counter[2]                           ; clk          ; clk         ; 1.000        ; -0.080     ; 2.931      ;
; -2.011 ; timer_fsm:timer|counter[3]                           ; timer_fsm:timer|counter[1]                           ; clk          ; clk         ; 1.000        ; -0.080     ; 2.929      ;
; -2.009 ; timer_fsm:timer|counter[3]                           ; timer_fsm:timer|counter[0]                           ; clk          ; clk         ; 1.000        ; -0.080     ; 2.927      ;
; -1.968 ; timer_fsm:timer|counter[0]                           ; timer_fsm:timer|counter[3]                           ; clk          ; clk         ; 1.000        ; -0.080     ; 2.886      ;
; -1.968 ; timer_fsm:timer|counter[0]                           ; timer_fsm:timer|counter[2]                           ; clk          ; clk         ; 1.000        ; -0.080     ; 2.886      ;
; -1.966 ; timer_fsm:timer|counter[0]                           ; timer_fsm:timer|counter[1]                           ; clk          ; clk         ; 1.000        ; -0.080     ; 2.884      ;
; -1.964 ; timer_fsm:timer|counter[0]                           ; timer_fsm:timer|counter[0]                           ; clk          ; clk         ; 1.000        ; -0.080     ; 2.882      ;
; -1.533 ; country_fsm:country_controller|CurrentState.green_n  ; timer_fsm:timer|counter[3]                           ; clk          ; clk         ; 1.000        ; -0.078     ; 2.453      ;
; -1.533 ; country_fsm:country_controller|CurrentState.green_n  ; timer_fsm:timer|counter[2]                           ; clk          ; clk         ; 1.000        ; -0.078     ; 2.453      ;
; -1.531 ; country_fsm:country_controller|CurrentState.green_n  ; timer_fsm:timer|counter[1]                           ; clk          ; clk         ; 1.000        ; -0.078     ; 2.451      ;
; -1.529 ; country_fsm:country_controller|CurrentState.green_n  ; timer_fsm:timer|counter[0]                           ; clk          ; clk         ; 1.000        ; -0.078     ; 2.449      ;
; -1.494 ; timer_fsm:timer|counter[2]                           ; country_fsm:country_controller|CurrentState.red_n    ; clk          ; clk         ; 1.000        ; -0.082     ; 2.410      ;
; -1.493 ; timer_fsm:timer|counter[1]                           ; country_fsm:country_controller|CurrentState.red_n    ; clk          ; clk         ; 1.000        ; -0.082     ; 2.409      ;
; -1.487 ; timer_fsm:timer|counter[1]                           ; highway_fsm:highway_controller|CurrentState.red_h    ; clk          ; clk         ; 1.000        ; -0.082     ; 2.403      ;
; -1.481 ; timer_fsm:timer|counter[2]                           ; country_fsm:country_controller|CurrentState.green_n  ; clk          ; clk         ; 1.000        ; -0.082     ; 2.397      ;
; -1.478 ; timer_fsm:timer|counter[2]                           ; highway_fsm:highway_controller|CurrentState.green_h  ; clk          ; clk         ; 1.000        ; -0.082     ; 2.394      ;
; -1.474 ; timer_fsm:timer|counter[1]                           ; country_fsm:country_controller|CurrentState.yellow_n ; clk          ; clk         ; 1.000        ; -0.082     ; 2.390      ;
; -1.472 ; timer_fsm:timer|counter[1]                           ; country_fsm:country_controller|CurrentState.green_n  ; clk          ; clk         ; 1.000        ; -0.082     ; 2.388      ;
; -1.470 ; timer_fsm:timer|counter[1]                           ; highway_fsm:highway_controller|CurrentState.green_h  ; clk          ; clk         ; 1.000        ; -0.082     ; 2.386      ;
; -1.462 ; highway_fsm:highway_controller|CurrentState.yellow_h ; timer_fsm:timer|counter[3]                           ; clk          ; clk         ; 1.000        ; -0.510     ; 1.950      ;
; -1.462 ; highway_fsm:highway_controller|CurrentState.yellow_h ; timer_fsm:timer|counter[2]                           ; clk          ; clk         ; 1.000        ; -0.510     ; 1.950      ;
; -1.461 ; timer_fsm:timer|counter[2]                           ; highway_fsm:highway_controller|CurrentState.red_h    ; clk          ; clk         ; 1.000        ; -0.082     ; 2.377      ;
; -1.460 ; highway_fsm:highway_controller|CurrentState.yellow_h ; timer_fsm:timer|counter[1]                           ; clk          ; clk         ; 1.000        ; -0.510     ; 1.948      ;
; -1.458 ; highway_fsm:highway_controller|CurrentState.yellow_h ; timer_fsm:timer|counter[0]                           ; clk          ; clk         ; 1.000        ; -0.510     ; 1.946      ;
; -1.457 ; timer_fsm:timer|counter[3]                           ; country_fsm:country_controller|CurrentState.yellow_n ; clk          ; clk         ; 1.000        ; -0.082     ; 2.373      ;
; -1.448 ; timer_fsm:timer|counter[2]                           ; country_fsm:country_controller|CurrentState.yellow_n ; clk          ; clk         ; 1.000        ; -0.082     ; 2.364      ;
; -1.448 ; timer_fsm:timer|counter[3]                           ; country_fsm:country_controller|CurrentState.green_n  ; clk          ; clk         ; 1.000        ; -0.082     ; 2.364      ;
; -1.446 ; highway_fsm:highway_controller|CurrentState.green_h  ; timer_fsm:timer|counter[3]                           ; clk          ; clk         ; 1.000        ; -0.078     ; 2.366      ;
; -1.446 ; highway_fsm:highway_controller|CurrentState.green_h  ; timer_fsm:timer|counter[2]                           ; clk          ; clk         ; 1.000        ; -0.078     ; 2.366      ;
; -1.446 ; timer_fsm:timer|counter[3]                           ; country_fsm:country_controller|CurrentState.red_n    ; clk          ; clk         ; 1.000        ; -0.082     ; 2.362      ;
; -1.445 ; highway_fsm:highway_controller|CurrentState.green_h  ; timer_fsm:timer|counter[1]                           ; clk          ; clk         ; 1.000        ; -0.078     ; 2.365      ;
; -1.443 ; highway_fsm:highway_controller|CurrentState.green_h  ; timer_fsm:timer|counter[0]                           ; clk          ; clk         ; 1.000        ; -0.078     ; 2.363      ;
; -1.430 ; sensor_fsm:sensor_control|car                        ; timer_fsm:timer|counter[3]                           ; clk          ; clk         ; 1.000        ; -0.078     ; 2.350      ;
; -1.430 ; sensor_fsm:sensor_control|car                        ; timer_fsm:timer|counter[2]                           ; clk          ; clk         ; 1.000        ; -0.078     ; 2.350      ;
; -1.428 ; sensor_fsm:sensor_control|car                        ; timer_fsm:timer|counter[1]                           ; clk          ; clk         ; 1.000        ; -0.078     ; 2.348      ;
; -1.426 ; sensor_fsm:sensor_control|car                        ; timer_fsm:timer|counter[0]                           ; clk          ; clk         ; 1.000        ; -0.078     ; 2.346      ;
; -1.417 ; timer_fsm:timer|counter[0]                           ; highway_fsm:highway_controller|CurrentState.green_h  ; clk          ; clk         ; 1.000        ; -0.082     ; 2.333      ;
; -1.385 ; timer_fsm:timer|counter[0]                           ; highway_fsm:highway_controller|CurrentState.red_h    ; clk          ; clk         ; 1.000        ; -0.082     ; 2.301      ;
; -1.339 ; timer_fsm:timer|counter[3]                           ; highway_fsm:highway_controller|CurrentState.green_h  ; clk          ; clk         ; 1.000        ; -0.082     ; 2.255      ;
; -1.323 ; highway_fsm:highway_controller|CurrentState.red_h    ; timer_fsm:timer|counter[3]                           ; clk          ; clk         ; 1.000        ; -0.078     ; 2.243      ;
; -1.323 ; highway_fsm:highway_controller|CurrentState.red_h    ; timer_fsm:timer|counter[2]                           ; clk          ; clk         ; 1.000        ; -0.078     ; 2.243      ;
; -1.322 ; timer_fsm:timer|counter[3]                           ; highway_fsm:highway_controller|CurrentState.red_h    ; clk          ; clk         ; 1.000        ; -0.082     ; 2.238      ;
; -1.321 ; highway_fsm:highway_controller|CurrentState.red_h    ; timer_fsm:timer|counter[1]                           ; clk          ; clk         ; 1.000        ; -0.078     ; 2.241      ;
; -1.319 ; highway_fsm:highway_controller|CurrentState.red_h    ; timer_fsm:timer|counter[0]                           ; clk          ; clk         ; 1.000        ; -0.078     ; 2.239      ;
; -1.311 ; country_fsm:country_controller|CurrentState.yellow_n ; timer_fsm:timer|counter[3]                           ; clk          ; clk         ; 1.000        ; -0.078     ; 2.231      ;
; -1.311 ; country_fsm:country_controller|CurrentState.yellow_n ; timer_fsm:timer|counter[2]                           ; clk          ; clk         ; 1.000        ; -0.078     ; 2.231      ;
; -1.309 ; country_fsm:country_controller|CurrentState.yellow_n ; timer_fsm:timer|counter[1]                           ; clk          ; clk         ; 1.000        ; -0.078     ; 2.229      ;
; -1.307 ; country_fsm:country_controller|CurrentState.yellow_n ; timer_fsm:timer|counter[0]                           ; clk          ; clk         ; 1.000        ; -0.078     ; 2.227      ;
; -1.230 ; highway_fsm:highway_controller|CurrentState.yellow_h ; country_fsm:country_controller|CurrentState.red_n    ; clk          ; clk         ; 1.000        ; -0.512     ; 1.716      ;
; -1.222 ; timer_fsm:timer|counter[0]                           ; country_fsm:country_controller|CurrentState.red_n    ; clk          ; clk         ; 1.000        ; -0.082     ; 2.138      ;
; -1.209 ; highway_fsm:highway_controller|CurrentState.yellow_h ; country_fsm:country_controller|CurrentState.green_n  ; clk          ; clk         ; 1.000        ; -0.512     ; 1.695      ;
; -1.204 ; highway_fsm:highway_controller|CurrentState.yellow_h ; highway_fsm:highway_controller|CurrentState.green_h  ; clk          ; clk         ; 1.000        ; -0.512     ; 1.690      ;
; -1.201 ; timer_fsm:timer|counter[0]                           ; country_fsm:country_controller|CurrentState.green_n  ; clk          ; clk         ; 1.000        ; -0.082     ; 2.117      ;
; -1.180 ; timer_fsm:timer|counter[0]                           ; country_fsm:country_controller|CurrentState.yellow_n ; clk          ; clk         ; 1.000        ; -0.082     ; 2.096      ;
; -1.142 ; country_fsm:country_controller|CurrentState.red_n    ; timer_fsm:timer|counter[3]                           ; clk          ; clk         ; 1.000        ; -0.078     ; 2.062      ;
; -1.142 ; country_fsm:country_controller|CurrentState.red_n    ; timer_fsm:timer|counter[2]                           ; clk          ; clk         ; 1.000        ; -0.078     ; 2.062      ;
; -1.141 ; country_fsm:country_controller|CurrentState.red_n    ; timer_fsm:timer|counter[1]                           ; clk          ; clk         ; 1.000        ; -0.078     ; 2.061      ;
; -1.139 ; country_fsm:country_controller|CurrentState.red_n    ; timer_fsm:timer|counter[0]                           ; clk          ; clk         ; 1.000        ; -0.078     ; 2.059      ;
; -1.090 ; timer_fsm:timer|counter[2]                           ; highway_fsm:highway_controller|CurrentState.yellow_h ; clk          ; clk         ; 1.000        ; 0.332      ; 2.420      ;
; -1.087 ; timer_fsm:timer|counter[1]                           ; highway_fsm:highway_controller|CurrentState.yellow_h ; clk          ; clk         ; 1.000        ; 0.332      ; 2.417      ;
; -0.979 ; timer_fsm:timer|counter[0]                           ; highway_fsm:highway_controller|CurrentState.yellow_h ; clk          ; clk         ; 1.000        ; 0.332      ; 2.309      ;
; -0.977 ; country_fsm:country_controller|CurrentState.green_n  ; country_fsm:country_controller|CurrentState.yellow_n ; clk          ; clk         ; 1.000        ; -0.080     ; 1.895      ;
; -0.968 ; country_fsm:country_controller|CurrentState.green_n  ; country_fsm:country_controller|CurrentState.green_n  ; clk          ; clk         ; 1.000        ; -0.080     ; 1.886      ;
; -0.966 ; country_fsm:country_controller|CurrentState.green_n  ; country_fsm:country_controller|CurrentState.red_n    ; clk          ; clk         ; 1.000        ; -0.080     ; 1.884      ;
; -0.951 ; timer_fsm:timer|counter[3]                           ; highway_fsm:highway_controller|CurrentState.yellow_h ; clk          ; clk         ; 1.000        ; 0.332      ; 2.281      ;
; -0.913 ; highway_fsm:highway_controller|CurrentState.red_h    ; highway_fsm:highway_controller|CurrentState.red_h    ; clk          ; clk         ; 1.000        ; -0.080     ; 1.831      ;
; -0.908 ; highway_fsm:highway_controller|CurrentState.green_h  ; highway_fsm:highway_controller|CurrentState.green_h  ; clk          ; clk         ; 1.000        ; -0.080     ; 1.826      ;
; -0.901 ; country_fsm:country_controller|CurrentState.yellow_n ; highway_fsm:highway_controller|CurrentState.red_h    ; clk          ; clk         ; 1.000        ; -0.080     ; 1.819      ;
; -0.900 ; highway_fsm:highway_controller|CurrentState.yellow_h ; country_fsm:country_controller|CurrentState.yellow_n ; clk          ; clk         ; 1.000        ; -0.512     ; 1.386      ;
; -0.899 ; country_fsm:country_controller|CurrentState.red_n    ; country_fsm:country_controller|CurrentState.red_n    ; clk          ; clk         ; 1.000        ; -0.080     ; 1.817      ;
; -0.879 ; sensor_fsm:sensor_control|car                        ; highway_fsm:highway_controller|CurrentState.green_h  ; clk          ; clk         ; 1.000        ; -0.080     ; 1.797      ;
; -0.877 ; highway_fsm:highway_controller|CurrentState.yellow_h ; highway_fsm:highway_controller|CurrentState.red_h    ; clk          ; clk         ; 1.000        ; -0.512     ; 1.363      ;
; -0.874 ; highway_fsm:highway_controller|CurrentState.green_h  ; highway_fsm:highway_controller|CurrentState.red_h    ; clk          ; clk         ; 1.000        ; -0.080     ; 1.792      ;
; -0.856 ; country_fsm:country_controller|CurrentState.red_n    ; country_fsm:country_controller|CurrentState.green_n  ; clk          ; clk         ; 1.000        ; -0.080     ; 1.774      ;
; -0.847 ; sensor_fsm:sensor_control|car                        ; highway_fsm:highway_controller|CurrentState.red_h    ; clk          ; clk         ; 1.000        ; -0.080     ; 1.765      ;
; -0.728 ; sensor_fsm:sensor_control|car                        ; country_fsm:country_controller|CurrentState.green_n  ; clk          ; clk         ; 1.000        ; -0.080     ; 1.646      ;
; -0.727 ; sensor_fsm:sensor_control|car                        ; country_fsm:country_controller|CurrentState.red_n    ; clk          ; clk         ; 1.000        ; -0.080     ; 1.645      ;
; -0.718 ; highway_fsm:highway_controller|CurrentState.red_h    ; highway_fsm:highway_controller|CurrentState.green_h  ; clk          ; clk         ; 1.000        ; -0.080     ; 1.636      ;
; -0.706 ; country_fsm:country_controller|CurrentState.yellow_n ; highway_fsm:highway_controller|CurrentState.green_h  ; clk          ; clk         ; 1.000        ; -0.080     ; 1.624      ;
; -0.689 ; sensor_fsm:sensor_control|car                        ; country_fsm:country_controller|CurrentState.yellow_n ; clk          ; clk         ; 1.000        ; -0.080     ; 1.607      ;
; -0.564 ; country_fsm:country_controller|CurrentState.red_n    ; country_fsm:country_controller|CurrentState.yellow_n ; clk          ; clk         ; 1.000        ; -0.080     ; 1.482      ;
; -0.513 ; highway_fsm:highway_controller|CurrentState.red_h    ; highway_fsm:highway_controller|CurrentState.yellow_h ; clk          ; clk         ; 1.000        ; 0.334      ; 1.845      ;
; -0.501 ; country_fsm:country_controller|CurrentState.yellow_n ; highway_fsm:highway_controller|CurrentState.yellow_h ; clk          ; clk         ; 1.000        ; 0.334      ; 1.833      ;
; -0.449 ; highway_fsm:highway_controller|CurrentState.green_h  ; highway_fsm:highway_controller|CurrentState.yellow_h ; clk          ; clk         ; 1.000        ; 0.334      ; 1.781      ;
; -0.443 ; country_fsm:country_controller|CurrentState.yellow_n ; country_fsm:country_controller|CurrentState.red_n    ; clk          ; clk         ; 1.000        ; -0.080     ; 1.361      ;
; -0.443 ; country_fsm:country_controller|CurrentState.yellow_n ; country_fsm:country_controller|CurrentState.green_n  ; clk          ; clk         ; 1.000        ; -0.080     ; 1.361      ;
; -0.441 ; sensor_fsm:sensor_control|car                        ; highway_fsm:highway_controller|CurrentState.yellow_h ; clk          ; clk         ; 1.000        ; 0.334      ; 1.773      ;
; 0.166  ; highway_fsm:highway_controller|CurrentState.yellow_h ; highway_fsm:highway_controller|CurrentState.yellow_h ; clk          ; clk         ; 1.000        ; -0.098     ; 0.734      ;
; 0.184  ; country_fsm:country_controller|CurrentState.yellow_n ; country_fsm:country_controller|CurrentState.yellow_n ; clk          ; clk         ; 1.000        ; -0.080     ; 0.734      ;
+--------+------------------------------------------------------+------------------------------------------------------+--------------+-------------+--------------+------------+------------+


+-------------------------------------------------------------------------------------------------------------------------------------------------------------------------------------------+
; Slow 1200mV 85C Model Hold: 'clk'                                                                                                                                                         ;
+-------+------------------------------------------------------+------------------------------------------------------+--------------+-------------+--------------+------------+------------+
; Slack ; From Node                                            ; To Node                                              ; Launch Clock ; Latch Clock ; Relationship ; Clock Skew ; Data Delay ;
+-------+------------------------------------------------------+------------------------------------------------------+--------------+-------------+--------------+------------+------------+
; 0.385 ; highway_fsm:highway_controller|CurrentState.yellow_h ; highway_fsm:highway_controller|CurrentState.yellow_h ; clk          ; clk         ; 0.000        ; 0.098      ; 0.669      ;
; 0.403 ; highway_fsm:highway_controller|CurrentState.red_h    ; highway_fsm:highway_controller|CurrentState.red_h    ; clk          ; clk         ; 0.000        ; 0.080      ; 0.669      ;
; 0.403 ; highway_fsm:highway_controller|CurrentState.green_h  ; highway_fsm:highway_controller|CurrentState.green_h  ; clk          ; clk         ; 0.000        ; 0.080      ; 0.669      ;
; 0.403 ; timer_fsm:timer|counter[1]                           ; timer_fsm:timer|counter[1]                           ; clk          ; clk         ; 0.000        ; 0.080      ; 0.669      ;
; 0.403 ; timer_fsm:timer|counter[2]                           ; timer_fsm:timer|counter[2]                           ; clk          ; clk         ; 0.000        ; 0.080      ; 0.669      ;
; 0.403 ; country_fsm:country_controller|CurrentState.yellow_n ; country_fsm:country_controller|CurrentState.yellow_n ; clk          ; clk         ; 0.000        ; 0.080      ; 0.669      ;
; 0.403 ; country_fsm:country_controller|CurrentState.green_n  ; country_fsm:country_controller|CurrentState.green_n  ; clk          ; clk         ; 0.000        ; 0.080      ; 0.669      ;
; 0.403 ; country_fsm:country_controller|CurrentState.red_n    ; country_fsm:country_controller|CurrentState.red_n    ; clk          ; clk         ; 0.000        ; 0.080      ; 0.669      ;
; 0.408 ; timer_fsm:timer|counter[0]                           ; timer_fsm:timer|counter[0]                           ; clk          ; clk         ; 0.000        ; 0.080      ; 0.674      ;
; 0.592 ; timer_fsm:timer|counter[0]                           ; highway_fsm:highway_controller|CurrentState.yellow_h ; clk          ; clk         ; 0.000        ; 0.510      ; 1.288      ;
; 0.708 ; timer_fsm:timer|counter[3]                           ; highway_fsm:highway_controller|CurrentState.yellow_h ; clk          ; clk         ; 0.000        ; 0.510      ; 1.404      ;
; 0.828 ; sensor_fsm:sensor_control|car                        ; highway_fsm:highway_controller|CurrentState.yellow_h ; clk          ; clk         ; 0.000        ; 0.512      ; 1.526      ;
; 0.828 ; timer_fsm:timer|counter[1]                           ; highway_fsm:highway_controller|CurrentState.yellow_h ; clk          ; clk         ; 0.000        ; 0.510      ; 1.524      ;
; 0.828 ; timer_fsm:timer|counter[2]                           ; highway_fsm:highway_controller|CurrentState.yellow_h ; clk          ; clk         ; 0.000        ; 0.510      ; 1.524      ;
; 0.852 ; country_fsm:country_controller|CurrentState.yellow_n ; highway_fsm:highway_controller|CurrentState.yellow_h ; clk          ; clk         ; 0.000        ; 0.512      ; 1.550      ;
; 0.880 ; highway_fsm:highway_controller|CurrentState.green_h  ; highway_fsm:highway_controller|CurrentState.yellow_h ; clk          ; clk         ; 0.000        ; 0.512      ; 1.578      ;
; 0.883 ; timer_fsm:timer|counter[0]                           ; timer_fsm:timer|counter[1]                           ; clk          ; clk         ; 0.000        ; 0.080      ; 1.149      ;
; 0.884 ; timer_fsm:timer|counter[0]                           ; timer_fsm:timer|counter[2]                           ; clk          ; clk         ; 0.000        ; 0.080      ; 1.150      ;
; 0.903 ; highway_fsm:highway_controller|CurrentState.red_h    ; highway_fsm:highway_controller|CurrentState.yellow_h ; clk          ; clk         ; 0.000        ; 0.512      ; 1.601      ;
; 0.928 ; country_fsm:country_controller|CurrentState.yellow_n ; country_fsm:country_controller|CurrentState.green_n  ; clk          ; clk         ; 0.000        ; 0.080      ; 1.194      ;
; 0.928 ; country_fsm:country_controller|CurrentState.yellow_n ; country_fsm:country_controller|CurrentState.red_n    ; clk          ; clk         ; 0.000        ; 0.080      ; 1.194      ;
; 0.951 ; timer_fsm:timer|counter[1]                           ; timer_fsm:timer|counter[3]                           ; clk          ; clk         ; 0.000        ; 0.080      ; 1.217      ;
; 1.055 ; country_fsm:country_controller|CurrentState.red_n    ; country_fsm:country_controller|CurrentState.yellow_n ; clk          ; clk         ; 0.000        ; 0.080      ; 1.321      ;
; 1.112 ; timer_fsm:timer|counter[1]                           ; timer_fsm:timer|counter[2]                           ; clk          ; clk         ; 0.000        ; 0.080      ; 1.378      ;
; 1.167 ; sensor_fsm:sensor_control|car                        ; country_fsm:country_controller|CurrentState.yellow_n ; clk          ; clk         ; 0.000        ; 0.080      ; 1.433      ;
; 1.168 ; sensor_fsm:sensor_control|car                        ; country_fsm:country_controller|CurrentState.red_n    ; clk          ; clk         ; 0.000        ; 0.080      ; 1.434      ;
; 1.170 ; sensor_fsm:sensor_control|car                        ; country_fsm:country_controller|CurrentState.green_n  ; clk          ; clk         ; 0.000        ; 0.080      ; 1.436      ;
; 1.191 ; country_fsm:country_controller|CurrentState.yellow_n ; highway_fsm:highway_controller|CurrentState.green_h  ; clk          ; clk         ; 0.000        ; 0.080      ; 1.457      ;
; 1.235 ; country_fsm:country_controller|CurrentState.green_n  ; country_fsm:country_controller|CurrentState.red_n    ; clk          ; clk         ; 0.000        ; 0.080      ; 1.501      ;
; 1.242 ; highway_fsm:highway_controller|CurrentState.red_h    ; highway_fsm:highway_controller|CurrentState.green_h  ; clk          ; clk         ; 0.000        ; 0.080      ; 1.508      ;
; 1.254 ; country_fsm:country_controller|CurrentState.green_n  ; country_fsm:country_controller|CurrentState.yellow_n ; clk          ; clk         ; 0.000        ; 0.080      ; 1.520      ;
; 1.262 ; timer_fsm:timer|counter[2]                           ; timer_fsm:timer|counter[3]                           ; clk          ; clk         ; 0.000        ; 0.080      ; 1.528      ;
; 1.265 ; sensor_fsm:sensor_control|car                        ; highway_fsm:highway_controller|CurrentState.green_h  ; clk          ; clk         ; 0.000        ; 0.080      ; 1.531      ;
; 1.274 ; sensor_fsm:sensor_control|car                        ; highway_fsm:highway_controller|CurrentState.red_h    ; clk          ; clk         ; 0.000        ; 0.080      ; 1.540      ;
; 1.280 ; timer_fsm:timer|counter[0]                           ; country_fsm:country_controller|CurrentState.yellow_n ; clk          ; clk         ; 0.000        ; 0.078      ; 1.544      ;
; 1.283 ; country_fsm:country_controller|CurrentState.red_n    ; country_fsm:country_controller|CurrentState.green_n  ; clk          ; clk         ; 0.000        ; 0.080      ; 1.549      ;
; 1.292 ; country_fsm:country_controller|CurrentState.yellow_n ; highway_fsm:highway_controller|CurrentState.red_h    ; clk          ; clk         ; 0.000        ; 0.080      ; 1.558      ;
; 1.298 ; timer_fsm:timer|counter[3]                           ; timer_fsm:timer|counter[3]                           ; clk          ; clk         ; 0.000        ; 0.080      ; 1.564      ;
; 1.313 ; timer_fsm:timer|counter[0]                           ; timer_fsm:timer|counter[3]                           ; clk          ; clk         ; 0.000        ; 0.080      ; 1.579      ;
; 1.333 ; highway_fsm:highway_controller|CurrentState.green_h  ; highway_fsm:highway_controller|CurrentState.red_h    ; clk          ; clk         ; 0.000        ; 0.080      ; 1.599      ;
; 1.342 ; highway_fsm:highway_controller|CurrentState.yellow_h ; highway_fsm:highway_controller|CurrentState.red_h    ; clk          ; clk         ; 0.000        ; -0.334     ; 1.194      ;
; 1.357 ; highway_fsm:highway_controller|CurrentState.yellow_h ; country_fsm:country_controller|CurrentState.yellow_n ; clk          ; clk         ; 0.000        ; -0.334     ; 1.209      ;
; 1.376 ; timer_fsm:timer|counter[0]                           ; country_fsm:country_controller|CurrentState.green_n  ; clk          ; clk         ; 0.000        ; 0.078      ; 1.640      ;
; 1.376 ; timer_fsm:timer|counter[0]                           ; country_fsm:country_controller|CurrentState.red_n    ; clk          ; clk         ; 0.000        ; 0.078      ; 1.640      ;
; 1.376 ; timer_fsm:timer|counter[3]                           ; country_fsm:country_controller|CurrentState.yellow_n ; clk          ; clk         ; 0.000        ; 0.078      ; 1.640      ;
; 1.379 ; timer_fsm:timer|counter[0]                           ; highway_fsm:highway_controller|CurrentState.red_h    ; clk          ; clk         ; 0.000        ; 0.078      ; 1.643      ;
; 1.488 ; timer_fsm:timer|counter[3]                           ; country_fsm:country_controller|CurrentState.green_n  ; clk          ; clk         ; 0.000        ; 0.078      ; 1.752      ;
; 1.489 ; timer_fsm:timer|counter[3]                           ; country_fsm:country_controller|CurrentState.red_n    ; clk          ; clk         ; 0.000        ; 0.078      ; 1.753      ;
; 1.495 ; timer_fsm:timer|counter[3]                           ; highway_fsm:highway_controller|CurrentState.red_h    ; clk          ; clk         ; 0.000        ; 0.078      ; 1.759      ;
; 1.496 ; timer_fsm:timer|counter[2]                           ; country_fsm:country_controller|CurrentState.yellow_n ; clk          ; clk         ; 0.000        ; 0.078      ; 1.760      ;
; 1.516 ; timer_fsm:timer|counter[1]                           ; country_fsm:country_controller|CurrentState.yellow_n ; clk          ; clk         ; 0.000        ; 0.078      ; 1.780      ;
; 1.546 ; timer_fsm:timer|counter[0]                           ; highway_fsm:highway_controller|CurrentState.green_h  ; clk          ; clk         ; 0.000        ; 0.078      ; 1.810      ;
; 1.556 ; timer_fsm:timer|counter[2]                           ; highway_fsm:highway_controller|CurrentState.green_h  ; clk          ; clk         ; 0.000        ; 0.078      ; 1.820      ;
; 1.566 ; timer_fsm:timer|counter[2]                           ; highway_fsm:highway_controller|CurrentState.red_h    ; clk          ; clk         ; 0.000        ; 0.078      ; 1.830      ;
; 1.574 ; highway_fsm:highway_controller|CurrentState.yellow_h ; country_fsm:country_controller|CurrentState.green_n  ; clk          ; clk         ; 0.000        ; -0.334     ; 1.426      ;
; 1.575 ; highway_fsm:highway_controller|CurrentState.yellow_h ; country_fsm:country_controller|CurrentState.red_n    ; clk          ; clk         ; 0.000        ; -0.334     ; 1.427      ;
; 1.578 ; highway_fsm:highway_controller|CurrentState.yellow_h ; highway_fsm:highway_controller|CurrentState.green_h  ; clk          ; clk         ; 0.000        ; -0.334     ; 1.430      ;
; 1.587 ; timer_fsm:timer|counter[1]                           ; highway_fsm:highway_controller|CurrentState.green_h  ; clk          ; clk         ; 0.000        ; 0.078      ; 1.851      ;
; 1.596 ; timer_fsm:timer|counter[1]                           ; highway_fsm:highway_controller|CurrentState.red_h    ; clk          ; clk         ; 0.000        ; 0.078      ; 1.860      ;
; 1.608 ; country_fsm:country_controller|CurrentState.red_n    ; timer_fsm:timer|counter[0]                           ; clk          ; clk         ; 0.000        ; 0.082      ; 1.876      ;
; 1.608 ; timer_fsm:timer|counter[2]                           ; country_fsm:country_controller|CurrentState.green_n  ; clk          ; clk         ; 0.000        ; 0.078      ; 1.872      ;
; 1.609 ; timer_fsm:timer|counter[2]                           ; country_fsm:country_controller|CurrentState.red_n    ; clk          ; clk         ; 0.000        ; 0.078      ; 1.873      ;
; 1.610 ; country_fsm:country_controller|CurrentState.red_n    ; timer_fsm:timer|counter[1]                           ; clk          ; clk         ; 0.000        ; 0.082      ; 1.878      ;
; 1.611 ; country_fsm:country_controller|CurrentState.red_n    ; timer_fsm:timer|counter[2]                           ; clk          ; clk         ; 0.000        ; 0.082      ; 1.879      ;
; 1.611 ; country_fsm:country_controller|CurrentState.red_n    ; timer_fsm:timer|counter[3]                           ; clk          ; clk         ; 0.000        ; 0.082      ; 1.879      ;
; 1.612 ; timer_fsm:timer|counter[1]                           ; country_fsm:country_controller|CurrentState.green_n  ; clk          ; clk         ; 0.000        ; 0.078      ; 1.876      ;
; 1.612 ; timer_fsm:timer|counter[1]                           ; country_fsm:country_controller|CurrentState.red_n    ; clk          ; clk         ; 0.000        ; 0.078      ; 1.876      ;
; 1.654 ; timer_fsm:timer|counter[3]                           ; highway_fsm:highway_controller|CurrentState.green_h  ; clk          ; clk         ; 0.000        ; 0.078      ; 1.918      ;
; 1.725 ; country_fsm:country_controller|CurrentState.yellow_n ; timer_fsm:timer|counter[0]                           ; clk          ; clk         ; 0.000        ; 0.082      ; 1.993      ;
; 1.727 ; country_fsm:country_controller|CurrentState.yellow_n ; timer_fsm:timer|counter[1]                           ; clk          ; clk         ; 0.000        ; 0.082      ; 1.995      ;
; 1.728 ; country_fsm:country_controller|CurrentState.yellow_n ; timer_fsm:timer|counter[2]                           ; clk          ; clk         ; 0.000        ; 0.082      ; 1.996      ;
; 1.728 ; country_fsm:country_controller|CurrentState.yellow_n ; timer_fsm:timer|counter[3]                           ; clk          ; clk         ; 0.000        ; 0.082      ; 1.996      ;
; 1.776 ; highway_fsm:highway_controller|CurrentState.red_h    ; timer_fsm:timer|counter[0]                           ; clk          ; clk         ; 0.000        ; 0.082      ; 2.044      ;
; 1.778 ; highway_fsm:highway_controller|CurrentState.red_h    ; timer_fsm:timer|counter[1]                           ; clk          ; clk         ; 0.000        ; 0.082      ; 2.046      ;
; 1.779 ; highway_fsm:highway_controller|CurrentState.red_h    ; timer_fsm:timer|counter[2]                           ; clk          ; clk         ; 0.000        ; 0.082      ; 2.047      ;
; 1.779 ; highway_fsm:highway_controller|CurrentState.red_h    ; timer_fsm:timer|counter[3]                           ; clk          ; clk         ; 0.000        ; 0.082      ; 2.047      ;
; 1.803 ; sensor_fsm:sensor_control|car                        ; timer_fsm:timer|counter[0]                           ; clk          ; clk         ; 0.000        ; 0.082      ; 2.071      ;
; 1.805 ; sensor_fsm:sensor_control|car                        ; timer_fsm:timer|counter[1]                           ; clk          ; clk         ; 0.000        ; 0.082      ; 2.073      ;
; 1.806 ; sensor_fsm:sensor_control|car                        ; timer_fsm:timer|counter[2]                           ; clk          ; clk         ; 0.000        ; 0.082      ; 2.074      ;
; 1.806 ; sensor_fsm:sensor_control|car                        ; timer_fsm:timer|counter[3]                           ; clk          ; clk         ; 0.000        ; 0.082      ; 2.074      ;
; 1.858 ; country_fsm:country_controller|CurrentState.green_n  ; timer_fsm:timer|counter[0]                           ; clk          ; clk         ; 0.000        ; 0.082      ; 2.126      ;
; 1.860 ; country_fsm:country_controller|CurrentState.green_n  ; timer_fsm:timer|counter[1]                           ; clk          ; clk         ; 0.000        ; 0.082      ; 2.128      ;
; 1.861 ; country_fsm:country_controller|CurrentState.green_n  ; timer_fsm:timer|counter[2]                           ; clk          ; clk         ; 0.000        ; 0.082      ; 2.129      ;
; 1.861 ; country_fsm:country_controller|CurrentState.green_n  ; timer_fsm:timer|counter[3]                           ; clk          ; clk         ; 0.000        ; 0.082      ; 2.129      ;
; 1.909 ; highway_fsm:highway_controller|CurrentState.yellow_h ; timer_fsm:timer|counter[0]                           ; clk          ; clk         ; 0.000        ; -0.332     ; 1.763      ;
; 1.911 ; highway_fsm:highway_controller|CurrentState.yellow_h ; timer_fsm:timer|counter[1]                           ; clk          ; clk         ; 0.000        ; -0.332     ; 1.765      ;
; 1.912 ; highway_fsm:highway_controller|CurrentState.yellow_h ; timer_fsm:timer|counter[2]                           ; clk          ; clk         ; 0.000        ; -0.332     ; 1.766      ;
; 1.912 ; highway_fsm:highway_controller|CurrentState.yellow_h ; timer_fsm:timer|counter[3]                           ; clk          ; clk         ; 0.000        ; -0.332     ; 1.766      ;
; 1.947 ; highway_fsm:highway_controller|CurrentState.green_h  ; timer_fsm:timer|counter[0]                           ; clk          ; clk         ; 0.000        ; 0.082      ; 2.215      ;
; 1.949 ; highway_fsm:highway_controller|CurrentState.green_h  ; timer_fsm:timer|counter[1]                           ; clk          ; clk         ; 0.000        ; 0.082      ; 2.217      ;
; 1.950 ; highway_fsm:highway_controller|CurrentState.green_h  ; timer_fsm:timer|counter[2]                           ; clk          ; clk         ; 0.000        ; 0.082      ; 2.218      ;
; 1.950 ; highway_fsm:highway_controller|CurrentState.green_h  ; timer_fsm:timer|counter[3]                           ; clk          ; clk         ; 0.000        ; 0.082      ; 2.218      ;
; 2.066 ; timer_fsm:timer|counter[3]                           ; timer_fsm:timer|counter[0]                           ; clk          ; clk         ; 0.000        ; 0.080      ; 2.332      ;
; 2.068 ; timer_fsm:timer|counter[3]                           ; timer_fsm:timer|counter[1]                           ; clk          ; clk         ; 0.000        ; 0.080      ; 2.334      ;
; 2.069 ; timer_fsm:timer|counter[3]                           ; timer_fsm:timer|counter[2]                           ; clk          ; clk         ; 0.000        ; 0.080      ; 2.335      ;
; 2.154 ; timer_fsm:timer|counter[2]                           ; timer_fsm:timer|counter[0]                           ; clk          ; clk         ; 0.000        ; 0.080      ; 2.420      ;
; 2.156 ; timer_fsm:timer|counter[2]                           ; timer_fsm:timer|counter[1]                           ; clk          ; clk         ; 0.000        ; 0.080      ; 2.422      ;
; 2.179 ; timer_fsm:timer|counter[1]                           ; timer_fsm:timer|counter[0]                           ; clk          ; clk         ; 0.000        ; 0.080      ; 2.445      ;
+-------+------------------------------------------------------+------------------------------------------------------+--------------+-------------+--------------+------------+------------+


-----------------------------------------------
; Slow 1200mV 85C Model Metastability Summary ;
-----------------------------------------------
No synchronizer chains to report.


+-----------------------------------------------------------------------------------------------------------+
; Slow 1200mV 0C Model Fmax Summary                                                                         ;
+------------+-----------------+------------+---------------------------------------------------------------+
; Fmax       ; Restricted Fmax ; Clock Name ; Note                                                          ;
+------------+-----------------+------------+---------------------------------------------------------------+
; 359.97 MHz ; 250.0 MHz       ; clk        ; limit due to minimum period restriction (max I/O toggle rate) ;
+------------+-----------------+------------+---------------------------------------------------------------+
This panel reports FMAX for every clock in the design, regardless of the user-specified clock periods.  FMAX is only computed for paths where the source and destination registers or ports are driven by the same clock.  Paths of different clocks, including generated clocks, are ignored.  For paths between a clock and its inversion, FMAX is computed as if the rising and falling edges are scaled along with FMAX, such that the duty cycle (in terms of a percentage) is maintained. Altera recommends that you always use clock constraints and other slack reports for sign-off analysis.


+------------------------------------+
; Slow 1200mV 0C Model Setup Summary ;
+-------+--------+-------------------+
; Clock ; Slack  ; End Point TNS     ;
+-------+--------+-------------------+
; clk   ; -1.778 ; -14.279           ;
+-------+--------+-------------------+


+-----------------------------------+
; Slow 1200mV 0C Model Hold Summary ;
+-------+-------+-------------------+
; Clock ; Slack ; End Point TNS     ;
+-------+-------+-------------------+
; clk   ; 0.339 ; 0.000             ;
+-------+-------+-------------------+


-----------------------------------------
; Slow 1200mV 0C Model Recovery Summary ;
-----------------------------------------
No paths to report.


----------------------------------------
; Slow 1200mV 0C Model Removal Summary ;
----------------------------------------
No paths to report.


+--------------------------------------------------+
; Slow 1200mV 0C Model Minimum Pulse Width Summary ;
+-------+--------+---------------------------------+
; Clock ; Slack  ; End Point TNS                   ;
+-------+--------+---------------------------------+
; clk   ; -3.000 ; -17.135                         ;
+-------+--------+---------------------------------+


+--------------------------------------------------------------------------------------------------------------------------------------------------------------------------------------------+
; Slow 1200mV 0C Model Setup: 'clk'                                                                                                                                                          ;
+--------+------------------------------------------------------+------------------------------------------------------+--------------+-------------+--------------+------------+------------+
; Slack  ; From Node                                            ; To Node                                              ; Launch Clock ; Latch Clock ; Relationship ; Clock Skew ; Data Delay ;
+--------+------------------------------------------------------+------------------------------------------------------+--------------+-------------+--------------+------------+------------+
; -1.778 ; timer_fsm:timer|counter[2]                           ; timer_fsm:timer|counter[3]                           ; clk          ; clk         ; 1.000        ; -0.072     ; 2.705      ;
; -1.778 ; timer_fsm:timer|counter[2]                           ; timer_fsm:timer|counter[2]                           ; clk          ; clk         ; 1.000        ; -0.072     ; 2.705      ;
; -1.776 ; timer_fsm:timer|counter[2]                           ; timer_fsm:timer|counter[1]                           ; clk          ; clk         ; 1.000        ; -0.072     ; 2.703      ;
; -1.775 ; timer_fsm:timer|counter[2]                           ; timer_fsm:timer|counter[0]                           ; clk          ; clk         ; 1.000        ; -0.072     ; 2.702      ;
; -1.717 ; timer_fsm:timer|counter[1]                           ; timer_fsm:timer|counter[3]                           ; clk          ; clk         ; 1.000        ; -0.072     ; 2.644      ;
; -1.717 ; timer_fsm:timer|counter[1]                           ; timer_fsm:timer|counter[2]                           ; clk          ; clk         ; 1.000        ; -0.072     ; 2.644      ;
; -1.716 ; timer_fsm:timer|counter[1]                           ; timer_fsm:timer|counter[1]                           ; clk          ; clk         ; 1.000        ; -0.072     ; 2.643      ;
; -1.714 ; timer_fsm:timer|counter[1]                           ; timer_fsm:timer|counter[0]                           ; clk          ; clk         ; 1.000        ; -0.072     ; 2.641      ;
; -1.701 ; timer_fsm:timer|counter[3]                           ; timer_fsm:timer|counter[3]                           ; clk          ; clk         ; 1.000        ; -0.072     ; 2.628      ;
; -1.701 ; timer_fsm:timer|counter[3]                           ; timer_fsm:timer|counter[2]                           ; clk          ; clk         ; 1.000        ; -0.072     ; 2.628      ;
; -1.700 ; timer_fsm:timer|counter[3]                           ; timer_fsm:timer|counter[1]                           ; clk          ; clk         ; 1.000        ; -0.072     ; 2.627      ;
; -1.698 ; timer_fsm:timer|counter[3]                           ; timer_fsm:timer|counter[0]                           ; clk          ; clk         ; 1.000        ; -0.072     ; 2.625      ;
; -1.662 ; timer_fsm:timer|counter[0]                           ; timer_fsm:timer|counter[3]                           ; clk          ; clk         ; 1.000        ; -0.072     ; 2.589      ;
; -1.662 ; timer_fsm:timer|counter[0]                           ; timer_fsm:timer|counter[2]                           ; clk          ; clk         ; 1.000        ; -0.072     ; 2.589      ;
; -1.660 ; timer_fsm:timer|counter[0]                           ; timer_fsm:timer|counter[1]                           ; clk          ; clk         ; 1.000        ; -0.072     ; 2.587      ;
; -1.659 ; timer_fsm:timer|counter[0]                           ; timer_fsm:timer|counter[0]                           ; clk          ; clk         ; 1.000        ; -0.072     ; 2.586      ;
; -1.274 ; country_fsm:country_controller|CurrentState.green_n  ; timer_fsm:timer|counter[3]                           ; clk          ; clk         ; 1.000        ; -0.069     ; 2.204      ;
; -1.274 ; country_fsm:country_controller|CurrentState.green_n  ; timer_fsm:timer|counter[2]                           ; clk          ; clk         ; 1.000        ; -0.069     ; 2.204      ;
; -1.273 ; country_fsm:country_controller|CurrentState.green_n  ; timer_fsm:timer|counter[1]                           ; clk          ; clk         ; 1.000        ; -0.069     ; 2.203      ;
; -1.271 ; country_fsm:country_controller|CurrentState.green_n  ; timer_fsm:timer|counter[0]                           ; clk          ; clk         ; 1.000        ; -0.069     ; 2.201      ;
; -1.269 ; timer_fsm:timer|counter[2]                           ; country_fsm:country_controller|CurrentState.red_n    ; clk          ; clk         ; 1.000        ; -0.074     ; 2.194      ;
; -1.263 ; timer_fsm:timer|counter[2]                           ; country_fsm:country_controller|CurrentState.green_n  ; clk          ; clk         ; 1.000        ; -0.074     ; 2.188      ;
; -1.256 ; timer_fsm:timer|counter[2]                           ; highway_fsm:highway_controller|CurrentState.green_h  ; clk          ; clk         ; 1.000        ; -0.074     ; 2.181      ;
; -1.249 ; timer_fsm:timer|counter[2]                           ; highway_fsm:highway_controller|CurrentState.red_h    ; clk          ; clk         ; 1.000        ; -0.074     ; 2.174      ;
; -1.236 ; timer_fsm:timer|counter[2]                           ; country_fsm:country_controller|CurrentState.yellow_n ; clk          ; clk         ; 1.000        ; -0.074     ; 2.161      ;
; -1.234 ; timer_fsm:timer|counter[1]                           ; country_fsm:country_controller|CurrentState.red_n    ; clk          ; clk         ; 1.000        ; -0.074     ; 2.159      ;
; -1.226 ; highway_fsm:highway_controller|CurrentState.green_h  ; timer_fsm:timer|counter[3]                           ; clk          ; clk         ; 1.000        ; -0.069     ; 2.156      ;
; -1.226 ; highway_fsm:highway_controller|CurrentState.green_h  ; timer_fsm:timer|counter[2]                           ; clk          ; clk         ; 1.000        ; -0.069     ; 2.156      ;
; -1.226 ; timer_fsm:timer|counter[1]                           ; highway_fsm:highway_controller|CurrentState.red_h    ; clk          ; clk         ; 1.000        ; -0.074     ; 2.151      ;
; -1.224 ; highway_fsm:highway_controller|CurrentState.green_h  ; timer_fsm:timer|counter[1]                           ; clk          ; clk         ; 1.000        ; -0.069     ; 2.154      ;
; -1.223 ; highway_fsm:highway_controller|CurrentState.green_h  ; timer_fsm:timer|counter[0]                           ; clk          ; clk         ; 1.000        ; -0.069     ; 2.153      ;
; -1.220 ; highway_fsm:highway_controller|CurrentState.yellow_h ; timer_fsm:timer|counter[3]                           ; clk          ; clk         ; 1.000        ; -0.466     ; 1.753      ;
; -1.220 ; highway_fsm:highway_controller|CurrentState.yellow_h ; timer_fsm:timer|counter[2]                           ; clk          ; clk         ; 1.000        ; -0.466     ; 1.753      ;
; -1.219 ; highway_fsm:highway_controller|CurrentState.yellow_h ; timer_fsm:timer|counter[1]                           ; clk          ; clk         ; 1.000        ; -0.466     ; 1.752      ;
; -1.217 ; highway_fsm:highway_controller|CurrentState.yellow_h ; timer_fsm:timer|counter[0]                           ; clk          ; clk         ; 1.000        ; -0.466     ; 1.750      ;
; -1.216 ; timer_fsm:timer|counter[1]                           ; country_fsm:country_controller|CurrentState.yellow_n ; clk          ; clk         ; 1.000        ; -0.074     ; 2.141      ;
; -1.215 ; timer_fsm:timer|counter[1]                           ; highway_fsm:highway_controller|CurrentState.green_h  ; clk          ; clk         ; 1.000        ; -0.074     ; 2.140      ;
; -1.215 ; timer_fsm:timer|counter[1]                           ; country_fsm:country_controller|CurrentState.green_n  ; clk          ; clk         ; 1.000        ; -0.074     ; 2.140      ;
; -1.200 ; timer_fsm:timer|counter[3]                           ; country_fsm:country_controller|CurrentState.yellow_n ; clk          ; clk         ; 1.000        ; -0.074     ; 2.125      ;
; -1.199 ; timer_fsm:timer|counter[3]                           ; country_fsm:country_controller|CurrentState.green_n  ; clk          ; clk         ; 1.000        ; -0.074     ; 2.124      ;
; -1.197 ; timer_fsm:timer|counter[3]                           ; country_fsm:country_controller|CurrentState.red_n    ; clk          ; clk         ; 1.000        ; -0.074     ; 2.122      ;
; -1.176 ; sensor_fsm:sensor_control|car                        ; timer_fsm:timer|counter[3]                           ; clk          ; clk         ; 1.000        ; -0.069     ; 2.106      ;
; -1.176 ; sensor_fsm:sensor_control|car                        ; timer_fsm:timer|counter[2]                           ; clk          ; clk         ; 1.000        ; -0.069     ; 2.106      ;
; -1.175 ; sensor_fsm:sensor_control|car                        ; timer_fsm:timer|counter[1]                           ; clk          ; clk         ; 1.000        ; -0.069     ; 2.105      ;
; -1.173 ; sensor_fsm:sensor_control|car                        ; timer_fsm:timer|counter[0]                           ; clk          ; clk         ; 1.000        ; -0.069     ; 2.103      ;
; -1.166 ; timer_fsm:timer|counter[0]                           ; highway_fsm:highway_controller|CurrentState.green_h  ; clk          ; clk         ; 1.000        ; -0.074     ; 2.091      ;
; -1.140 ; timer_fsm:timer|counter[3]                           ; highway_fsm:highway_controller|CurrentState.green_h  ; clk          ; clk         ; 1.000        ; -0.074     ; 2.065      ;
; -1.133 ; timer_fsm:timer|counter[0]                           ; highway_fsm:highway_controller|CurrentState.red_h    ; clk          ; clk         ; 1.000        ; -0.074     ; 2.058      ;
; -1.133 ; timer_fsm:timer|counter[3]                           ; highway_fsm:highway_controller|CurrentState.red_h    ; clk          ; clk         ; 1.000        ; -0.074     ; 2.058      ;
; -1.087 ; highway_fsm:highway_controller|CurrentState.red_h    ; timer_fsm:timer|counter[3]                           ; clk          ; clk         ; 1.000        ; -0.069     ; 2.017      ;
; -1.087 ; highway_fsm:highway_controller|CurrentState.red_h    ; timer_fsm:timer|counter[2]                           ; clk          ; clk         ; 1.000        ; -0.069     ; 2.017      ;
; -1.086 ; highway_fsm:highway_controller|CurrentState.red_h    ; timer_fsm:timer|counter[1]                           ; clk          ; clk         ; 1.000        ; -0.069     ; 2.016      ;
; -1.084 ; highway_fsm:highway_controller|CurrentState.red_h    ; timer_fsm:timer|counter[0]                           ; clk          ; clk         ; 1.000        ; -0.069     ; 2.014      ;
; -1.076 ; country_fsm:country_controller|CurrentState.yellow_n ; timer_fsm:timer|counter[3]                           ; clk          ; clk         ; 1.000        ; -0.069     ; 2.006      ;
; -1.076 ; country_fsm:country_controller|CurrentState.yellow_n ; timer_fsm:timer|counter[2]                           ; clk          ; clk         ; 1.000        ; -0.069     ; 2.006      ;
; -1.075 ; country_fsm:country_controller|CurrentState.yellow_n ; timer_fsm:timer|counter[1]                           ; clk          ; clk         ; 1.000        ; -0.069     ; 2.005      ;
; -1.073 ; country_fsm:country_controller|CurrentState.yellow_n ; timer_fsm:timer|counter[0]                           ; clk          ; clk         ; 1.000        ; -0.069     ; 2.003      ;
; -1.016 ; highway_fsm:highway_controller|CurrentState.yellow_h ; country_fsm:country_controller|CurrentState.red_n    ; clk          ; clk         ; 1.000        ; -0.468     ; 1.547      ;
; -0.995 ; highway_fsm:highway_controller|CurrentState.yellow_h ; country_fsm:country_controller|CurrentState.green_n  ; clk          ; clk         ; 1.000        ; -0.468     ; 1.526      ;
; -0.994 ; timer_fsm:timer|counter[0]                           ; country_fsm:country_controller|CurrentState.red_n    ; clk          ; clk         ; 1.000        ; -0.074     ; 1.919      ;
; -0.994 ; highway_fsm:highway_controller|CurrentState.yellow_h ; highway_fsm:highway_controller|CurrentState.green_h  ; clk          ; clk         ; 1.000        ; -0.468     ; 1.525      ;
; -0.973 ; timer_fsm:timer|counter[0]                           ; country_fsm:country_controller|CurrentState.green_n  ; clk          ; clk         ; 1.000        ; -0.074     ; 1.898      ;
; -0.955 ; timer_fsm:timer|counter[0]                           ; country_fsm:country_controller|CurrentState.yellow_n ; clk          ; clk         ; 1.000        ; -0.074     ; 1.880      ;
; -0.953 ; country_fsm:country_controller|CurrentState.red_n    ; timer_fsm:timer|counter[3]                           ; clk          ; clk         ; 1.000        ; -0.069     ; 1.883      ;
; -0.953 ; country_fsm:country_controller|CurrentState.red_n    ; timer_fsm:timer|counter[2]                           ; clk          ; clk         ; 1.000        ; -0.069     ; 1.883      ;
; -0.951 ; country_fsm:country_controller|CurrentState.red_n    ; timer_fsm:timer|counter[1]                           ; clk          ; clk         ; 1.000        ; -0.069     ; 1.881      ;
; -0.950 ; country_fsm:country_controller|CurrentState.red_n    ; timer_fsm:timer|counter[0]                           ; clk          ; clk         ; 1.000        ; -0.069     ; 1.880      ;
; -0.899 ; timer_fsm:timer|counter[2]                           ; highway_fsm:highway_controller|CurrentState.yellow_h ; clk          ; clk         ; 1.000        ; 0.307      ; 2.205      ;
; -0.862 ; timer_fsm:timer|counter[1]                           ; highway_fsm:highway_controller|CurrentState.yellow_h ; clk          ; clk         ; 1.000        ; 0.307      ; 2.168      ;
; -0.783 ; timer_fsm:timer|counter[3]                           ; highway_fsm:highway_controller|CurrentState.yellow_h ; clk          ; clk         ; 1.000        ; 0.307      ; 2.089      ;
; -0.773 ; country_fsm:country_controller|CurrentState.green_n  ; country_fsm:country_controller|CurrentState.yellow_n ; clk          ; clk         ; 1.000        ; -0.071     ; 1.701      ;
; -0.772 ; country_fsm:country_controller|CurrentState.green_n  ; country_fsm:country_controller|CurrentState.green_n  ; clk          ; clk         ; 1.000        ; -0.071     ; 1.700      ;
; -0.770 ; country_fsm:country_controller|CurrentState.green_n  ; country_fsm:country_controller|CurrentState.red_n    ; clk          ; clk         ; 1.000        ; -0.071     ; 1.698      ;
; -0.762 ; timer_fsm:timer|counter[0]                           ; highway_fsm:highway_controller|CurrentState.yellow_h ; clk          ; clk         ; 1.000        ; 0.307      ; 2.068      ;
; -0.723 ; highway_fsm:highway_controller|CurrentState.yellow_h ; country_fsm:country_controller|CurrentState.yellow_n ; clk          ; clk         ; 1.000        ; -0.468     ; 1.254      ;
; -0.717 ; highway_fsm:highway_controller|CurrentState.green_h  ; highway_fsm:highway_controller|CurrentState.green_h  ; clk          ; clk         ; 1.000        ; -0.071     ; 1.645      ;
; -0.714 ; highway_fsm:highway_controller|CurrentState.red_h    ; highway_fsm:highway_controller|CurrentState.red_h    ; clk          ; clk         ; 1.000        ; -0.071     ; 1.642      ;
; -0.711 ; country_fsm:country_controller|CurrentState.red_n    ; country_fsm:country_controller|CurrentState.red_n    ; clk          ; clk         ; 1.000        ; -0.071     ; 1.639      ;
; -0.705 ; highway_fsm:highway_controller|CurrentState.yellow_h ; highway_fsm:highway_controller|CurrentState.red_h    ; clk          ; clk         ; 1.000        ; -0.468     ; 1.236      ;
; -0.703 ; country_fsm:country_controller|CurrentState.yellow_n ; highway_fsm:highway_controller|CurrentState.red_h    ; clk          ; clk         ; 1.000        ; -0.071     ; 1.631      ;
; -0.692 ; highway_fsm:highway_controller|CurrentState.green_h  ; highway_fsm:highway_controller|CurrentState.red_h    ; clk          ; clk         ; 1.000        ; -0.071     ; 1.620      ;
; -0.684 ; sensor_fsm:sensor_control|car                        ; highway_fsm:highway_controller|CurrentState.green_h  ; clk          ; clk         ; 1.000        ; -0.071     ; 1.612      ;
; -0.682 ; country_fsm:country_controller|CurrentState.red_n    ; country_fsm:country_controller|CurrentState.green_n  ; clk          ; clk         ; 1.000        ; -0.071     ; 1.610      ;
; -0.651 ; sensor_fsm:sensor_control|car                        ; highway_fsm:highway_controller|CurrentState.red_h    ; clk          ; clk         ; 1.000        ; -0.071     ; 1.579      ;
; -0.571 ; sensor_fsm:sensor_control|car                        ; country_fsm:country_controller|CurrentState.green_n  ; clk          ; clk         ; 1.000        ; -0.071     ; 1.499      ;
; -0.569 ; sensor_fsm:sensor_control|car                        ; country_fsm:country_controller|CurrentState.red_n    ; clk          ; clk         ; 1.000        ; -0.071     ; 1.497      ;
; -0.544 ; sensor_fsm:sensor_control|car                        ; country_fsm:country_controller|CurrentState.yellow_n ; clk          ; clk         ; 1.000        ; -0.071     ; 1.472      ;
; -0.544 ; highway_fsm:highway_controller|CurrentState.red_h    ; highway_fsm:highway_controller|CurrentState.green_h  ; clk          ; clk         ; 1.000        ; -0.071     ; 1.472      ;
; -0.532 ; country_fsm:country_controller|CurrentState.yellow_n ; highway_fsm:highway_controller|CurrentState.green_h  ; clk          ; clk         ; 1.000        ; -0.071     ; 1.460      ;
; -0.416 ; country_fsm:country_controller|CurrentState.red_n    ; country_fsm:country_controller|CurrentState.yellow_n ; clk          ; clk         ; 1.000        ; -0.071     ; 1.344      ;
; -0.350 ; highway_fsm:highway_controller|CurrentState.red_h    ; highway_fsm:highway_controller|CurrentState.yellow_h ; clk          ; clk         ; 1.000        ; 0.310      ; 1.659      ;
; -0.339 ; country_fsm:country_controller|CurrentState.yellow_n ; highway_fsm:highway_controller|CurrentState.yellow_h ; clk          ; clk         ; 1.000        ; 0.310      ; 1.648      ;
; -0.305 ; country_fsm:country_controller|CurrentState.yellow_n ; country_fsm:country_controller|CurrentState.red_n    ; clk          ; clk         ; 1.000        ; -0.071     ; 1.233      ;
; -0.305 ; country_fsm:country_controller|CurrentState.yellow_n ; country_fsm:country_controller|CurrentState.green_n  ; clk          ; clk         ; 1.000        ; -0.071     ; 1.233      ;
; -0.305 ; highway_fsm:highway_controller|CurrentState.green_h  ; highway_fsm:highway_controller|CurrentState.yellow_h ; clk          ; clk         ; 1.000        ; 0.310      ; 1.614      ;
; -0.280 ; sensor_fsm:sensor_control|car                        ; highway_fsm:highway_controller|CurrentState.yellow_h ; clk          ; clk         ; 1.000        ; 0.310      ; 1.589      ;
; 0.253  ; highway_fsm:highway_controller|CurrentState.yellow_h ; highway_fsm:highway_controller|CurrentState.yellow_h ; clk          ; clk         ; 1.000        ; -0.087     ; 0.659      ;
; 0.269  ; country_fsm:country_controller|CurrentState.yellow_n ; country_fsm:country_controller|CurrentState.yellow_n ; clk          ; clk         ; 1.000        ; -0.071     ; 0.659      ;
+--------+------------------------------------------------------+------------------------------------------------------+--------------+-------------+--------------+------------+------------+


+-------------------------------------------------------------------------------------------------------------------------------------------------------------------------------------------+
; Slow 1200mV 0C Model Hold: 'clk'                                                                                                                                                          ;
+-------+------------------------------------------------------+------------------------------------------------------+--------------+-------------+--------------+------------+------------+
; Slack ; From Node                                            ; To Node                                              ; Launch Clock ; Latch Clock ; Relationship ; Clock Skew ; Data Delay ;
+-------+------------------------------------------------------+------------------------------------------------------+--------------+-------------+--------------+------------+------------+
; 0.339 ; highway_fsm:highway_controller|CurrentState.yellow_h ; highway_fsm:highway_controller|CurrentState.yellow_h ; clk          ; clk         ; 0.000        ; 0.087      ; 0.597      ;
; 0.354 ; timer_fsm:timer|counter[1]                           ; timer_fsm:timer|counter[1]                           ; clk          ; clk         ; 0.000        ; 0.072      ; 0.597      ;
; 0.354 ; timer_fsm:timer|counter[2]                           ; timer_fsm:timer|counter[2]                           ; clk          ; clk         ; 0.000        ; 0.072      ; 0.597      ;
; 0.355 ; highway_fsm:highway_controller|CurrentState.red_h    ; highway_fsm:highway_controller|CurrentState.red_h    ; clk          ; clk         ; 0.000        ; 0.071      ; 0.597      ;
; 0.355 ; highway_fsm:highway_controller|CurrentState.green_h  ; highway_fsm:highway_controller|CurrentState.green_h  ; clk          ; clk         ; 0.000        ; 0.071      ; 0.597      ;
; 0.355 ; country_fsm:country_controller|CurrentState.yellow_n ; country_fsm:country_controller|CurrentState.yellow_n ; clk          ; clk         ; 0.000        ; 0.071      ; 0.597      ;
; 0.355 ; country_fsm:country_controller|CurrentState.green_n  ; country_fsm:country_controller|CurrentState.green_n  ; clk          ; clk         ; 0.000        ; 0.071      ; 0.597      ;
; 0.355 ; country_fsm:country_controller|CurrentState.red_n    ; country_fsm:country_controller|CurrentState.red_n    ; clk          ; clk         ; 0.000        ; 0.071      ; 0.597      ;
; 0.365 ; timer_fsm:timer|counter[0]                           ; timer_fsm:timer|counter[0]                           ; clk          ; clk         ; 0.000        ; 0.072      ; 0.608      ;
; 0.551 ; timer_fsm:timer|counter[0]                           ; highway_fsm:highway_controller|CurrentState.yellow_h ; clk          ; clk         ; 0.000        ; 0.466      ; 1.188      ;
; 0.627 ; timer_fsm:timer|counter[3]                           ; highway_fsm:highway_controller|CurrentState.yellow_h ; clk          ; clk         ; 0.000        ; 0.466      ; 1.264      ;
; 0.735 ; timer_fsm:timer|counter[2]                           ; highway_fsm:highway_controller|CurrentState.yellow_h ; clk          ; clk         ; 0.000        ; 0.466      ; 1.372      ;
; 0.760 ; sensor_fsm:sensor_control|car                        ; highway_fsm:highway_controller|CurrentState.yellow_h ; clk          ; clk         ; 0.000        ; 0.468      ; 1.399      ;
; 0.767 ; timer_fsm:timer|counter[1]                           ; highway_fsm:highway_controller|CurrentState.yellow_h ; clk          ; clk         ; 0.000        ; 0.466      ; 1.404      ;
; 0.781 ; country_fsm:country_controller|CurrentState.yellow_n ; highway_fsm:highway_controller|CurrentState.yellow_h ; clk          ; clk         ; 0.000        ; 0.468      ; 1.420      ;
; 0.785 ; highway_fsm:highway_controller|CurrentState.green_h  ; highway_fsm:highway_controller|CurrentState.yellow_h ; clk          ; clk         ; 0.000        ; 0.468      ; 1.424      ;
; 0.821 ; timer_fsm:timer|counter[0]                           ; timer_fsm:timer|counter[1]                           ; clk          ; clk         ; 0.000        ; 0.072      ; 1.064      ;
; 0.822 ; timer_fsm:timer|counter[0]                           ; timer_fsm:timer|counter[2]                           ; clk          ; clk         ; 0.000        ; 0.072      ; 1.065      ;
; 0.840 ; highway_fsm:highway_controller|CurrentState.red_h    ; highway_fsm:highway_controller|CurrentState.yellow_h ; clk          ; clk         ; 0.000        ; 0.468      ; 1.479      ;
; 0.846 ; country_fsm:country_controller|CurrentState.yellow_n ; country_fsm:country_controller|CurrentState.green_n  ; clk          ; clk         ; 0.000        ; 0.071      ; 1.088      ;
; 0.847 ; country_fsm:country_controller|CurrentState.yellow_n ; country_fsm:country_controller|CurrentState.red_n    ; clk          ; clk         ; 0.000        ; 0.071      ; 1.089      ;
; 0.875 ; timer_fsm:timer|counter[1]                           ; timer_fsm:timer|counter[3]                           ; clk          ; clk         ; 0.000        ; 0.072      ; 1.118      ;
; 0.959 ; country_fsm:country_controller|CurrentState.red_n    ; country_fsm:country_controller|CurrentState.yellow_n ; clk          ; clk         ; 0.000        ; 0.071      ; 1.201      ;
; 1.002 ; timer_fsm:timer|counter[1]                           ; timer_fsm:timer|counter[2]                           ; clk          ; clk         ; 0.000        ; 0.072      ; 1.245      ;
; 1.054 ; sensor_fsm:sensor_control|car                        ; country_fsm:country_controller|CurrentState.yellow_n ; clk          ; clk         ; 0.000        ; 0.071      ; 1.296      ;
; 1.055 ; sensor_fsm:sensor_control|car                        ; country_fsm:country_controller|CurrentState.red_n    ; clk          ; clk         ; 0.000        ; 0.071      ; 1.297      ;
; 1.057 ; sensor_fsm:sensor_control|car                        ; country_fsm:country_controller|CurrentState.green_n  ; clk          ; clk         ; 0.000        ; 0.071      ; 1.299      ;
; 1.098 ; country_fsm:country_controller|CurrentState.yellow_n ; highway_fsm:highway_controller|CurrentState.green_h  ; clk          ; clk         ; 0.000        ; 0.071      ; 1.340      ;
; 1.133 ; country_fsm:country_controller|CurrentState.green_n  ; country_fsm:country_controller|CurrentState.red_n    ; clk          ; clk         ; 0.000        ; 0.071      ; 1.375      ;
; 1.154 ; country_fsm:country_controller|CurrentState.green_n  ; country_fsm:country_controller|CurrentState.yellow_n ; clk          ; clk         ; 0.000        ; 0.071      ; 1.396      ;
; 1.157 ; highway_fsm:highway_controller|CurrentState.red_h    ; highway_fsm:highway_controller|CurrentState.green_h  ; clk          ; clk         ; 0.000        ; 0.071      ; 1.399      ;
; 1.163 ; country_fsm:country_controller|CurrentState.red_n    ; country_fsm:country_controller|CurrentState.green_n  ; clk          ; clk         ; 0.000        ; 0.071      ; 1.405      ;
; 1.163 ; sensor_fsm:sensor_control|car                        ; highway_fsm:highway_controller|CurrentState.green_h  ; clk          ; clk         ; 0.000        ; 0.071      ; 1.405      ;
; 1.165 ; sensor_fsm:sensor_control|car                        ; highway_fsm:highway_controller|CurrentState.red_h    ; clk          ; clk         ; 0.000        ; 0.071      ; 1.407      ;
; 1.168 ; timer_fsm:timer|counter[2]                           ; timer_fsm:timer|counter[3]                           ; clk          ; clk         ; 0.000        ; 0.072      ; 1.411      ;
; 1.170 ; timer_fsm:timer|counter[0]                           ; country_fsm:country_controller|CurrentState.yellow_n ; clk          ; clk         ; 0.000        ; 0.069      ; 1.410      ;
; 1.180 ; country_fsm:country_controller|CurrentState.yellow_n ; highway_fsm:highway_controller|CurrentState.red_h    ; clk          ; clk         ; 0.000        ; 0.071      ; 1.422      ;
; 1.199 ; timer_fsm:timer|counter[3]                           ; timer_fsm:timer|counter[3]                           ; clk          ; clk         ; 0.000        ; 0.072      ; 1.442      ;
; 1.203 ; highway_fsm:highway_controller|CurrentState.green_h  ; highway_fsm:highway_controller|CurrentState.red_h    ; clk          ; clk         ; 0.000        ; 0.071      ; 1.445      ;
; 1.215 ; timer_fsm:timer|counter[0]                           ; timer_fsm:timer|counter[3]                           ; clk          ; clk         ; 0.000        ; 0.072      ; 1.458      ;
; 1.229 ; highway_fsm:highway_controller|CurrentState.yellow_h ; highway_fsm:highway_controller|CurrentState.red_h    ; clk          ; clk         ; 0.000        ; -0.310     ; 1.090      ;
; 1.235 ; timer_fsm:timer|counter[3]                           ; country_fsm:country_controller|CurrentState.yellow_n ; clk          ; clk         ; 0.000        ; 0.069      ; 1.475      ;
; 1.241 ; highway_fsm:highway_controller|CurrentState.yellow_h ; country_fsm:country_controller|CurrentState.yellow_n ; clk          ; clk         ; 0.000        ; -0.310     ; 1.102      ;
; 1.271 ; timer_fsm:timer|counter[0]                           ; country_fsm:country_controller|CurrentState.green_n  ; clk          ; clk         ; 0.000        ; 0.069      ; 1.511      ;
; 1.271 ; timer_fsm:timer|counter[0]                           ; country_fsm:country_controller|CurrentState.red_n    ; clk          ; clk         ; 0.000        ; 0.069      ; 1.511      ;
; 1.277 ; timer_fsm:timer|counter[0]                           ; highway_fsm:highway_controller|CurrentState.red_h    ; clk          ; clk         ; 0.000        ; 0.069      ; 1.517      ;
; 1.336 ; timer_fsm:timer|counter[3]                           ; country_fsm:country_controller|CurrentState.green_n  ; clk          ; clk         ; 0.000        ; 0.069      ; 1.576      ;
; 1.336 ; timer_fsm:timer|counter[3]                           ; country_fsm:country_controller|CurrentState.red_n    ; clk          ; clk         ; 0.000        ; 0.069      ; 1.576      ;
; 1.343 ; timer_fsm:timer|counter[2]                           ; country_fsm:country_controller|CurrentState.yellow_n ; clk          ; clk         ; 0.000        ; 0.069      ; 1.583      ;
; 1.343 ; timer_fsm:timer|counter[3]                           ; highway_fsm:highway_controller|CurrentState.red_h    ; clk          ; clk         ; 0.000        ; 0.069      ; 1.583      ;
; 1.402 ; timer_fsm:timer|counter[1]                           ; country_fsm:country_controller|CurrentState.yellow_n ; clk          ; clk         ; 0.000        ; 0.069      ; 1.642      ;
; 1.411 ; timer_fsm:timer|counter[2]                           ; highway_fsm:highway_controller|CurrentState.green_h  ; clk          ; clk         ; 0.000        ; 0.069      ; 1.651      ;
; 1.413 ; timer_fsm:timer|counter[2]                           ; highway_fsm:highway_controller|CurrentState.red_h    ; clk          ; clk         ; 0.000        ; 0.069      ; 1.653      ;
; 1.423 ; timer_fsm:timer|counter[0]                           ; highway_fsm:highway_controller|CurrentState.green_h  ; clk          ; clk         ; 0.000        ; 0.069      ; 1.663      ;
; 1.443 ; highway_fsm:highway_controller|CurrentState.yellow_h ; country_fsm:country_controller|CurrentState.green_n  ; clk          ; clk         ; 0.000        ; -0.310     ; 1.304      ;
; 1.444 ; timer_fsm:timer|counter[2]                           ; country_fsm:country_controller|CurrentState.green_n  ; clk          ; clk         ; 0.000        ; 0.069      ; 1.684      ;
; 1.444 ; timer_fsm:timer|counter[2]                           ; country_fsm:country_controller|CurrentState.red_n    ; clk          ; clk         ; 0.000        ; 0.069      ; 1.684      ;
; 1.445 ; highway_fsm:highway_controller|CurrentState.yellow_h ; country_fsm:country_controller|CurrentState.red_n    ; clk          ; clk         ; 0.000        ; -0.310     ; 1.306      ;
; 1.451 ; highway_fsm:highway_controller|CurrentState.yellow_h ; highway_fsm:highway_controller|CurrentState.green_h  ; clk          ; clk         ; 0.000        ; -0.310     ; 1.312      ;
; 1.452 ; country_fsm:country_controller|CurrentState.red_n    ; timer_fsm:timer|counter[0]                           ; clk          ; clk         ; 0.000        ; 0.074      ; 1.697      ;
; 1.452 ; timer_fsm:timer|counter[1]                           ; highway_fsm:highway_controller|CurrentState.green_h  ; clk          ; clk         ; 0.000        ; 0.069      ; 1.692      ;
; 1.454 ; country_fsm:country_controller|CurrentState.red_n    ; timer_fsm:timer|counter[1]                           ; clk          ; clk         ; 0.000        ; 0.074      ; 1.699      ;
; 1.456 ; country_fsm:country_controller|CurrentState.red_n    ; timer_fsm:timer|counter[2]                           ; clk          ; clk         ; 0.000        ; 0.074      ; 1.701      ;
; 1.456 ; country_fsm:country_controller|CurrentState.red_n    ; timer_fsm:timer|counter[3]                           ; clk          ; clk         ; 0.000        ; 0.074      ; 1.701      ;
; 1.470 ; timer_fsm:timer|counter[1]                           ; highway_fsm:highway_controller|CurrentState.red_h    ; clk          ; clk         ; 0.000        ; 0.069      ; 1.710      ;
; 1.488 ; timer_fsm:timer|counter[3]                           ; highway_fsm:highway_controller|CurrentState.green_h  ; clk          ; clk         ; 0.000        ; 0.069      ; 1.728      ;
; 1.489 ; timer_fsm:timer|counter[1]                           ; country_fsm:country_controller|CurrentState.green_n  ; clk          ; clk         ; 0.000        ; 0.069      ; 1.729      ;
; 1.490 ; timer_fsm:timer|counter[1]                           ; country_fsm:country_controller|CurrentState.red_n    ; clk          ; clk         ; 0.000        ; 0.069      ; 1.730      ;
; 1.590 ; country_fsm:country_controller|CurrentState.yellow_n ; timer_fsm:timer|counter[0]                           ; clk          ; clk         ; 0.000        ; 0.074      ; 1.835      ;
; 1.591 ; country_fsm:country_controller|CurrentState.yellow_n ; timer_fsm:timer|counter[1]                           ; clk          ; clk         ; 0.000        ; 0.074      ; 1.836      ;
; 1.592 ; country_fsm:country_controller|CurrentState.yellow_n ; timer_fsm:timer|counter[3]                           ; clk          ; clk         ; 0.000        ; 0.074      ; 1.837      ;
; 1.593 ; country_fsm:country_controller|CurrentState.yellow_n ; timer_fsm:timer|counter[2]                           ; clk          ; clk         ; 0.000        ; 0.074      ; 1.838      ;
; 1.623 ; sensor_fsm:sensor_control|car                        ; timer_fsm:timer|counter[0]                           ; clk          ; clk         ; 0.000        ; 0.074      ; 1.868      ;
; 1.625 ; sensor_fsm:sensor_control|car                        ; timer_fsm:timer|counter[1]                           ; clk          ; clk         ; 0.000        ; 0.074      ; 1.870      ;
; 1.627 ; sensor_fsm:sensor_control|car                        ; timer_fsm:timer|counter[2]                           ; clk          ; clk         ; 0.000        ; 0.074      ; 1.872      ;
; 1.627 ; sensor_fsm:sensor_control|car                        ; timer_fsm:timer|counter[3]                           ; clk          ; clk         ; 0.000        ; 0.074      ; 1.872      ;
; 1.649 ; highway_fsm:highway_controller|CurrentState.red_h    ; timer_fsm:timer|counter[0]                           ; clk          ; clk         ; 0.000        ; 0.074      ; 1.894      ;
; 1.650 ; highway_fsm:highway_controller|CurrentState.red_h    ; timer_fsm:timer|counter[1]                           ; clk          ; clk         ; 0.000        ; 0.074      ; 1.895      ;
; 1.651 ; highway_fsm:highway_controller|CurrentState.red_h    ; timer_fsm:timer|counter[3]                           ; clk          ; clk         ; 0.000        ; 0.074      ; 1.896      ;
; 1.652 ; highway_fsm:highway_controller|CurrentState.red_h    ; timer_fsm:timer|counter[2]                           ; clk          ; clk         ; 0.000        ; 0.074      ; 1.897      ;
; 1.714 ; country_fsm:country_controller|CurrentState.green_n  ; timer_fsm:timer|counter[0]                           ; clk          ; clk         ; 0.000        ; 0.074      ; 1.959      ;
; 1.715 ; country_fsm:country_controller|CurrentState.green_n  ; timer_fsm:timer|counter[1]                           ; clk          ; clk         ; 0.000        ; 0.074      ; 1.960      ;
; 1.716 ; country_fsm:country_controller|CurrentState.green_n  ; timer_fsm:timer|counter[3]                           ; clk          ; clk         ; 0.000        ; 0.074      ; 1.961      ;
; 1.717 ; country_fsm:country_controller|CurrentState.green_n  ; timer_fsm:timer|counter[2]                           ; clk          ; clk         ; 0.000        ; 0.074      ; 1.962      ;
; 1.749 ; highway_fsm:highway_controller|CurrentState.green_h  ; timer_fsm:timer|counter[0]                           ; clk          ; clk         ; 0.000        ; 0.074      ; 1.994      ;
; 1.751 ; highway_fsm:highway_controller|CurrentState.green_h  ; timer_fsm:timer|counter[1]                           ; clk          ; clk         ; 0.000        ; 0.074      ; 1.996      ;
; 1.753 ; highway_fsm:highway_controller|CurrentState.green_h  ; timer_fsm:timer|counter[2]                           ; clk          ; clk         ; 0.000        ; 0.074      ; 1.998      ;
; 1.753 ; highway_fsm:highway_controller|CurrentState.green_h  ; timer_fsm:timer|counter[3]                           ; clk          ; clk         ; 0.000        ; 0.074      ; 1.998      ;
; 1.761 ; highway_fsm:highway_controller|CurrentState.yellow_h ; timer_fsm:timer|counter[0]                           ; clk          ; clk         ; 0.000        ; -0.307     ; 1.625      ;
; 1.762 ; highway_fsm:highway_controller|CurrentState.yellow_h ; timer_fsm:timer|counter[1]                           ; clk          ; clk         ; 0.000        ; -0.307     ; 1.626      ;
; 1.763 ; highway_fsm:highway_controller|CurrentState.yellow_h ; timer_fsm:timer|counter[3]                           ; clk          ; clk         ; 0.000        ; -0.307     ; 1.627      ;
; 1.764 ; highway_fsm:highway_controller|CurrentState.yellow_h ; timer_fsm:timer|counter[2]                           ; clk          ; clk         ; 0.000        ; -0.307     ; 1.628      ;
; 1.851 ; timer_fsm:timer|counter[3]                           ; timer_fsm:timer|counter[0]                           ; clk          ; clk         ; 0.000        ; 0.072      ; 2.094      ;
; 1.853 ; timer_fsm:timer|counter[3]                           ; timer_fsm:timer|counter[1]                           ; clk          ; clk         ; 0.000        ; 0.072      ; 2.096      ;
; 1.855 ; timer_fsm:timer|counter[3]                           ; timer_fsm:timer|counter[2]                           ; clk          ; clk         ; 0.000        ; 0.072      ; 2.098      ;
; 1.959 ; timer_fsm:timer|counter[2]                           ; timer_fsm:timer|counter[0]                           ; clk          ; clk         ; 0.000        ; 0.072      ; 2.202      ;
; 1.961 ; timer_fsm:timer|counter[2]                           ; timer_fsm:timer|counter[1]                           ; clk          ; clk         ; 0.000        ; 0.072      ; 2.204      ;
; 2.016 ; timer_fsm:timer|counter[1]                           ; timer_fsm:timer|counter[0]                           ; clk          ; clk         ; 0.000        ; 0.072      ; 2.259      ;
+-------+------------------------------------------------------+------------------------------------------------------+--------------+-------------+--------------+------------+------------+


----------------------------------------------
; Slow 1200mV 0C Model Metastability Summary ;
----------------------------------------------
No synchronizer chains to report.


+------------------------------------+
; Fast 1200mV 0C Model Setup Summary ;
+-------+--------+-------------------+
; Clock ; Slack  ; End Point TNS     ;
+-------+--------+-------------------+
; clk   ; -0.502 ; -3.197            ;
+-------+--------+-------------------+


+-----------------------------------+
; Fast 1200mV 0C Model Hold Summary ;
+-------+-------+-------------------+
; Clock ; Slack ; End Point TNS     ;
+-------+-------+-------------------+
; clk   ; 0.174 ; 0.000             ;
+-------+-------+-------------------+


-----------------------------------------
; Fast 1200mV 0C Model Recovery Summary ;
-----------------------------------------
No paths to report.


----------------------------------------
; Fast 1200mV 0C Model Removal Summary ;
----------------------------------------
No paths to report.


+--------------------------------------------------+
; Fast 1200mV 0C Model Minimum Pulse Width Summary ;
+-------+--------+---------------------------------+
; Clock ; Slack  ; End Point TNS                   ;
+-------+--------+---------------------------------+
; clk   ; -3.000 ; -14.715                         ;
+-------+--------+---------------------------------+


+--------------------------------------------------------------------------------------------------------------------------------------------------------------------------------------------+
; Fast 1200mV 0C Model Setup: 'clk'                                                                                                                                                          ;
+--------+------------------------------------------------------+------------------------------------------------------+--------------+-------------+--------------+------------+------------+
; Slack  ; From Node                                            ; To Node                                              ; Launch Clock ; Latch Clock ; Relationship ; Clock Skew ; Data Delay ;
+--------+------------------------------------------------------+------------------------------------------------------+--------------+-------------+--------------+------------+------------+
; -0.502 ; timer_fsm:timer|counter[1]                           ; timer_fsm:timer|counter[2]                           ; clk          ; clk         ; 1.000        ; -0.041     ; 1.448      ;
; -0.501 ; timer_fsm:timer|counter[1]                           ; timer_fsm:timer|counter[3]                           ; clk          ; clk         ; 1.000        ; -0.041     ; 1.447      ;
; -0.500 ; timer_fsm:timer|counter[1]                           ; timer_fsm:timer|counter[1]                           ; clk          ; clk         ; 1.000        ; -0.041     ; 1.446      ;
; -0.498 ; timer_fsm:timer|counter[1]                           ; timer_fsm:timer|counter[0]                           ; clk          ; clk         ; 1.000        ; -0.041     ; 1.444      ;
; -0.498 ; timer_fsm:timer|counter[3]                           ; timer_fsm:timer|counter[2]                           ; clk          ; clk         ; 1.000        ; -0.041     ; 1.444      ;
; -0.497 ; timer_fsm:timer|counter[3]                           ; timer_fsm:timer|counter[3]                           ; clk          ; clk         ; 1.000        ; -0.041     ; 1.443      ;
; -0.496 ; timer_fsm:timer|counter[3]                           ; timer_fsm:timer|counter[1]                           ; clk          ; clk         ; 1.000        ; -0.041     ; 1.442      ;
; -0.494 ; timer_fsm:timer|counter[3]                           ; timer_fsm:timer|counter[0]                           ; clk          ; clk         ; 1.000        ; -0.041     ; 1.440      ;
; -0.469 ; timer_fsm:timer|counter[0]                           ; timer_fsm:timer|counter[2]                           ; clk          ; clk         ; 1.000        ; -0.041     ; 1.415      ;
; -0.468 ; timer_fsm:timer|counter[0]                           ; timer_fsm:timer|counter[3]                           ; clk          ; clk         ; 1.000        ; -0.041     ; 1.414      ;
; -0.467 ; timer_fsm:timer|counter[0]                           ; timer_fsm:timer|counter[1]                           ; clk          ; clk         ; 1.000        ; -0.041     ; 1.413      ;
; -0.465 ; timer_fsm:timer|counter[0]                           ; timer_fsm:timer|counter[0]                           ; clk          ; clk         ; 1.000        ; -0.041     ; 1.411      ;
; -0.461 ; timer_fsm:timer|counter[2]                           ; timer_fsm:timer|counter[2]                           ; clk          ; clk         ; 1.000        ; -0.041     ; 1.407      ;
; -0.460 ; timer_fsm:timer|counter[2]                           ; timer_fsm:timer|counter[3]                           ; clk          ; clk         ; 1.000        ; -0.041     ; 1.406      ;
; -0.459 ; timer_fsm:timer|counter[2]                           ; timer_fsm:timer|counter[1]                           ; clk          ; clk         ; 1.000        ; -0.041     ; 1.405      ;
; -0.457 ; timer_fsm:timer|counter[2]                           ; timer_fsm:timer|counter[0]                           ; clk          ; clk         ; 1.000        ; -0.041     ; 1.403      ;
; -0.247 ; country_fsm:country_controller|CurrentState.green_n  ; timer_fsm:timer|counter[2]                           ; clk          ; clk         ; 1.000        ; -0.039     ; 1.195      ;
; -0.246 ; country_fsm:country_controller|CurrentState.green_n  ; timer_fsm:timer|counter[3]                           ; clk          ; clk         ; 1.000        ; -0.039     ; 1.194      ;
; -0.245 ; country_fsm:country_controller|CurrentState.green_n  ; timer_fsm:timer|counter[1]                           ; clk          ; clk         ; 1.000        ; -0.039     ; 1.193      ;
; -0.243 ; country_fsm:country_controller|CurrentState.green_n  ; timer_fsm:timer|counter[0]                           ; clk          ; clk         ; 1.000        ; -0.039     ; 1.191      ;
; -0.239 ; timer_fsm:timer|counter[1]                           ; country_fsm:country_controller|CurrentState.red_n    ; clk          ; clk         ; 1.000        ; -0.043     ; 1.183      ;
; -0.233 ; timer_fsm:timer|counter[1]                           ; highway_fsm:highway_controller|CurrentState.red_h    ; clk          ; clk         ; 1.000        ; -0.043     ; 1.177      ;
; -0.228 ; timer_fsm:timer|counter[1]                           ; highway_fsm:highway_controller|CurrentState.green_h  ; clk          ; clk         ; 1.000        ; -0.043     ; 1.172      ;
; -0.224 ; timer_fsm:timer|counter[1]                           ; country_fsm:country_controller|CurrentState.yellow_n ; clk          ; clk         ; 1.000        ; -0.043     ; 1.168      ;
; -0.224 ; timer_fsm:timer|counter[1]                           ; country_fsm:country_controller|CurrentState.green_n  ; clk          ; clk         ; 1.000        ; -0.043     ; 1.168      ;
; -0.220 ; timer_fsm:timer|counter[3]                           ; country_fsm:country_controller|CurrentState.yellow_n ; clk          ; clk         ; 1.000        ; -0.043     ; 1.164      ;
; -0.220 ; timer_fsm:timer|counter[3]                           ; country_fsm:country_controller|CurrentState.green_n  ; clk          ; clk         ; 1.000        ; -0.043     ; 1.164      ;
; -0.217 ; timer_fsm:timer|counter[3]                           ; country_fsm:country_controller|CurrentState.red_n    ; clk          ; clk         ; 1.000        ; -0.043     ; 1.161      ;
; -0.200 ; timer_fsm:timer|counter[0]                           ; highway_fsm:highway_controller|CurrentState.green_h  ; clk          ; clk         ; 1.000        ; -0.043     ; 1.144      ;
; -0.195 ; sensor_fsm:sensor_control|car                        ; timer_fsm:timer|counter[2]                           ; clk          ; clk         ; 1.000        ; -0.039     ; 1.143      ;
; -0.195 ; highway_fsm:highway_controller|CurrentState.yellow_h ; timer_fsm:timer|counter[2]                           ; clk          ; clk         ; 1.000        ; -0.242     ; 0.940      ;
; -0.194 ; sensor_fsm:sensor_control|car                        ; timer_fsm:timer|counter[3]                           ; clk          ; clk         ; 1.000        ; -0.039     ; 1.142      ;
; -0.194 ; highway_fsm:highway_controller|CurrentState.yellow_h ; timer_fsm:timer|counter[3]                           ; clk          ; clk         ; 1.000        ; -0.242     ; 0.939      ;
; -0.193 ; sensor_fsm:sensor_control|car                        ; timer_fsm:timer|counter[1]                           ; clk          ; clk         ; 1.000        ; -0.039     ; 1.141      ;
; -0.193 ; highway_fsm:highway_controller|CurrentState.yellow_h ; timer_fsm:timer|counter[1]                           ; clk          ; clk         ; 1.000        ; -0.242     ; 0.938      ;
; -0.191 ; sensor_fsm:sensor_control|car                        ; timer_fsm:timer|counter[0]                           ; clk          ; clk         ; 1.000        ; -0.039     ; 1.139      ;
; -0.191 ; highway_fsm:highway_controller|CurrentState.yellow_h ; timer_fsm:timer|counter[0]                           ; clk          ; clk         ; 1.000        ; -0.242     ; 0.936      ;
; -0.186 ; timer_fsm:timer|counter[0]                           ; highway_fsm:highway_controller|CurrentState.red_h    ; clk          ; clk         ; 1.000        ; -0.043     ; 1.130      ;
; -0.185 ; timer_fsm:timer|counter[2]                           ; country_fsm:country_controller|CurrentState.red_n    ; clk          ; clk         ; 1.000        ; -0.043     ; 1.129      ;
; -0.183 ; timer_fsm:timer|counter[2]                           ; country_fsm:country_controller|CurrentState.yellow_n ; clk          ; clk         ; 1.000        ; -0.043     ; 1.127      ;
; -0.183 ; timer_fsm:timer|counter[2]                           ; country_fsm:country_controller|CurrentState.green_n  ; clk          ; clk         ; 1.000        ; -0.043     ; 1.127      ;
; -0.179 ; timer_fsm:timer|counter[2]                           ; highway_fsm:highway_controller|CurrentState.red_h    ; clk          ; clk         ; 1.000        ; -0.043     ; 1.123      ;
; -0.177 ; timer_fsm:timer|counter[2]                           ; highway_fsm:highway_controller|CurrentState.green_h  ; clk          ; clk         ; 1.000        ; -0.043     ; 1.121      ;
; -0.165 ; highway_fsm:highway_controller|CurrentState.green_h  ; timer_fsm:timer|counter[3]                           ; clk          ; clk         ; 1.000        ; -0.039     ; 1.113      ;
; -0.165 ; highway_fsm:highway_controller|CurrentState.green_h  ; timer_fsm:timer|counter[2]                           ; clk          ; clk         ; 1.000        ; -0.039     ; 1.113      ;
; -0.164 ; highway_fsm:highway_controller|CurrentState.green_h  ; timer_fsm:timer|counter[1]                           ; clk          ; clk         ; 1.000        ; -0.039     ; 1.112      ;
; -0.162 ; highway_fsm:highway_controller|CurrentState.green_h  ; timer_fsm:timer|counter[0]                           ; clk          ; clk         ; 1.000        ; -0.039     ; 1.110      ;
; -0.141 ; timer_fsm:timer|counter[3]                           ; highway_fsm:highway_controller|CurrentState.green_h  ; clk          ; clk         ; 1.000        ; -0.043     ; 1.085      ;
; -0.140 ; country_fsm:country_controller|CurrentState.yellow_n ; timer_fsm:timer|counter[2]                           ; clk          ; clk         ; 1.000        ; -0.039     ; 1.088      ;
; -0.139 ; highway_fsm:highway_controller|CurrentState.red_h    ; timer_fsm:timer|counter[2]                           ; clk          ; clk         ; 1.000        ; -0.039     ; 1.087      ;
; -0.139 ; country_fsm:country_controller|CurrentState.yellow_n ; timer_fsm:timer|counter[3]                           ; clk          ; clk         ; 1.000        ; -0.039     ; 1.087      ;
; -0.138 ; highway_fsm:highway_controller|CurrentState.red_h    ; timer_fsm:timer|counter[3]                           ; clk          ; clk         ; 1.000        ; -0.039     ; 1.086      ;
; -0.138 ; country_fsm:country_controller|CurrentState.yellow_n ; timer_fsm:timer|counter[1]                           ; clk          ; clk         ; 1.000        ; -0.039     ; 1.086      ;
; -0.137 ; highway_fsm:highway_controller|CurrentState.red_h    ; timer_fsm:timer|counter[1]                           ; clk          ; clk         ; 1.000        ; -0.039     ; 1.085      ;
; -0.136 ; country_fsm:country_controller|CurrentState.yellow_n ; timer_fsm:timer|counter[0]                           ; clk          ; clk         ; 1.000        ; -0.039     ; 1.084      ;
; -0.135 ; highway_fsm:highway_controller|CurrentState.red_h    ; timer_fsm:timer|counter[0]                           ; clk          ; clk         ; 1.000        ; -0.039     ; 1.083      ;
; -0.127 ; timer_fsm:timer|counter[3]                           ; highway_fsm:highway_controller|CurrentState.red_h    ; clk          ; clk         ; 1.000        ; -0.043     ; 1.071      ;
; -0.105 ; timer_fsm:timer|counter[0]                           ; country_fsm:country_controller|CurrentState.red_n    ; clk          ; clk         ; 1.000        ; -0.043     ; 1.049      ;
; -0.089 ; timer_fsm:timer|counter[0]                           ; country_fsm:country_controller|CurrentState.green_n  ; clk          ; clk         ; 1.000        ; -0.043     ; 1.033      ;
; -0.081 ; highway_fsm:highway_controller|CurrentState.yellow_h ; country_fsm:country_controller|CurrentState.red_n    ; clk          ; clk         ; 1.000        ; -0.244     ; 0.824      ;
; -0.076 ; timer_fsm:timer|counter[0]                           ; country_fsm:country_controller|CurrentState.yellow_n ; clk          ; clk         ; 1.000        ; -0.043     ; 1.020      ;
; -0.065 ; highway_fsm:highway_controller|CurrentState.yellow_h ; highway_fsm:highway_controller|CurrentState.green_h  ; clk          ; clk         ; 1.000        ; -0.244     ; 0.808      ;
; -0.065 ; highway_fsm:highway_controller|CurrentState.yellow_h ; country_fsm:country_controller|CurrentState.green_n  ; clk          ; clk         ; 1.000        ; -0.244     ; 0.808      ;
; -0.048 ; timer_fsm:timer|counter[1]                           ; highway_fsm:highway_controller|CurrentState.yellow_h ; clk          ; clk         ; 1.000        ; 0.152      ; 1.187      ;
; -0.014 ; country_fsm:country_controller|CurrentState.red_n    ; timer_fsm:timer|counter[3]                           ; clk          ; clk         ; 1.000        ; -0.039     ; 0.962      ;
; -0.014 ; country_fsm:country_controller|CurrentState.red_n    ; timer_fsm:timer|counter[2]                           ; clk          ; clk         ; 1.000        ; -0.039     ; 0.962      ;
; -0.013 ; country_fsm:country_controller|CurrentState.red_n    ; timer_fsm:timer|counter[1]                           ; clk          ; clk         ; 1.000        ; -0.039     ; 0.961      ;
; -0.011 ; country_fsm:country_controller|CurrentState.red_n    ; timer_fsm:timer|counter[0]                           ; clk          ; clk         ; 1.000        ; -0.039     ; 0.959      ;
; 0.004  ; timer_fsm:timer|counter[2]                           ; highway_fsm:highway_controller|CurrentState.yellow_h ; clk          ; clk         ; 1.000        ; 0.152      ; 1.135      ;
; 0.012  ; timer_fsm:timer|counter[0]                           ; highway_fsm:highway_controller|CurrentState.yellow_h ; clk          ; clk         ; 1.000        ; 0.152      ; 1.127      ;
; 0.031  ; country_fsm:country_controller|CurrentState.green_n  ; country_fsm:country_controller|CurrentState.yellow_n ; clk          ; clk         ; 1.000        ; -0.041     ; 0.915      ;
; 0.031  ; country_fsm:country_controller|CurrentState.green_n  ; country_fsm:country_controller|CurrentState.green_n  ; clk          ; clk         ; 1.000        ; -0.041     ; 0.915      ;
; 0.034  ; country_fsm:country_controller|CurrentState.green_n  ; country_fsm:country_controller|CurrentState.red_n    ; clk          ; clk         ; 1.000        ; -0.041     ; 0.912      ;
; 0.061  ; country_fsm:country_controller|CurrentState.yellow_n ; highway_fsm:highway_controller|CurrentState.red_h    ; clk          ; clk         ; 1.000        ; -0.041     ; 0.885      ;
; 0.062  ; highway_fsm:highway_controller|CurrentState.red_h    ; highway_fsm:highway_controller|CurrentState.red_h    ; clk          ; clk         ; 1.000        ; -0.041     ; 0.884      ;
; 0.062  ; timer_fsm:timer|counter[3]                           ; highway_fsm:highway_controller|CurrentState.yellow_h ; clk          ; clk         ; 1.000        ; 0.152      ; 1.077      ;
; 0.074  ; sensor_fsm:sensor_control|car                        ; highway_fsm:highway_controller|CurrentState.green_h  ; clk          ; clk         ; 1.000        ; -0.041     ; 0.872      ;
; 0.074  ; highway_fsm:highway_controller|CurrentState.green_h  ; highway_fsm:highway_controller|CurrentState.green_h  ; clk          ; clk         ; 1.000        ; -0.041     ; 0.872      ;
; 0.083  ; country_fsm:country_controller|CurrentState.red_n    ; country_fsm:country_controller|CurrentState.red_n    ; clk          ; clk         ; 1.000        ; -0.041     ; 0.863      ;
; 0.085  ; highway_fsm:highway_controller|CurrentState.yellow_h ; country_fsm:country_controller|CurrentState.yellow_n ; clk          ; clk         ; 1.000        ; -0.244     ; 0.658      ;
; 0.088  ; sensor_fsm:sensor_control|car                        ; highway_fsm:highway_controller|CurrentState.red_h    ; clk          ; clk         ; 1.000        ; -0.041     ; 0.858      ;
; 0.096  ; highway_fsm:highway_controller|CurrentState.green_h  ; highway_fsm:highway_controller|CurrentState.red_h    ; clk          ; clk         ; 1.000        ; -0.041     ; 0.850      ;
; 0.098  ; highway_fsm:highway_controller|CurrentState.yellow_h ; highway_fsm:highway_controller|CurrentState.red_h    ; clk          ; clk         ; 1.000        ; -0.244     ; 0.645      ;
; 0.110  ; country_fsm:country_controller|CurrentState.red_n    ; country_fsm:country_controller|CurrentState.green_n  ; clk          ; clk         ; 1.000        ; -0.041     ; 0.836      ;
; 0.158  ; country_fsm:country_controller|CurrentState.yellow_n ; highway_fsm:highway_controller|CurrentState.green_h  ; clk          ; clk         ; 1.000        ; -0.041     ; 0.788      ;
; 0.159  ; highway_fsm:highway_controller|CurrentState.red_h    ; highway_fsm:highway_controller|CurrentState.green_h  ; clk          ; clk         ; 1.000        ; -0.041     ; 0.787      ;
; 0.172  ; sensor_fsm:sensor_control|car                        ; country_fsm:country_controller|CurrentState.green_n  ; clk          ; clk         ; 1.000        ; -0.041     ; 0.774      ;
; 0.174  ; sensor_fsm:sensor_control|car                        ; country_fsm:country_controller|CurrentState.red_n    ; clk          ; clk         ; 1.000        ; -0.041     ; 0.772      ;
; 0.181  ; sensor_fsm:sensor_control|car                        ; country_fsm:country_controller|CurrentState.yellow_n ; clk          ; clk         ; 1.000        ; -0.041     ; 0.765      ;
; 0.238  ; country_fsm:country_controller|CurrentState.red_n    ; country_fsm:country_controller|CurrentState.yellow_n ; clk          ; clk         ; 1.000        ; -0.041     ; 0.708      ;
; 0.246  ; country_fsm:country_controller|CurrentState.yellow_n ; highway_fsm:highway_controller|CurrentState.yellow_h ; clk          ; clk         ; 1.000        ; 0.154      ; 0.895      ;
; 0.247  ; highway_fsm:highway_controller|CurrentState.red_h    ; highway_fsm:highway_controller|CurrentState.yellow_h ; clk          ; clk         ; 1.000        ; 0.154      ; 0.894      ;
; 0.286  ; sensor_fsm:sensor_control|car                        ; highway_fsm:highway_controller|CurrentState.yellow_h ; clk          ; clk         ; 1.000        ; 0.154      ; 0.855      ;
; 0.298  ; highway_fsm:highway_controller|CurrentState.green_h  ; highway_fsm:highway_controller|CurrentState.yellow_h ; clk          ; clk         ; 1.000        ; 0.154      ; 0.843      ;
; 0.303  ; country_fsm:country_controller|CurrentState.yellow_n ; country_fsm:country_controller|CurrentState.red_n    ; clk          ; clk         ; 1.000        ; -0.041     ; 0.643      ;
; 0.303  ; country_fsm:country_controller|CurrentState.yellow_n ; country_fsm:country_controller|CurrentState.green_n  ; clk          ; clk         ; 1.000        ; -0.041     ; 0.643      ;
; 0.588  ; highway_fsm:highway_controller|CurrentState.yellow_h ; highway_fsm:highway_controller|CurrentState.yellow_h ; clk          ; clk         ; 1.000        ; -0.049     ; 0.350      ;
; 0.596  ; country_fsm:country_controller|CurrentState.yellow_n ; country_fsm:country_controller|CurrentState.yellow_n ; clk          ; clk         ; 1.000        ; -0.041     ; 0.350      ;
+--------+------------------------------------------------------+------------------------------------------------------+--------------+-------------+--------------+------------+------------+


+-------------------------------------------------------------------------------------------------------------------------------------------------------------------------------------------+
; Fast 1200mV 0C Model Hold: 'clk'                                                                                                                                                          ;
+-------+------------------------------------------------------+------------------------------------------------------+--------------+-------------+--------------+------------+------------+
; Slack ; From Node                                            ; To Node                                              ; Launch Clock ; Latch Clock ; Relationship ; Clock Skew ; Data Delay ;
+-------+------------------------------------------------------+------------------------------------------------------+--------------+-------------+--------------+------------+------------+
; 0.174 ; highway_fsm:highway_controller|CurrentState.yellow_h ; highway_fsm:highway_controller|CurrentState.yellow_h ; clk          ; clk         ; 0.000        ; 0.049      ; 0.307      ;
; 0.182 ; highway_fsm:highway_controller|CurrentState.red_h    ; highway_fsm:highway_controller|CurrentState.red_h    ; clk          ; clk         ; 0.000        ; 0.041      ; 0.307      ;
; 0.182 ; highway_fsm:highway_controller|CurrentState.green_h  ; highway_fsm:highway_controller|CurrentState.green_h  ; clk          ; clk         ; 0.000        ; 0.041      ; 0.307      ;
; 0.182 ; timer_fsm:timer|counter[1]                           ; timer_fsm:timer|counter[1]                           ; clk          ; clk         ; 0.000        ; 0.041      ; 0.307      ;
; 0.182 ; timer_fsm:timer|counter[2]                           ; timer_fsm:timer|counter[2]                           ; clk          ; clk         ; 0.000        ; 0.041      ; 0.307      ;
; 0.182 ; country_fsm:country_controller|CurrentState.yellow_n ; country_fsm:country_controller|CurrentState.yellow_n ; clk          ; clk         ; 0.000        ; 0.041      ; 0.307      ;
; 0.182 ; country_fsm:country_controller|CurrentState.green_n  ; country_fsm:country_controller|CurrentState.green_n  ; clk          ; clk         ; 0.000        ; 0.041      ; 0.307      ;
; 0.182 ; country_fsm:country_controller|CurrentState.red_n    ; country_fsm:country_controller|CurrentState.red_n    ; clk          ; clk         ; 0.000        ; 0.041      ; 0.307      ;
; 0.189 ; timer_fsm:timer|counter[0]                           ; timer_fsm:timer|counter[0]                           ; clk          ; clk         ; 0.000        ; 0.041      ; 0.314      ;
; 0.258 ; timer_fsm:timer|counter[0]                           ; highway_fsm:highway_controller|CurrentState.yellow_h ; clk          ; clk         ; 0.000        ; 0.242      ; 0.584      ;
; 0.355 ; timer_fsm:timer|counter[3]                           ; highway_fsm:highway_controller|CurrentState.yellow_h ; clk          ; clk         ; 0.000        ; 0.242      ; 0.681      ;
; 0.373 ; timer_fsm:timer|counter[1]                           ; highway_fsm:highway_controller|CurrentState.yellow_h ; clk          ; clk         ; 0.000        ; 0.242      ; 0.699      ;
; 0.375 ; sensor_fsm:sensor_control|car                        ; highway_fsm:highway_controller|CurrentState.yellow_h ; clk          ; clk         ; 0.000        ; 0.244      ; 0.703      ;
; 0.391 ; country_fsm:country_controller|CurrentState.yellow_n ; highway_fsm:highway_controller|CurrentState.yellow_h ; clk          ; clk         ; 0.000        ; 0.244      ; 0.719      ;
; 0.401 ; highway_fsm:highway_controller|CurrentState.red_h    ; highway_fsm:highway_controller|CurrentState.yellow_h ; clk          ; clk         ; 0.000        ; 0.244      ; 0.729      ;
; 0.402 ; timer_fsm:timer|counter[0]                           ; timer_fsm:timer|counter[1]                           ; clk          ; clk         ; 0.000        ; 0.041      ; 0.527      ;
; 0.403 ; timer_fsm:timer|counter[0]                           ; timer_fsm:timer|counter[2]                           ; clk          ; clk         ; 0.000        ; 0.041      ; 0.528      ;
; 0.409 ; timer_fsm:timer|counter[2]                           ; highway_fsm:highway_controller|CurrentState.yellow_h ; clk          ; clk         ; 0.000        ; 0.242      ; 0.735      ;
; 0.419 ; highway_fsm:highway_controller|CurrentState.green_h  ; highway_fsm:highway_controller|CurrentState.yellow_h ; clk          ; clk         ; 0.000        ; 0.244      ; 0.747      ;
; 0.421 ; country_fsm:country_controller|CurrentState.yellow_n ; country_fsm:country_controller|CurrentState.green_n  ; clk          ; clk         ; 0.000        ; 0.041      ; 0.546      ;
; 0.421 ; country_fsm:country_controller|CurrentState.yellow_n ; country_fsm:country_controller|CurrentState.red_n    ; clk          ; clk         ; 0.000        ; 0.041      ; 0.546      ;
; 0.431 ; timer_fsm:timer|counter[1]                           ; timer_fsm:timer|counter[3]                           ; clk          ; clk         ; 0.000        ; 0.041      ; 0.556      ;
; 0.497 ; timer_fsm:timer|counter[1]                           ; timer_fsm:timer|counter[2]                           ; clk          ; clk         ; 0.000        ; 0.041      ; 0.622      ;
; 0.497 ; country_fsm:country_controller|CurrentState.red_n    ; country_fsm:country_controller|CurrentState.yellow_n ; clk          ; clk         ; 0.000        ; 0.041      ; 0.622      ;
; 0.544 ; country_fsm:country_controller|CurrentState.yellow_n ; highway_fsm:highway_controller|CurrentState.green_h  ; clk          ; clk         ; 0.000        ; 0.041      ; 0.669      ;
; 0.554 ; highway_fsm:highway_controller|CurrentState.red_h    ; highway_fsm:highway_controller|CurrentState.green_h  ; clk          ; clk         ; 0.000        ; 0.041      ; 0.679      ;
; 0.557 ; sensor_fsm:sensor_control|car                        ; country_fsm:country_controller|CurrentState.red_n    ; clk          ; clk         ; 0.000        ; 0.041      ; 0.682      ;
; 0.557 ; sensor_fsm:sensor_control|car                        ; country_fsm:country_controller|CurrentState.yellow_n ; clk          ; clk         ; 0.000        ; 0.041      ; 0.682      ;
; 0.558 ; sensor_fsm:sensor_control|car                        ; country_fsm:country_controller|CurrentState.green_n  ; clk          ; clk         ; 0.000        ; 0.041      ; 0.683      ;
; 0.566 ; timer_fsm:timer|counter[2]                           ; timer_fsm:timer|counter[3]                           ; clk          ; clk         ; 0.000        ; 0.041      ; 0.691      ;
; 0.570 ; country_fsm:country_controller|CurrentState.green_n  ; country_fsm:country_controller|CurrentState.red_n    ; clk          ; clk         ; 0.000        ; 0.041      ; 0.695      ;
; 0.577 ; country_fsm:country_controller|CurrentState.green_n  ; country_fsm:country_controller|CurrentState.yellow_n ; clk          ; clk         ; 0.000        ; 0.041      ; 0.702      ;
; 0.579 ; timer_fsm:timer|counter[0]                           ; country_fsm:country_controller|CurrentState.yellow_n ; clk          ; clk         ; 0.000        ; 0.039      ; 0.702      ;
; 0.582 ; sensor_fsm:sensor_control|car                        ; highway_fsm:highway_controller|CurrentState.green_h  ; clk          ; clk         ; 0.000        ; 0.041      ; 0.707      ;
; 0.586 ; sensor_fsm:sensor_control|car                        ; highway_fsm:highway_controller|CurrentState.red_h    ; clk          ; clk         ; 0.000        ; 0.041      ; 0.711      ;
; 0.586 ; timer_fsm:timer|counter[3]                           ; timer_fsm:timer|counter[3]                           ; clk          ; clk         ; 0.000        ; 0.041      ; 0.711      ;
; 0.593 ; timer_fsm:timer|counter[0]                           ; timer_fsm:timer|counter[3]                           ; clk          ; clk         ; 0.000        ; 0.041      ; 0.718      ;
; 0.596 ; country_fsm:country_controller|CurrentState.yellow_n ; highway_fsm:highway_controller|CurrentState.red_h    ; clk          ; clk         ; 0.000        ; 0.041      ; 0.721      ;
; 0.605 ; country_fsm:country_controller|CurrentState.red_n    ; country_fsm:country_controller|CurrentState.green_n  ; clk          ; clk         ; 0.000        ; 0.041      ; 0.730      ;
; 0.616 ; timer_fsm:timer|counter[0]                           ; country_fsm:country_controller|CurrentState.green_n  ; clk          ; clk         ; 0.000        ; 0.039      ; 0.739      ;
; 0.616 ; timer_fsm:timer|counter[0]                           ; country_fsm:country_controller|CurrentState.red_n    ; clk          ; clk         ; 0.000        ; 0.039      ; 0.739      ;
; 0.617 ; highway_fsm:highway_controller|CurrentState.yellow_h ; highway_fsm:highway_controller|CurrentState.red_h    ; clk          ; clk         ; 0.000        ; -0.154     ; 0.547      ;
; 0.620 ; timer_fsm:timer|counter[0]                           ; highway_fsm:highway_controller|CurrentState.red_h    ; clk          ; clk         ; 0.000        ; 0.039      ; 0.743      ;
; 0.625 ; highway_fsm:highway_controller|CurrentState.yellow_h ; country_fsm:country_controller|CurrentState.yellow_n ; clk          ; clk         ; 0.000        ; -0.154     ; 0.555      ;
; 0.631 ; highway_fsm:highway_controller|CurrentState.green_h  ; highway_fsm:highway_controller|CurrentState.red_h    ; clk          ; clk         ; 0.000        ; 0.041      ; 0.756      ;
; 0.675 ; timer_fsm:timer|counter[3]                           ; country_fsm:country_controller|CurrentState.yellow_n ; clk          ; clk         ; 0.000        ; 0.039      ; 0.798      ;
; 0.691 ; timer_fsm:timer|counter[0]                           ; highway_fsm:highway_controller|CurrentState.green_h  ; clk          ; clk         ; 0.000        ; 0.039      ; 0.814      ;
; 0.694 ; timer_fsm:timer|counter[1]                           ; country_fsm:country_controller|CurrentState.yellow_n ; clk          ; clk         ; 0.000        ; 0.039      ; 0.817      ;
; 0.713 ; timer_fsm:timer|counter[3]                           ; country_fsm:country_controller|CurrentState.green_n  ; clk          ; clk         ; 0.000        ; 0.039      ; 0.836      ;
; 0.713 ; timer_fsm:timer|counter[3]                           ; country_fsm:country_controller|CurrentState.red_n    ; clk          ; clk         ; 0.000        ; 0.039      ; 0.836      ;
; 0.714 ; timer_fsm:timer|counter[1]                           ; highway_fsm:highway_controller|CurrentState.green_h  ; clk          ; clk         ; 0.000        ; 0.039      ; 0.837      ;
; 0.717 ; timer_fsm:timer|counter[3]                           ; highway_fsm:highway_controller|CurrentState.red_h    ; clk          ; clk         ; 0.000        ; 0.039      ; 0.840      ;
; 0.718 ; timer_fsm:timer|counter[1]                           ; highway_fsm:highway_controller|CurrentState.red_h    ; clk          ; clk         ; 0.000        ; 0.039      ; 0.841      ;
; 0.725 ; highway_fsm:highway_controller|CurrentState.yellow_h ; highway_fsm:highway_controller|CurrentState.green_h  ; clk          ; clk         ; 0.000        ; -0.154     ; 0.655      ;
; 0.725 ; highway_fsm:highway_controller|CurrentState.yellow_h ; country_fsm:country_controller|CurrentState.green_n  ; clk          ; clk         ; 0.000        ; -0.154     ; 0.655      ;
; 0.727 ; timer_fsm:timer|counter[2]                           ; highway_fsm:highway_controller|CurrentState.green_h  ; clk          ; clk         ; 0.000        ; 0.039      ; 0.850      ;
; 0.727 ; highway_fsm:highway_controller|CurrentState.yellow_h ; country_fsm:country_controller|CurrentState.red_n    ; clk          ; clk         ; 0.000        ; -0.154     ; 0.657      ;
; 0.729 ; timer_fsm:timer|counter[2]                           ; country_fsm:country_controller|CurrentState.yellow_n ; clk          ; clk         ; 0.000        ; 0.039      ; 0.852      ;
; 0.731 ; timer_fsm:timer|counter[1]                           ; country_fsm:country_controller|CurrentState.green_n  ; clk          ; clk         ; 0.000        ; 0.039      ; 0.854      ;
; 0.731 ; timer_fsm:timer|counter[1]                           ; country_fsm:country_controller|CurrentState.red_n    ; clk          ; clk         ; 0.000        ; 0.039      ; 0.854      ;
; 0.733 ; timer_fsm:timer|counter[2]                           ; highway_fsm:highway_controller|CurrentState.red_h    ; clk          ; clk         ; 0.000        ; 0.039      ; 0.856      ;
; 0.769 ; country_fsm:country_controller|CurrentState.red_n    ; timer_fsm:timer|counter[0]                           ; clk          ; clk         ; 0.000        ; 0.043      ; 0.896      ;
; 0.769 ; timer_fsm:timer|counter[3]                           ; highway_fsm:highway_controller|CurrentState.green_h  ; clk          ; clk         ; 0.000        ; 0.039      ; 0.892      ;
; 0.771 ; country_fsm:country_controller|CurrentState.red_n    ; timer_fsm:timer|counter[1]                           ; clk          ; clk         ; 0.000        ; 0.043      ; 0.898      ;
; 0.772 ; country_fsm:country_controller|CurrentState.red_n    ; timer_fsm:timer|counter[2]                           ; clk          ; clk         ; 0.000        ; 0.043      ; 0.899      ;
; 0.772 ; country_fsm:country_controller|CurrentState.red_n    ; timer_fsm:timer|counter[3]                           ; clk          ; clk         ; 0.000        ; 0.043      ; 0.899      ;
; 0.780 ; timer_fsm:timer|counter[2]                           ; country_fsm:country_controller|CurrentState.green_n  ; clk          ; clk         ; 0.000        ; 0.039      ; 0.903      ;
; 0.781 ; timer_fsm:timer|counter[2]                           ; country_fsm:country_controller|CurrentState.red_n    ; clk          ; clk         ; 0.000        ; 0.039      ; 0.904      ;
; 0.788 ; country_fsm:country_controller|CurrentState.yellow_n ; timer_fsm:timer|counter[0]                           ; clk          ; clk         ; 0.000        ; 0.043      ; 0.915      ;
; 0.789 ; country_fsm:country_controller|CurrentState.yellow_n ; timer_fsm:timer|counter[1]                           ; clk          ; clk         ; 0.000        ; 0.043      ; 0.916      ;
; 0.790 ; country_fsm:country_controller|CurrentState.yellow_n ; timer_fsm:timer|counter[3]                           ; clk          ; clk         ; 0.000        ; 0.043      ; 0.917      ;
; 0.791 ; country_fsm:country_controller|CurrentState.yellow_n ; timer_fsm:timer|counter[2]                           ; clk          ; clk         ; 0.000        ; 0.043      ; 0.918      ;
; 0.798 ; highway_fsm:highway_controller|CurrentState.red_h    ; timer_fsm:timer|counter[0]                           ; clk          ; clk         ; 0.000        ; 0.043      ; 0.925      ;
; 0.799 ; highway_fsm:highway_controller|CurrentState.red_h    ; timer_fsm:timer|counter[1]                           ; clk          ; clk         ; 0.000        ; 0.043      ; 0.926      ;
; 0.800 ; highway_fsm:highway_controller|CurrentState.red_h    ; timer_fsm:timer|counter[3]                           ; clk          ; clk         ; 0.000        ; 0.043      ; 0.927      ;
; 0.801 ; highway_fsm:highway_controller|CurrentState.red_h    ; timer_fsm:timer|counter[2]                           ; clk          ; clk         ; 0.000        ; 0.043      ; 0.928      ;
; 0.841 ; sensor_fsm:sensor_control|car                        ; timer_fsm:timer|counter[0]                           ; clk          ; clk         ; 0.000        ; 0.043      ; 0.968      ;
; 0.842 ; sensor_fsm:sensor_control|car                        ; timer_fsm:timer|counter[1]                           ; clk          ; clk         ; 0.000        ; 0.043      ; 0.969      ;
; 0.843 ; sensor_fsm:sensor_control|car                        ; timer_fsm:timer|counter[3]                           ; clk          ; clk         ; 0.000        ; 0.043      ; 0.970      ;
; 0.844 ; sensor_fsm:sensor_control|car                        ; timer_fsm:timer|counter[2]                           ; clk          ; clk         ; 0.000        ; 0.043      ; 0.971      ;
; 0.854 ; country_fsm:country_controller|CurrentState.green_n  ; timer_fsm:timer|counter[0]                           ; clk          ; clk         ; 0.000        ; 0.043      ; 0.981      ;
; 0.855 ; country_fsm:country_controller|CurrentState.green_n  ; timer_fsm:timer|counter[1]                           ; clk          ; clk         ; 0.000        ; 0.043      ; 0.982      ;
; 0.856 ; country_fsm:country_controller|CurrentState.green_n  ; timer_fsm:timer|counter[3]                           ; clk          ; clk         ; 0.000        ; 0.043      ; 0.983      ;
; 0.857 ; country_fsm:country_controller|CurrentState.green_n  ; timer_fsm:timer|counter[2]                           ; clk          ; clk         ; 0.000        ; 0.043      ; 0.984      ;
; 0.869 ; highway_fsm:highway_controller|CurrentState.yellow_h ; timer_fsm:timer|counter[0]                           ; clk          ; clk         ; 0.000        ; -0.152     ; 0.801      ;
; 0.870 ; highway_fsm:highway_controller|CurrentState.yellow_h ; timer_fsm:timer|counter[1]                           ; clk          ; clk         ; 0.000        ; -0.152     ; 0.802      ;
; 0.871 ; highway_fsm:highway_controller|CurrentState.yellow_h ; timer_fsm:timer|counter[3]                           ; clk          ; clk         ; 0.000        ; -0.152     ; 0.803      ;
; 0.872 ; highway_fsm:highway_controller|CurrentState.yellow_h ; timer_fsm:timer|counter[2]                           ; clk          ; clk         ; 0.000        ; -0.152     ; 0.804      ;
; 0.933 ; highway_fsm:highway_controller|CurrentState.green_h  ; timer_fsm:timer|counter[0]                           ; clk          ; clk         ; 0.000        ; 0.043      ; 1.060      ;
; 0.934 ; highway_fsm:highway_controller|CurrentState.green_h  ; timer_fsm:timer|counter[1]                           ; clk          ; clk         ; 0.000        ; 0.043      ; 1.061      ;
; 0.935 ; highway_fsm:highway_controller|CurrentState.green_h  ; timer_fsm:timer|counter[3]                           ; clk          ; clk         ; 0.000        ; 0.043      ; 1.062      ;
; 0.936 ; highway_fsm:highway_controller|CurrentState.green_h  ; timer_fsm:timer|counter[2]                           ; clk          ; clk         ; 0.000        ; 0.043      ; 1.063      ;
; 0.966 ; timer_fsm:timer|counter[3]                           ; timer_fsm:timer|counter[0]                           ; clk          ; clk         ; 0.000        ; 0.041      ; 1.091      ;
; 0.967 ; timer_fsm:timer|counter[3]                           ; timer_fsm:timer|counter[1]                           ; clk          ; clk         ; 0.000        ; 0.041      ; 1.092      ;
; 0.969 ; timer_fsm:timer|counter[3]                           ; timer_fsm:timer|counter[2]                           ; clk          ; clk         ; 0.000        ; 0.041      ; 1.094      ;
; 0.984 ; timer_fsm:timer|counter[1]                           ; timer_fsm:timer|counter[0]                           ; clk          ; clk         ; 0.000        ; 0.041      ; 1.109      ;
; 1.016 ; timer_fsm:timer|counter[2]                           ; timer_fsm:timer|counter[0]                           ; clk          ; clk         ; 0.000        ; 0.041      ; 1.141      ;
; 1.017 ; timer_fsm:timer|counter[2]                           ; timer_fsm:timer|counter[1]                           ; clk          ; clk         ; 0.000        ; 0.041      ; 1.142      ;
+-------+------------------------------------------------------+------------------------------------------------------+--------------+-------------+--------------+------------+------------+


----------------------------------------------
; Fast 1200mV 0C Model Metastability Summary ;
----------------------------------------------
No synchronizer chains to report.


+-------------------------------------------------------------------------------+
; Multicorner Timing Analysis Summary                                           ;
+------------------+---------+-------+----------+---------+---------------------+
; Clock            ; Setup   ; Hold  ; Recovery ; Removal ; Minimum Pulse Width ;
+------------------+---------+-------+----------+---------+---------------------+
; Worst-case Slack ; -2.030  ; 0.174 ; N/A      ; N/A     ; -3.000              ;
;  clk             ; -2.030  ; 0.174 ; N/A      ; N/A     ; -3.000              ;
; Design-wide TNS  ; -16.618 ; 0.0   ; 0.0      ; 0.0     ; -17.135             ;
;  clk             ; -16.618 ; 0.000 ; N/A      ; N/A     ; -17.135             ;
+------------------+---------+-------+----------+---------+---------------------+


+---------------------------------------------------------------------------------------------------------------------------------------------------------------------------------------------------------------------------------------------------------------------------------------------------------------------------------------------------------------------------------------------------------------------+
; Board Trace Model Assignments                                                                                                                                                                                                                                                                                                                                                                                       ;
+------------------+--------------+-------------------+-------------------------+-------------------------+---------------+---------------------+----------------+------------------+--------+------------------+------------------------+------------------------+--------------+---------------+-----------------+-------+---------------------+--------------------+---------------+-----------------+-------------+
; Pin              ; I/O Standard ; Near Tline Length ; Near Tline L per Length ; Near Tline C per Length ; Near Series R ; Near Differential R ; Near Pull-up R ; Near Pull-down R ; Near C ; Far Tline Length ; Far Tline L per Length ; Far Tline C per Length ; Far Series R ; Far Pull-up R ; Far Pull-down R ; Far C ; Termination Voltage ; Far Differential R ; EBD File Name ; EBD Signal Name ; EBD Far-end ;
+------------------+--------------+-------------------+-------------------------+-------------------------+---------------+---------------------+----------------+------------------+--------+------------------+------------------------+------------------------+--------------+---------------+-----------------+-------+---------------------+--------------------+---------------+-----------------+-------------+
; highway_light[0] ; 2.5 V        ; 0 in              ; 0 H/in                  ; 0 F/in                  ; short         ; -                   ; open           ; open             ; open   ; 0 in             ; 0 H/in                 ; 0 F/in                 ; short        ; open          ; open            ; open  ; 0 V                 ; -                  ; n/a           ; n/a             ; n/a         ;
; highway_light[1] ; 2.5 V        ; 0 in              ; 0 H/in                  ; 0 F/in                  ; short         ; -                   ; open           ; open             ; open   ; 0 in             ; 0 H/in                 ; 0 F/in                 ; short        ; open          ; open            ; open  ; 0 V                 ; -                  ; n/a           ; n/a             ; n/a         ;
; highway_light[2] ; 2.5 V        ; 0 in              ; 0 H/in                  ; 0 F/in                  ; short         ; -                   ; open           ; open             ; open   ; 0 in             ; 0 H/in                 ; 0 F/in                 ; short        ; open          ; open            ; open  ; 0 V                 ; -                  ; n/a           ; n/a             ; n/a         ;
; country_light[0] ; 2.5 V        ; 0 in              ; 0 H/in                  ; 0 F/in                  ; short         ; -                   ; open           ; open             ; open   ; 0 in             ; 0 H/in                 ; 0 F/in                 ; short        ; open          ; open            ; open  ; 0 V                 ; -                  ; n/a           ; n/a             ; n/a         ;
; country_light[1] ; 2.5 V        ; 0 in              ; 0 H/in                  ; 0 F/in                  ; short         ; -                   ; open           ; open             ; open   ; 0 in             ; 0 H/in                 ; 0 F/in                 ; short        ; open          ; open            ; open  ; 0 V                 ; -                  ; n/a           ; n/a             ; n/a         ;
; country_light[2] ; 2.5 V        ; 0 in              ; 0 H/in                  ; 0 F/in                  ; short         ; -                   ; open           ; open             ; open   ; 0 in             ; 0 H/in                 ; 0 F/in                 ; short        ; open          ; open            ; open  ; 0 V                 ; -                  ; n/a           ; n/a             ; n/a         ;
; ~ALTERA_DCLK~    ; 2.5 V        ; 0 in              ; 0 H/in                  ; 0 F/in                  ; short         ; -                   ; open           ; open             ; open   ; 0 in             ; 0 H/in                 ; 0 F/in                 ; short        ; open          ; open            ; open  ; 0 V                 ; -                  ; n/a           ; n/a             ; n/a         ;
; ~ALTERA_nCEO~    ; 2.5 V        ; 0 in              ; 0 H/in                  ; 0 F/in                  ; short         ; -                   ; open           ; open             ; open   ; 0 in             ; 0 H/in                 ; 0 F/in                 ; short        ; open          ; open            ; open  ; 0 V                 ; -                  ; n/a           ; n/a             ; n/a         ;
+------------------+--------------+-------------------+-------------------------+-------------------------+---------------+---------------------+----------------+------------------+--------+------------------+------------------------+------------------------+--------------+---------------+-----------------+-------+---------------------+--------------------+---------------+-----------------+-------------+


+----------------------------------------------------------------------------+
; Input Transition Times                                                     ;
+-------------------------+--------------+-----------------+-----------------+
; Pin                     ; I/O Standard ; 10-90 Rise Time ; 90-10 Fall Time ;
+-------------------------+--------------+-----------------+-----------------+
; clk                     ; 2.5 V        ; 2000 ps         ; 2000 ps         ;
; rst_n                   ; 2.5 V        ; 2000 ps         ; 2000 ps         ;
; car_sensor              ; 2.5 V        ; 2000 ps         ; 2000 ps         ;
; ~ALTERA_ASDO_DATA1~     ; 2.5 V        ; 2000 ps         ; 2000 ps         ;
; ~ALTERA_FLASH_nCE_nCSO~ ; 2.5 V        ; 2000 ps         ; 2000 ps         ;
; ~ALTERA_DATA0~          ; 2.5 V        ; 2000 ps         ; 2000 ps         ;
+-------------------------+--------------+-----------------+-----------------+


+-----------------------------------------------------------------------------------------------------------------------------------------------------------------------------------------------------------------------------------------------------------------------------------------------------------------------------------------------------------------------------------------------------------------------------------------------------------------------------------------------------------------------------------------------------------------------------------------------------------------------------------------------------------------------------------------------+
; Signal Integrity Metrics (Slow 1200mv 0c Model)                                                                                                                                                                                                                                                                                                                                                                                                                                                                                                                                                                                                                                               ;
+------------------+--------------+---------------------+---------------------+------------------------------+------------------------------+---------------------+---------------------+--------------------------------------+--------------------------------------+-----------------------------+-----------------------------+----------------------------+----------------------------+-----------------------------+-----------------------------+--------------------+--------------------+-------------------------------------+-------------------------------------+----------------------------+----------------------------+---------------------------+---------------------------+
; Pin              ; I/O Standard ; Board Delay on Rise ; Board Delay on Fall ; Steady State Voh at FPGA Pin ; Steady State Vol at FPGA Pin ; Voh Max at FPGA Pin ; Vol Min at FPGA Pin ; Ringback Voltage on Rise at FPGA Pin ; Ringback Voltage on Fall at FPGA Pin ; 10-90 Rise Time at FPGA Pin ; 90-10 Fall Time at FPGA Pin ; Monotonic Rise at FPGA Pin ; Monotonic Fall at FPGA Pin ; Steady State Voh at Far-end ; Steady State Vol at Far-end ; Voh Max at Far-end ; Vol Min at Far-end ; Ringback Voltage on Rise at Far-end ; Ringback Voltage on Fall at Far-end ; 10-90 Rise Time at Far-end ; 90-10 Fall Time at Far-end ; Monotonic Rise at Far-end ; Monotonic Fall at Far-end ;
+------------------+--------------+---------------------+---------------------+------------------------------+------------------------------+---------------------+---------------------+--------------------------------------+--------------------------------------+-----------------------------+-----------------------------+----------------------------+----------------------------+-----------------------------+-----------------------------+--------------------+--------------------+-------------------------------------+-------------------------------------+----------------------------+----------------------------+---------------------------+---------------------------+
; highway_light[0] ; 2.5 V        ; 0 s                 ; 0 s                 ; 2.32 V                       ; 4.49e-09 V                   ; 2.38 V              ; -0.00552 V          ; 0.096 V                              ; 0.019 V                              ; 4.18e-10 s                  ; 3.59e-10 s                  ; No                         ; Yes                        ; 2.32 V                      ; 4.49e-09 V                  ; 2.38 V             ; -0.00552 V         ; 0.096 V                             ; 0.019 V                             ; 4.18e-10 s                 ; 3.59e-10 s                 ; No                        ; Yes                       ;
; highway_light[1] ; 2.5 V        ; 0 s                 ; 0 s                 ; 2.32 V                       ; 4.49e-09 V                   ; 2.38 V              ; -0.00552 V          ; 0.096 V                              ; 0.019 V                              ; 4.18e-10 s                  ; 3.59e-10 s                  ; No                         ; Yes                        ; 2.32 V                      ; 4.49e-09 V                  ; 2.38 V             ; -0.00552 V         ; 0.096 V                             ; 0.019 V                             ; 4.18e-10 s                 ; 3.59e-10 s                 ; No                        ; Yes                       ;
; highway_light[2] ; 2.5 V        ; 0 s                 ; 0 s                 ; 2.32 V                       ; 4.49e-09 V                   ; 2.38 V              ; -0.00552 V          ; 0.096 V                              ; 0.019 V                              ; 4.18e-10 s                  ; 3.59e-10 s                  ; No                         ; Yes                        ; 2.32 V                      ; 4.49e-09 V                  ; 2.38 V             ; -0.00552 V         ; 0.096 V                             ; 0.019 V                             ; 4.18e-10 s                 ; 3.59e-10 s                 ; No                        ; Yes                       ;
; country_light[0] ; 2.5 V        ; 0 s                 ; 0 s                 ; 2.32 V                       ; 4.49e-09 V                   ; 2.38 V              ; -0.00552 V          ; 0.096 V                              ; 0.019 V                              ; 4.18e-10 s                  ; 3.59e-10 s                  ; No                         ; Yes                        ; 2.32 V                      ; 4.49e-09 V                  ; 2.38 V             ; -0.00552 V         ; 0.096 V                             ; 0.019 V                             ; 4.18e-10 s                 ; 3.59e-10 s                 ; No                        ; Yes                       ;
; country_light[1] ; 2.5 V        ; 0 s                 ; 0 s                 ; 2.32 V                       ; 4.49e-09 V                   ; 2.38 V              ; -0.00552 V          ; 0.096 V                              ; 0.019 V                              ; 4.18e-10 s                  ; 3.59e-10 s                  ; No                         ; Yes                        ; 2.32 V                      ; 4.49e-09 V                  ; 2.38 V             ; -0.00552 V         ; 0.096 V                             ; 0.019 V                             ; 4.18e-10 s                 ; 3.59e-10 s                 ; No                        ; Yes                       ;
; country_light[2] ; 2.5 V        ; 0 s                 ; 0 s                 ; 2.32 V                       ; 4.49e-09 V                   ; 2.38 V              ; -0.00552 V          ; 0.096 V                              ; 0.019 V                              ; 4.18e-10 s                  ; 3.59e-10 s                  ; No                         ; Yes                        ; 2.32 V                      ; 4.49e-09 V                  ; 2.38 V             ; -0.00552 V         ; 0.096 V                             ; 0.019 V                             ; 4.18e-10 s                 ; 3.59e-10 s                 ; No                        ; Yes                       ;
; ~ALTERA_DCLK~    ; 2.5 V        ; 0 s                 ; 0 s                 ; 2.32 V                       ; 2.67e-09 V                   ; 2.38 V              ; -0.0485 V           ; 0.167 V                              ; 0.096 V                              ; 2.95e-10 s                  ; 2.73e-10 s                  ; Yes                        ; Yes                        ; 2.32 V                      ; 2.67e-09 V                  ; 2.38 V             ; -0.0485 V          ; 0.167 V                             ; 0.096 V                             ; 2.95e-10 s                 ; 2.73e-10 s                 ; Yes                       ; Yes                       ;
; ~ALTERA_nCEO~    ; 2.5 V        ; 0 s                 ; 0 s                 ; 2.32 V                       ; 4.18e-09 V                   ; 2.38 V              ; -0.00483 V          ; 0.152 V                              ; 0.012 V                              ; 4.81e-10 s                  ; 6.29e-10 s                  ; Yes                        ; Yes                        ; 2.32 V                      ; 4.18e-09 V                  ; 2.38 V             ; -0.00483 V         ; 0.152 V                             ; 0.012 V                             ; 4.81e-10 s                 ; 6.29e-10 s                 ; Yes                       ; Yes                       ;
+------------------+--------------+---------------------+---------------------+------------------------------+------------------------------+---------------------+---------------------+--------------------------------------+--------------------------------------+-----------------------------+-----------------------------+----------------------------+----------------------------+-----------------------------+-----------------------------+--------------------+--------------------+-------------------------------------+-------------------------------------+----------------------------+----------------------------+---------------------------+---------------------------+


+-----------------------------------------------------------------------------------------------------------------------------------------------------------------------------------------------------------------------------------------------------------------------------------------------------------------------------------------------------------------------------------------------------------------------------------------------------------------------------------------------------------------------------------------------------------------------------------------------------------------------------------------------------------------------------------------------+
; Signal Integrity Metrics (Slow 1200mv 85c Model)                                                                                                                                                                                                                                                                                                                                                                                                                                                                                                                                                                                                                                              ;
+------------------+--------------+---------------------+---------------------+------------------------------+------------------------------+---------------------+---------------------+--------------------------------------+--------------------------------------+-----------------------------+-----------------------------+----------------------------+----------------------------+-----------------------------+-----------------------------+--------------------+--------------------+-------------------------------------+-------------------------------------+----------------------------+----------------------------+---------------------------+---------------------------+
; Pin              ; I/O Standard ; Board Delay on Rise ; Board Delay on Fall ; Steady State Voh at FPGA Pin ; Steady State Vol at FPGA Pin ; Voh Max at FPGA Pin ; Vol Min at FPGA Pin ; Ringback Voltage on Rise at FPGA Pin ; Ringback Voltage on Fall at FPGA Pin ; 10-90 Rise Time at FPGA Pin ; 90-10 Fall Time at FPGA Pin ; Monotonic Rise at FPGA Pin ; Monotonic Fall at FPGA Pin ; Steady State Voh at Far-end ; Steady State Vol at Far-end ; Voh Max at Far-end ; Vol Min at Far-end ; Ringback Voltage on Rise at Far-end ; Ringback Voltage on Fall at Far-end ; 10-90 Rise Time at Far-end ; 90-10 Fall Time at Far-end ; Monotonic Rise at Far-end ; Monotonic Fall at Far-end ;
+------------------+--------------+---------------------+---------------------+------------------------------+------------------------------+---------------------+---------------------+--------------------------------------+--------------------------------------+-----------------------------+-----------------------------+----------------------------+----------------------------+-----------------------------+-----------------------------+--------------------+--------------------+-------------------------------------+-------------------------------------+----------------------------+----------------------------+---------------------------+---------------------------+
; highway_light[0] ; 2.5 V        ; 0 s                 ; 0 s                 ; 2.32 V                       ; 6.92e-07 V                   ; 2.35 V              ; -0.00996 V          ; 0.121 V                              ; 0.03 V                               ; 4.64e-10 s                  ; 4.47e-10 s                  ; Yes                        ; Yes                        ; 2.32 V                      ; 6.92e-07 V                  ; 2.35 V             ; -0.00996 V         ; 0.121 V                             ; 0.03 V                              ; 4.64e-10 s                 ; 4.47e-10 s                 ; Yes                       ; Yes                       ;
; highway_light[1] ; 2.5 V        ; 0 s                 ; 0 s                 ; 2.32 V                       ; 6.92e-07 V                   ; 2.35 V              ; -0.00996 V          ; 0.121 V                              ; 0.03 V                               ; 4.64e-10 s                  ; 4.47e-10 s                  ; Yes                        ; Yes                        ; 2.32 V                      ; 6.92e-07 V                  ; 2.35 V             ; -0.00996 V         ; 0.121 V                             ; 0.03 V                              ; 4.64e-10 s                 ; 4.47e-10 s                 ; Yes                       ; Yes                       ;
; highway_light[2] ; 2.5 V        ; 0 s                 ; 0 s                 ; 2.32 V                       ; 6.92e-07 V                   ; 2.35 V              ; -0.00996 V          ; 0.121 V                              ; 0.03 V                               ; 4.64e-10 s                  ; 4.47e-10 s                  ; Yes                        ; Yes                        ; 2.32 V                      ; 6.92e-07 V                  ; 2.35 V             ; -0.00996 V         ; 0.121 V                             ; 0.03 V                              ; 4.64e-10 s                 ; 4.47e-10 s                 ; Yes                       ; Yes                       ;
; country_light[0] ; 2.5 V        ; 0 s                 ; 0 s                 ; 2.32 V                       ; 6.92e-07 V                   ; 2.35 V              ; -0.00996 V          ; 0.121 V                              ; 0.03 V                               ; 4.64e-10 s                  ; 4.47e-10 s                  ; Yes                        ; Yes                        ; 2.32 V                      ; 6.92e-07 V                  ; 2.35 V             ; -0.00996 V         ; 0.121 V                             ; 0.03 V                              ; 4.64e-10 s                 ; 4.47e-10 s                 ; Yes                       ; Yes                       ;
; country_light[1] ; 2.5 V        ; 0 s                 ; 0 s                 ; 2.32 V                       ; 6.92e-07 V                   ; 2.35 V              ; -0.00996 V          ; 0.121 V                              ; 0.03 V                               ; 4.64e-10 s                  ; 4.47e-10 s                  ; Yes                        ; Yes                        ; 2.32 V                      ; 6.92e-07 V                  ; 2.35 V             ; -0.00996 V         ; 0.121 V                             ; 0.03 V                              ; 4.64e-10 s                 ; 4.47e-10 s                 ; Yes                       ; Yes                       ;
; country_light[2] ; 2.5 V        ; 0 s                 ; 0 s                 ; 2.32 V                       ; 6.92e-07 V                   ; 2.35 V              ; -0.00996 V          ; 0.121 V                              ; 0.03 V                               ; 4.64e-10 s                  ; 4.47e-10 s                  ; Yes                        ; Yes                        ; 2.32 V                      ; 6.92e-07 V                  ; 2.35 V             ; -0.00996 V         ; 0.121 V                             ; 0.03 V                              ; 4.64e-10 s                 ; 4.47e-10 s                 ; Yes                       ; Yes                       ;
; ~ALTERA_DCLK~    ; 2.5 V        ; 0 s                 ; 0 s                 ; 2.32 V                       ; 3.75e-07 V                   ; 2.35 V              ; -0.0109 V           ; 0.084 V                              ; 0.027 V                              ; 4.31e-10 s                  ; 3.61e-10 s                  ; Yes                        ; Yes                        ; 2.32 V                      ; 3.75e-07 V                  ; 2.35 V             ; -0.0109 V          ; 0.084 V                             ; 0.027 V                             ; 4.31e-10 s                 ; 3.61e-10 s                 ; Yes                       ; Yes                       ;
; ~ALTERA_nCEO~    ; 2.5 V        ; 0 s                 ; 0 s                 ; 2.32 V                       ; 6.15e-07 V                   ; 2.35 V              ; -0.00712 V          ; 0.093 V                              ; 0.02 V                               ; 6.21e-10 s                  ; 7.9e-10 s                   ; Yes                        ; Yes                        ; 2.32 V                      ; 6.15e-07 V                  ; 2.35 V             ; -0.00712 V         ; 0.093 V                             ; 0.02 V                              ; 6.21e-10 s                 ; 7.9e-10 s                  ; Yes                       ; Yes                       ;
+------------------+--------------+---------------------+---------------------+------------------------------+------------------------------+---------------------+---------------------+--------------------------------------+--------------------------------------+-----------------------------+-----------------------------+----------------------------+----------------------------+-----------------------------+-----------------------------+--------------------+--------------------+-------------------------------------+-------------------------------------+----------------------------+----------------------------+---------------------------+---------------------------+


+-----------------------------------------------------------------------------------------------------------------------------------------------------------------------------------------------------------------------------------------------------------------------------------------------------------------------------------------------------------------------------------------------------------------------------------------------------------------------------------------------------------------------------------------------------------------------------------------------------------------------------------------------------------------------------------------------+
; Signal Integrity Metrics (Fast 1200mv 0c Model)                                                                                                                                                                                                                                                                                                                                                                                                                                                                                                                                                                                                                                               ;
+------------------+--------------+---------------------+---------------------+------------------------------+------------------------------+---------------------+---------------------+--------------------------------------+--------------------------------------+-----------------------------+-----------------------------+----------------------------+----------------------------+-----------------------------+-----------------------------+--------------------+--------------------+-------------------------------------+-------------------------------------+----------------------------+----------------------------+---------------------------+---------------------------+
; Pin              ; I/O Standard ; Board Delay on Rise ; Board Delay on Fall ; Steady State Voh at FPGA Pin ; Steady State Vol at FPGA Pin ; Voh Max at FPGA Pin ; Vol Min at FPGA Pin ; Ringback Voltage on Rise at FPGA Pin ; Ringback Voltage on Fall at FPGA Pin ; 10-90 Rise Time at FPGA Pin ; 90-10 Fall Time at FPGA Pin ; Monotonic Rise at FPGA Pin ; Monotonic Fall at FPGA Pin ; Steady State Voh at Far-end ; Steady State Vol at Far-end ; Voh Max at Far-end ; Vol Min at Far-end ; Ringback Voltage on Rise at Far-end ; Ringback Voltage on Fall at Far-end ; 10-90 Rise Time at Far-end ; 90-10 Fall Time at Far-end ; Monotonic Rise at Far-end ; Monotonic Fall at Far-end ;
+------------------+--------------+---------------------+---------------------+------------------------------+------------------------------+---------------------+---------------------+--------------------------------------+--------------------------------------+-----------------------------+-----------------------------+----------------------------+----------------------------+-----------------------------+-----------------------------+--------------------+--------------------+-------------------------------------+-------------------------------------+----------------------------+----------------------------+---------------------------+---------------------------+
; highway_light[0] ; 2.5 V        ; 0 s                 ; 0 s                 ; 2.62 V                       ; 4.05e-08 V                   ; 2.72 V              ; -0.0349 V           ; 0.173 V                              ; 0.1 V                                ; 2.72e-10 s                  ; 2.69e-10 s                  ; Yes                        ; Yes                        ; 2.62 V                      ; 4.05e-08 V                  ; 2.72 V             ; -0.0349 V          ; 0.173 V                             ; 0.1 V                               ; 2.72e-10 s                 ; 2.69e-10 s                 ; Yes                       ; Yes                       ;
; highway_light[1] ; 2.5 V        ; 0 s                 ; 0 s                 ; 2.62 V                       ; 4.05e-08 V                   ; 2.72 V              ; -0.0349 V           ; 0.173 V                              ; 0.1 V                                ; 2.72e-10 s                  ; 2.69e-10 s                  ; Yes                        ; Yes                        ; 2.62 V                      ; 4.05e-08 V                  ; 2.72 V             ; -0.0349 V          ; 0.173 V                             ; 0.1 V                               ; 2.72e-10 s                 ; 2.69e-10 s                 ; Yes                       ; Yes                       ;
; highway_light[2] ; 2.5 V        ; 0 s                 ; 0 s                 ; 2.62 V                       ; 4.05e-08 V                   ; 2.72 V              ; -0.0349 V           ; 0.173 V                              ; 0.1 V                                ; 2.72e-10 s                  ; 2.69e-10 s                  ; Yes                        ; Yes                        ; 2.62 V                      ; 4.05e-08 V                  ; 2.72 V             ; -0.0349 V          ; 0.173 V                             ; 0.1 V                               ; 2.72e-10 s                 ; 2.69e-10 s                 ; Yes                       ; Yes                       ;
; country_light[0] ; 2.5 V        ; 0 s                 ; 0 s                 ; 2.62 V                       ; 4.05e-08 V                   ; 2.72 V              ; -0.0349 V           ; 0.173 V                              ; 0.1 V                                ; 2.72e-10 s                  ; 2.69e-10 s                  ; Yes                        ; Yes                        ; 2.62 V                      ; 4.05e-08 V                  ; 2.72 V             ; -0.0349 V          ; 0.173 V                             ; 0.1 V                               ; 2.72e-10 s                 ; 2.69e-10 s                 ; Yes                       ; Yes                       ;
; country_light[1] ; 2.5 V        ; 0 s                 ; 0 s                 ; 2.62 V                       ; 4.05e-08 V                   ; 2.72 V              ; -0.0349 V           ; 0.173 V                              ; 0.1 V                                ; 2.72e-10 s                  ; 2.69e-10 s                  ; Yes                        ; Yes                        ; 2.62 V                      ; 4.05e-08 V                  ; 2.72 V             ; -0.0349 V          ; 0.173 V                             ; 0.1 V                               ; 2.72e-10 s                 ; 2.69e-10 s                 ; Yes                       ; Yes                       ;
; country_light[2] ; 2.5 V        ; 0 s                 ; 0 s                 ; 2.62 V                       ; 4.05e-08 V                   ; 2.72 V              ; -0.0349 V           ; 0.173 V                              ; 0.1 V                                ; 2.72e-10 s                  ; 2.69e-10 s                  ; Yes                        ; Yes                        ; 2.62 V                      ; 4.05e-08 V                  ; 2.72 V             ; -0.0349 V          ; 0.173 V                             ; 0.1 V                               ; 2.72e-10 s                 ; 2.69e-10 s                 ; Yes                       ; Yes                       ;
; ~ALTERA_DCLK~    ; 2.5 V        ; 0 s                 ; 0 s                 ; 2.62 V                       ; 2.22e-08 V                   ; 2.74 V              ; -0.06 V             ; 0.158 V                              ; 0.08 V                               ; 2.68e-10 s                  ; 2.19e-10 s                  ; Yes                        ; Yes                        ; 2.62 V                      ; 2.22e-08 V                  ; 2.74 V             ; -0.06 V            ; 0.158 V                             ; 0.08 V                              ; 2.68e-10 s                 ; 2.19e-10 s                 ; Yes                       ; Yes                       ;
; ~ALTERA_nCEO~    ; 2.5 V        ; 0 s                 ; 0 s                 ; 2.62 V                       ; 3.54e-08 V                   ; 2.7 V               ; -0.00943 V          ; 0.276 V                              ; 0.035 V                              ; 3.19e-10 s                  ; 4.99e-10 s                  ; No                         ; Yes                        ; 2.62 V                      ; 3.54e-08 V                  ; 2.7 V              ; -0.00943 V         ; 0.276 V                             ; 0.035 V                             ; 3.19e-10 s                 ; 4.99e-10 s                 ; No                        ; Yes                       ;
+------------------+--------------+---------------------+---------------------+------------------------------+------------------------------+---------------------+---------------------+--------------------------------------+--------------------------------------+-----------------------------+-----------------------------+----------------------------+----------------------------+-----------------------------+-----------------------------+--------------------+--------------------+-------------------------------------+-------------------------------------+----------------------------+----------------------------+---------------------------+---------------------------+


+-------------------------------------------------------------------+
; Setup Transfers                                                   ;
+------------+----------+----------+----------+----------+----------+
; From Clock ; To Clock ; RR Paths ; FR Paths ; RF Paths ; FF Paths ;
+------------+----------+----------+----------+----------+----------+
; clk        ; clk      ; 212      ; 0        ; 0        ; 0        ;
+------------+----------+----------+----------+----------+----------+
Entries labeled "false path" only account for clock-to-clock false paths and not path-based false paths. As a result, actual path counts may be lower than reported.


+-------------------------------------------------------------------+
; Hold Transfers                                                    ;
+------------+----------+----------+----------+----------+----------+
; From Clock ; To Clock ; RR Paths ; FR Paths ; RF Paths ; FF Paths ;
+------------+----------+----------+----------+----------+----------+
; clk        ; clk      ; 212      ; 0        ; 0        ; 0        ;
+------------+----------+----------+----------+----------+----------+
Entries labeled "false path" only account for clock-to-clock false paths and not path-based false paths. As a result, actual path counts may be lower than reported.


---------------
; Report TCCS ;
---------------
No dedicated SERDES Transmitter circuitry present in device or used in design


---------------
; Report RSKM ;
---------------
No non-DPA dedicated SERDES Receiver circuitry present in device or used in design


+------------------------------------------------+
; Unconstrained Paths Summary                    ;
+---------------------------------+-------+------+
; Property                        ; Setup ; Hold ;
+---------------------------------+-------+------+
; Illegal Clocks                  ; 0     ; 0    ;
; Unconstrained Clocks            ; 0     ; 0    ;
; Unconstrained Input Ports       ; 2     ; 2    ;
; Unconstrained Input Port Paths  ; 12    ; 12   ;
; Unconstrained Output Ports      ; 6     ; 6    ;
; Unconstrained Output Port Paths ; 6     ; 6    ;
+---------------------------------+-------+------+


+-------------------------------------+
; Clock Status Summary                ;
+--------+-------+------+-------------+
; Target ; Clock ; Type ; Status      ;
+--------+-------+------+-------------+
; clk    ; clk   ; Base ; Constrained ;
+--------+-------+------+-------------+


+---------------------------------------------------------------------------------------------------+
; Unconstrained Input Ports                                                                         ;
+------------+--------------------------------------------------------------------------------------+
; Input Port ; Comment                                                                              ;
+------------+--------------------------------------------------------------------------------------+
; car_sensor ; No input delay, min/max delays, false-path exceptions, or max skew assignments found ;
; rst_n      ; No input delay, min/max delays, false-path exceptions, or max skew assignments found ;
+------------+--------------------------------------------------------------------------------------+


+----------------------------------------------------------------------------------------------------------+
; Unconstrained Output Ports                                                                               ;
+------------------+---------------------------------------------------------------------------------------+
; Output Port      ; Comment                                                                               ;
+------------------+---------------------------------------------------------------------------------------+
; country_light[0] ; No output delay, min/max delays, false-path exceptions, or max skew assignments found ;
; country_light[1] ; No output delay, min/max delays, false-path exceptions, or max skew assignments found ;
; country_light[2] ; No output delay, min/max delays, false-path exceptions, or max skew assignments found ;
; highway_light[0] ; No output delay, min/max delays, false-path exceptions, or max skew assignments found ;
; highway_light[1] ; No output delay, min/max delays, false-path exceptions, or max skew assignments found ;
; highway_light[2] ; No output delay, min/max delays, false-path exceptions, or max skew assignments found ;
+------------------+---------------------------------------------------------------------------------------+


+---------------------------------------------------------------------------------------------------+
; Unconstrained Input Ports                                                                         ;
+------------+--------------------------------------------------------------------------------------+
; Input Port ; Comment                                                                              ;
+------------+--------------------------------------------------------------------------------------+
; car_sensor ; No input delay, min/max delays, false-path exceptions, or max skew assignments found ;
; rst_n      ; No input delay, min/max delays, false-path exceptions, or max skew assignments found ;
+------------+--------------------------------------------------------------------------------------+


+----------------------------------------------------------------------------------------------------------+
; Unconstrained Output Ports                                                                               ;
+------------------+---------------------------------------------------------------------------------------+
; Output Port      ; Comment                                                                               ;
+------------------+---------------------------------------------------------------------------------------+
; country_light[0] ; No output delay, min/max delays, false-path exceptions, or max skew assignments found ;
; country_light[1] ; No output delay, min/max delays, false-path exceptions, or max skew assignments found ;
; country_light[2] ; No output delay, min/max delays, false-path exceptions, or max skew assignments found ;
; highway_light[0] ; No output delay, min/max delays, false-path exceptions, or max skew assignments found ;
; highway_light[1] ; No output delay, min/max delays, false-path exceptions, or max skew assignments found ;
; highway_light[2] ; No output delay, min/max delays, false-path exceptions, or max skew assignments found ;
+------------------+---------------------------------------------------------------------------------------+


+--------------------------+
; Timing Analyzer Messages ;
+--------------------------+
Info: *******************************************************************
Info: Running Quartus Prime Timing Analyzer
    Info: Version 24.1std.0 Build 1077 03/04/2025 SC Lite Edition
    Info: Processing started: Sat Oct 11 13:42:51 2025
Info: Command: quartus_sta traffic_controller -c traffic_controller
Info: qsta_default_script.tcl version: #1
Warning (18236): Number of processors has not been specified which may cause overloading on shared machines.  Set the global assignment NUM_PARALLEL_PROCESSORS in your QSF to an appropriate value for best performance.
Info (20030): Parallel compilation is enabled and will use 12 of the 12 processors detected
Info (21077): Low junction temperature is 0 degrees C
Info (21077): High junction temperature is 85 degrees C
Critical Warning (332012): Synopsys Design Constraints File file not found: 'traffic_controller.sdc'. A Synopsys Design Constraints File is required by the Timing Analyzer to get proper timing constraints. Without it, the Compiler will not properly optimize the design.
Info (332142): No user constrained base clocks found in the design. Calling "derive_clocks -period 1.0"
Info (332105): Deriving Clocks
    Info (332105): create_clock -period 1.000 -name clk clk
Info (332143): No user constrained clock uncertainty found in the design. Calling "derive_clock_uncertainty"
Info (332123): Deriving Clock Uncertainty. Please refer to report_sdc in the Timing Analyzer to see clock uncertainties.
Info: Found TIMING_ANALYZER_REPORT_SCRIPT_INCLUDE_DEFAULT_ANALYSIS = ON
Info: Analyzing Slow 1200mV 85C Model
Critical Warning (332148): Timing requirements not met
    Info (11105): For recommendations on closing timing, run Report Timing Closure Recommendations in the Timing Analyzer.
Info (332146): Worst-case setup slack is -2.030
    Info (332119):     Slack       End Point TNS Clock 
    Info (332119): ========= =================== =====================
    Info (332119):    -2.030             -16.618 clk 
Info (332146): Worst-case hold slack is 0.385
    Info (332119):     Slack       End Point TNS Clock 
    Info (332119): ========= =================== =====================
    Info (332119):     0.385               0.000 clk 
Info (332140): No Recovery paths to report
Info (332140): No Removal paths to report
Info (332146): Worst-case minimum pulse width slack is -3.000
    Info (332119):     Slack       End Point TNS Clock 
    Info (332119): ========= =================== =====================
    Info (332119):    -3.000             -17.135 clk 
Info: Analyzing Slow 1200mV 0C Model
Info (334003): Started post-fitting delay annotation
Info (334004): Delay annotation completed successfully
Info (332123): Deriving Clock Uncertainty. Please refer to report_sdc in the Timing Analyzer to see clock uncertainties.
Critical Warning (332148): Timing requirements not met
    Info (11105): For recommendations on closing timing, run Report Timing Closure Recommendations in the Timing Analyzer.
Info (332146): Worst-case setup slack is -1.778
    Info (332119):     Slack       End Point TNS Clock 
    Info (332119): ========= =================== =====================
    Info (332119):    -1.778             -14.279 clk 
Info (332146): Worst-case hold slack is 0.339
    Info (332119):     Slack       End Point TNS Clock 
    Info (332119): ========= =================== =====================
    Info (332119):     0.339               0.000 clk 
Info (332140): No Recovery paths to report
Info (332140): No Removal paths to report
Info (332146): Worst-case minimum pulse width slack is -3.000
    Info (332119):     Slack       End Point TNS Clock 
    Info (332119): ========= =================== =====================
    Info (332119):    -3.000             -17.135 clk 
Info: Analyzing Fast 1200mV 0C Model
Info (332123): Deriving Clock Uncertainty. Please refer to report_sdc in the Timing Analyzer to see clock uncertainties.
Critical Warning (332148): Timing requirements not met
    Info (11105): For recommendations on closing timing, run Report Timing Closure Recommendations in the Timing Analyzer.
Info (332146): Worst-case setup slack is -0.502
    Info (332119):     Slack       End Point TNS Clock 
    Info (332119): ========= =================== =====================
    Info (332119):    -0.502              -3.197 clk 
Info (332146): Worst-case hold slack is 0.174
    Info (332119):     Slack       End Point TNS Clock 
    Info (332119): ========= =================== =====================
    Info (332119):     0.174               0.000 clk 
Info (332140): No Recovery paths to report
Info (332140): No Removal paths to report
Info (332146): Worst-case minimum pulse width slack is -3.000
    Info (332119):     Slack       End Point TNS Clock 
    Info (332119): ========= =================== =====================
    Info (332119):    -3.000             -14.715 clk 
Info (332102): Design is not fully constrained for setup requirements
Info (332102): Design is not fully constrained for hold requirements
Info: Quartus Prime Timing Analyzer was successful. 0 errors, 5 warnings
    Info: Peak virtual memory: 4959 megabytes
    Info: Processing ended: Sat Oct 11 13:42:53 2025
    Info: Elapsed time: 00:00:02
    Info: Total CPU time (on all processors): 00:00:02


