Timing Analyzer report for traffic_light
Thu Oct 16 19:08:22 2025
Quartus Prime Version 24.1std.0 Build 1077 03/04/2025 SC Lite Edition


---------------------
; Table of Contents ;
---------------------
  1. Legal Notice
  2. Timing Analyzer Summary
  3. Parallel Compilation
  4. Clocks
  5. Slow 1200mV 85C Model Fmax Summary
  6. Timing Closure Recommendations
  7. Slow 1200mV 85C Model Setup Summary
  8. Slow 1200mV 85C Model Hold Summary
  9. Slow 1200mV 85C Model Recovery Summary
 10. Slow 1200mV 85C Model Removal Summary
 11. Slow 1200mV 85C Model Minimum Pulse Width Summary
 12. Slow 1200mV 85C Model Setup: 'clk'
 13. Slow 1200mV 85C Model Hold: 'clk'
 14. Slow 1200mV 85C Model Metastability Summary
 15. Slow 1200mV 0C Model Fmax Summary
 16. Slow 1200mV 0C Model Setup Summary
 17. Slow 1200mV 0C Model Hold Summary
 18. Slow 1200mV 0C Model Recovery Summary
 19. Slow 1200mV 0C Model Removal Summary
 20. Slow 1200mV 0C Model Minimum Pulse Width Summary
 21. Slow 1200mV 0C Model Setup: 'clk'
 22. Slow 1200mV 0C Model Hold: 'clk'
 23. Slow 1200mV 0C Model Metastability Summary
 24. Fast 1200mV 0C Model Setup Summary
 25. Fast 1200mV 0C Model Hold Summary
 26. Fast 1200mV 0C Model Recovery Summary
 27. Fast 1200mV 0C Model Removal Summary
 28. Fast 1200mV 0C Model Minimum Pulse Width Summary
 29. Fast 1200mV 0C Model Setup: 'clk'
 30. Fast 1200mV 0C Model Hold: 'clk'
 31. Fast 1200mV 0C Model Metastability Summary
 32. Multicorner Timing Analysis Summary
 33. Board Trace Model Assignments
 34. Input Transition Times
 35. Signal Integrity Metrics (Slow 1200mv 0c Model)
 36. Signal Integrity Metrics (Slow 1200mv 85c Model)
 37. Signal Integrity Metrics (Fast 1200mv 0c Model)
 38. Setup Transfers
 39. Hold Transfers
 40. Report TCCS
 41. Report RSKM
 42. Unconstrained Paths Summary
 43. Clock Status Summary
 44. Unconstrained Input Ports
 45. Unconstrained Output Ports
 46. Unconstrained Input Ports
 47. Unconstrained Output Ports
 48. Timing Analyzer Messages



----------------
; Legal Notice ;
----------------
Copyright (C) 2025  Altera Corporation. All rights reserved.
Your use of Altera Corporation's design tools, logic functions 
and other software and tools, and any partner logic 
functions, and any output files from any of the foregoing 
(including device programming or simulation files), and any 
associated documentation or information are expressly subject 
to the terms and conditions of the Altera Program License 
Subscription Agreement, the Altera Quartus Prime License Agreement,
the Altera IP License Agreement, or other applicable license
agreement, including, without limitation, that your use is for
the sole purpose of programming logic devices manufactured by
Altera and sold by Altera or its authorized distributors.  Please
refer to the Altera Software License Subscription Agreements 
on the Quartus Prime software download page.



+---------------------------------------------------------------------------------+
; Timing Analyzer Summary                                                         ;
+-----------------------+---------------------------------------------------------+
; Quartus Prime Version ; Version 24.1std.0 Build 1077 03/04/2025 SC Lite Edition ;
; Timing Analyzer       ; Legacy Timing Analyzer                                  ;
; Revision Name         ; traffic_light                                           ;
; Device Family         ; Cyclone IV E                                            ;
; Device Name           ; EP4CE115F29C7                                           ;
; Timing Models         ; Final                                                   ;
; Delay Model           ; Combined                                                ;
; Rise/Fall Delays      ; Enabled                                                 ;
+-----------------------+---------------------------------------------------------+


+------------------------------------------+
; Parallel Compilation                     ;
+----------------------------+-------------+
; Processors                 ; Number      ;
+----------------------------+-------------+
; Number detected on machine ; 16          ;
; Maximum allowed            ; 12          ;
;                            ;             ;
; Average used               ; 1.05        ;
; Maximum used               ; 12          ;
;                            ;             ;
; Usage by Processor         ; % Time Used ;
;     Processor 1            ; 100.0%      ;
;     Processors 2-12        ;   0.5%      ;
+----------------------------+-------------+


+---------------------------------------------------------------------------------------------------------------------------------------------------------------------------------+
; Clocks                                                                                                                                                                          ;
+------------+------+--------+------------+-------+-------+------------+-----------+-------------+-------+--------+-----------+------------+----------+--------+--------+---------+
; Clock Name ; Type ; Period ; Frequency  ; Rise  ; Fall  ; Duty Cycle ; Divide by ; Multiply by ; Phase ; Offset ; Edge List ; Edge Shift ; Inverted ; Master ; Source ; Targets ;
+------------+------+--------+------------+-------+-------+------------+-----------+-------------+-------+--------+-----------+------------+----------+--------+--------+---------+
; clk        ; Base ; 1.000  ; 1000.0 MHz ; 0.000 ; 0.500 ;            ;           ;             ;       ;        ;           ;            ;          ;        ;        ; { clk } ;
+------------+------+--------+------------+-------+-------+------------+-----------+-------------+-------+--------+-----------+------------+----------+--------+--------+---------+


+-----------------------------------------------------------------------------------------------------------+
; Slow 1200mV 85C Model Fmax Summary                                                                        ;
+------------+-----------------+------------+---------------------------------------------------------------+
; Fmax       ; Restricted Fmax ; Clock Name ; Note                                                          ;
+------------+-----------------+------------+---------------------------------------------------------------+
; 390.78 MHz ; 250.0 MHz       ; clk        ; limit due to minimum period restriction (max I/O toggle rate) ;
+------------+-----------------+------------+---------------------------------------------------------------+
This panel reports FMAX for every clock in the design, regardless of the user-specified clock periods.  FMAX is only computed for paths where the source and destination registers or ports are driven by the same clock.  Paths of different clocks, including generated clocks, are ignored.  For paths between a clock and its inversion, FMAX is computed as if the rising and falling edges are scaled along with FMAX, such that the duty cycle (in terms of a percentage) is maintained. Altera recommends that you always use clock constraints and other slack reports for sign-off analysis.


----------------------------------
; Timing Closure Recommendations ;
----------------------------------
HTML report is unavailable in plain text report export.


+-------------------------------------+
; Slow 1200mV 85C Model Setup Summary ;
+-------+--------+--------------------+
; Clock ; Slack  ; End Point TNS      ;
+-------+--------+--------------------+
; clk   ; -1.559 ; -22.794            ;
+-------+--------+--------------------+


+------------------------------------+
; Slow 1200mV 85C Model Hold Summary ;
+-------+-------+--------------------+
; Clock ; Slack ; End Point TNS      ;
+-------+-------+--------------------+
; clk   ; 0.442 ; 0.000              ;
+-------+-------+--------------------+


------------------------------------------
; Slow 1200mV 85C Model Recovery Summary ;
------------------------------------------
No paths to report.


-----------------------------------------
; Slow 1200mV 85C Model Removal Summary ;
-----------------------------------------
No paths to report.


+---------------------------------------------------+
; Slow 1200mV 85C Model Minimum Pulse Width Summary ;
+-------+--------+----------------------------------+
; Clock ; Slack  ; End Point TNS                    ;
+-------+--------+----------------------------------+
; clk   ; -3.000 ; -23.560                          ;
+-------+--------+----------------------------------+


+------------------------------------------------------------------------------------------------------------------+
; Slow 1200mV 85C Model Setup: 'clk'                                                                               ;
+--------+----------------+------------------+--------------+-------------+--------------+------------+------------+
; Slack  ; From Node      ; To Node          ; Launch Clock ; Latch Clock ; Relationship ; Clock Skew ; Data Delay ;
+--------+----------------+------------------+--------------+-------------+--------------+------------+------------+
; -1.559 ; counter[1]     ; state.H1_GREEN   ; clk          ; clk         ; 1.000        ; -0.078     ; 2.479      ;
; -1.559 ; counter[1]     ; state.H2_GREEN   ; clk          ; clk         ; 1.000        ; -0.078     ; 2.479      ;
; -1.410 ; counter[1]     ; counter[5]       ; clk          ; clk         ; 1.000        ; -0.080     ; 2.328      ;
; -1.410 ; counter[1]     ; counter[2]       ; clk          ; clk         ; 1.000        ; -0.080     ; 2.328      ;
; -1.410 ; counter[1]     ; counter[0]       ; clk          ; clk         ; 1.000        ; -0.080     ; 2.328      ;
; -1.410 ; counter[1]     ; counter[1]       ; clk          ; clk         ; 1.000        ; -0.080     ; 2.328      ;
; -1.410 ; counter[1]     ; counter[4]       ; clk          ; clk         ; 1.000        ; -0.080     ; 2.328      ;
; -1.410 ; counter[1]     ; counter[3]       ; clk          ; clk         ; 1.000        ; -0.080     ; 2.328      ;
; -1.402 ; counter[1]     ; state.H2_YELLOW  ; clk          ; clk         ; 1.000        ; -0.080     ; 2.320      ;
; -1.402 ; counter[1]     ; state.H1_YELLOW  ; clk          ; clk         ; 1.000        ; -0.080     ; 2.320      ;
; -1.402 ; counter[1]     ; light_h1[0]~reg0 ; clk          ; clk         ; 1.000        ; -0.080     ; 2.320      ;
; -1.402 ; counter[1]     ; light_h1[1]~reg0 ; clk          ; clk         ; 1.000        ; -0.080     ; 2.320      ;
; -1.402 ; counter[1]     ; light_h1[2]~reg0 ; clk          ; clk         ; 1.000        ; -0.080     ; 2.320      ;
; -1.402 ; counter[1]     ; light_h2[0]~reg0 ; clk          ; clk         ; 1.000        ; -0.080     ; 2.320      ;
; -1.402 ; counter[1]     ; light_h2[1]~reg0 ; clk          ; clk         ; 1.000        ; -0.080     ; 2.320      ;
; -1.402 ; counter[1]     ; light_h2[2]~reg0 ; clk          ; clk         ; 1.000        ; -0.080     ; 2.320      ;
; -1.399 ; counter[5]     ; state.H1_GREEN   ; clk          ; clk         ; 1.000        ; -0.078     ; 2.319      ;
; -1.399 ; counter[5]     ; state.H2_GREEN   ; clk          ; clk         ; 1.000        ; -0.078     ; 2.319      ;
; -1.385 ; counter[4]     ; state.H1_GREEN   ; clk          ; clk         ; 1.000        ; -0.078     ; 2.305      ;
; -1.385 ; counter[4]     ; state.H2_GREEN   ; clk          ; clk         ; 1.000        ; -0.078     ; 2.305      ;
; -1.261 ; counter[4]     ; counter[5]       ; clk          ; clk         ; 1.000        ; -0.080     ; 2.179      ;
; -1.261 ; counter[4]     ; counter[2]       ; clk          ; clk         ; 1.000        ; -0.080     ; 2.179      ;
; -1.261 ; counter[4]     ; counter[0]       ; clk          ; clk         ; 1.000        ; -0.080     ; 2.179      ;
; -1.261 ; counter[4]     ; counter[1]       ; clk          ; clk         ; 1.000        ; -0.080     ; 2.179      ;
; -1.261 ; counter[4]     ; counter[4]       ; clk          ; clk         ; 1.000        ; -0.080     ; 2.179      ;
; -1.261 ; counter[4]     ; counter[3]       ; clk          ; clk         ; 1.000        ; -0.080     ; 2.179      ;
; -1.257 ; counter[2]     ; state.H1_GREEN   ; clk          ; clk         ; 1.000        ; -0.078     ; 2.177      ;
; -1.257 ; counter[2]     ; state.H2_GREEN   ; clk          ; clk         ; 1.000        ; -0.078     ; 2.177      ;
; -1.250 ; counter[5]     ; counter[5]       ; clk          ; clk         ; 1.000        ; -0.080     ; 2.168      ;
; -1.250 ; counter[5]     ; counter[2]       ; clk          ; clk         ; 1.000        ; -0.080     ; 2.168      ;
; -1.250 ; counter[5]     ; counter[0]       ; clk          ; clk         ; 1.000        ; -0.080     ; 2.168      ;
; -1.250 ; counter[5]     ; counter[1]       ; clk          ; clk         ; 1.000        ; -0.080     ; 2.168      ;
; -1.250 ; counter[5]     ; counter[4]       ; clk          ; clk         ; 1.000        ; -0.080     ; 2.168      ;
; -1.250 ; counter[5]     ; counter[3]       ; clk          ; clk         ; 1.000        ; -0.080     ; 2.168      ;
; -1.250 ; counter[4]     ; state.H2_YELLOW  ; clk          ; clk         ; 1.000        ; -0.080     ; 2.168      ;
; -1.250 ; counter[4]     ; state.H1_YELLOW  ; clk          ; clk         ; 1.000        ; -0.080     ; 2.168      ;
; -1.250 ; counter[4]     ; light_h1[0]~reg0 ; clk          ; clk         ; 1.000        ; -0.080     ; 2.168      ;
; -1.250 ; counter[4]     ; light_h1[1]~reg0 ; clk          ; clk         ; 1.000        ; -0.080     ; 2.168      ;
; -1.250 ; counter[4]     ; light_h1[2]~reg0 ; clk          ; clk         ; 1.000        ; -0.080     ; 2.168      ;
; -1.250 ; counter[4]     ; light_h2[0]~reg0 ; clk          ; clk         ; 1.000        ; -0.080     ; 2.168      ;
; -1.250 ; counter[4]     ; light_h2[1]~reg0 ; clk          ; clk         ; 1.000        ; -0.080     ; 2.168      ;
; -1.250 ; counter[4]     ; light_h2[2]~reg0 ; clk          ; clk         ; 1.000        ; -0.080     ; 2.168      ;
; -1.242 ; counter[5]     ; state.H2_YELLOW  ; clk          ; clk         ; 1.000        ; -0.080     ; 2.160      ;
; -1.242 ; counter[5]     ; state.H1_YELLOW  ; clk          ; clk         ; 1.000        ; -0.080     ; 2.160      ;
; -1.242 ; counter[5]     ; light_h1[0]~reg0 ; clk          ; clk         ; 1.000        ; -0.080     ; 2.160      ;
; -1.242 ; counter[5]     ; light_h1[1]~reg0 ; clk          ; clk         ; 1.000        ; -0.080     ; 2.160      ;
; -1.242 ; counter[5]     ; light_h1[2]~reg0 ; clk          ; clk         ; 1.000        ; -0.080     ; 2.160      ;
; -1.242 ; counter[5]     ; light_h2[0]~reg0 ; clk          ; clk         ; 1.000        ; -0.080     ; 2.160      ;
; -1.242 ; counter[5]     ; light_h2[1]~reg0 ; clk          ; clk         ; 1.000        ; -0.080     ; 2.160      ;
; -1.242 ; counter[5]     ; light_h2[2]~reg0 ; clk          ; clk         ; 1.000        ; -0.080     ; 2.160      ;
; -1.238 ; counter[3]     ; state.H1_GREEN   ; clk          ; clk         ; 1.000        ; -0.078     ; 2.158      ;
; -1.238 ; counter[3]     ; state.H2_GREEN   ; clk          ; clk         ; 1.000        ; -0.078     ; 2.158      ;
; -1.133 ; counter[2]     ; counter[5]       ; clk          ; clk         ; 1.000        ; -0.080     ; 2.051      ;
; -1.133 ; counter[2]     ; counter[2]       ; clk          ; clk         ; 1.000        ; -0.080     ; 2.051      ;
; -1.133 ; counter[2]     ; counter[0]       ; clk          ; clk         ; 1.000        ; -0.080     ; 2.051      ;
; -1.133 ; counter[2]     ; counter[1]       ; clk          ; clk         ; 1.000        ; -0.080     ; 2.051      ;
; -1.133 ; counter[2]     ; counter[4]       ; clk          ; clk         ; 1.000        ; -0.080     ; 2.051      ;
; -1.133 ; counter[2]     ; counter[3]       ; clk          ; clk         ; 1.000        ; -0.080     ; 2.051      ;
; -1.122 ; counter[2]     ; state.H2_YELLOW  ; clk          ; clk         ; 1.000        ; -0.080     ; 2.040      ;
; -1.122 ; counter[2]     ; state.H1_YELLOW  ; clk          ; clk         ; 1.000        ; -0.080     ; 2.040      ;
; -1.122 ; counter[2]     ; light_h1[0]~reg0 ; clk          ; clk         ; 1.000        ; -0.080     ; 2.040      ;
; -1.122 ; counter[2]     ; light_h1[1]~reg0 ; clk          ; clk         ; 1.000        ; -0.080     ; 2.040      ;
; -1.122 ; counter[2]     ; light_h1[2]~reg0 ; clk          ; clk         ; 1.000        ; -0.080     ; 2.040      ;
; -1.122 ; counter[2]     ; light_h2[0]~reg0 ; clk          ; clk         ; 1.000        ; -0.080     ; 2.040      ;
; -1.122 ; counter[2]     ; light_h2[1]~reg0 ; clk          ; clk         ; 1.000        ; -0.080     ; 2.040      ;
; -1.122 ; counter[2]     ; light_h2[2]~reg0 ; clk          ; clk         ; 1.000        ; -0.080     ; 2.040      ;
; -1.089 ; counter[3]     ; counter[5]       ; clk          ; clk         ; 1.000        ; -0.080     ; 2.007      ;
; -1.089 ; counter[3]     ; counter[2]       ; clk          ; clk         ; 1.000        ; -0.080     ; 2.007      ;
; -1.089 ; counter[3]     ; counter[0]       ; clk          ; clk         ; 1.000        ; -0.080     ; 2.007      ;
; -1.089 ; counter[3]     ; counter[1]       ; clk          ; clk         ; 1.000        ; -0.080     ; 2.007      ;
; -1.089 ; counter[3]     ; counter[4]       ; clk          ; clk         ; 1.000        ; -0.080     ; 2.007      ;
; -1.089 ; counter[3]     ; counter[3]       ; clk          ; clk         ; 1.000        ; -0.080     ; 2.007      ;
; -1.081 ; counter[3]     ; state.H2_YELLOW  ; clk          ; clk         ; 1.000        ; -0.080     ; 1.999      ;
; -1.081 ; counter[3]     ; state.H1_YELLOW  ; clk          ; clk         ; 1.000        ; -0.080     ; 1.999      ;
; -1.081 ; counter[3]     ; light_h1[0]~reg0 ; clk          ; clk         ; 1.000        ; -0.080     ; 1.999      ;
; -1.081 ; counter[3]     ; light_h1[1]~reg0 ; clk          ; clk         ; 1.000        ; -0.080     ; 1.999      ;
; -1.081 ; counter[3]     ; light_h1[2]~reg0 ; clk          ; clk         ; 1.000        ; -0.080     ; 1.999      ;
; -1.081 ; counter[3]     ; light_h2[0]~reg0 ; clk          ; clk         ; 1.000        ; -0.080     ; 1.999      ;
; -1.081 ; counter[3]     ; light_h2[1]~reg0 ; clk          ; clk         ; 1.000        ; -0.080     ; 1.999      ;
; -1.081 ; counter[3]     ; light_h2[2]~reg0 ; clk          ; clk         ; 1.000        ; -0.080     ; 1.999      ;
; -1.056 ; counter[0]     ; state.H1_GREEN   ; clk          ; clk         ; 1.000        ; -0.078     ; 1.976      ;
; -1.056 ; counter[0]     ; state.H2_GREEN   ; clk          ; clk         ; 1.000        ; -0.078     ; 1.976      ;
; -0.967 ; counter[0]     ; counter[5]       ; clk          ; clk         ; 1.000        ; -0.080     ; 1.885      ;
; -0.907 ; counter[0]     ; counter[2]       ; clk          ; clk         ; 1.000        ; -0.080     ; 1.825      ;
; -0.907 ; counter[0]     ; counter[0]       ; clk          ; clk         ; 1.000        ; -0.080     ; 1.825      ;
; -0.907 ; counter[0]     ; counter[1]       ; clk          ; clk         ; 1.000        ; -0.080     ; 1.825      ;
; -0.907 ; counter[0]     ; counter[4]       ; clk          ; clk         ; 1.000        ; -0.080     ; 1.825      ;
; -0.907 ; counter[0]     ; counter[3]       ; clk          ; clk         ; 1.000        ; -0.080     ; 1.825      ;
; -0.899 ; counter[0]     ; state.H2_YELLOW  ; clk          ; clk         ; 1.000        ; -0.080     ; 1.817      ;
; -0.899 ; counter[0]     ; state.H1_YELLOW  ; clk          ; clk         ; 1.000        ; -0.080     ; 1.817      ;
; -0.899 ; counter[0]     ; light_h1[0]~reg0 ; clk          ; clk         ; 1.000        ; -0.080     ; 1.817      ;
; -0.899 ; counter[0]     ; light_h1[1]~reg0 ; clk          ; clk         ; 1.000        ; -0.080     ; 1.817      ;
; -0.899 ; counter[0]     ; light_h1[2]~reg0 ; clk          ; clk         ; 1.000        ; -0.080     ; 1.817      ;
; -0.899 ; counter[0]     ; light_h2[0]~reg0 ; clk          ; clk         ; 1.000        ; -0.080     ; 1.817      ;
; -0.899 ; counter[0]     ; light_h2[1]~reg0 ; clk          ; clk         ; 1.000        ; -0.080     ; 1.817      ;
; -0.899 ; counter[0]     ; light_h2[2]~reg0 ; clk          ; clk         ; 1.000        ; -0.080     ; 1.817      ;
; -0.819 ; state.H2_GREEN ; counter[4]       ; clk          ; clk         ; 1.000        ; -0.082     ; 1.735      ;
; -0.818 ; state.H2_GREEN ; counter[2]       ; clk          ; clk         ; 1.000        ; -0.082     ; 1.734      ;
; -0.818 ; state.H2_GREEN ; counter[1]       ; clk          ; clk         ; 1.000        ; -0.082     ; 1.734      ;
; -0.816 ; state.H2_GREEN ; counter[0]       ; clk          ; clk         ; 1.000        ; -0.082     ; 1.732      ;
+--------+----------------+------------------+--------------+-------------+--------------+------------+------------+


+------------------------------------------------------------------------------------------------------------------+
; Slow 1200mV 85C Model Hold: 'clk'                                                                                ;
+-------+-----------------+------------------+--------------+-------------+--------------+------------+------------+
; Slack ; From Node       ; To Node          ; Launch Clock ; Latch Clock ; Relationship ; Clock Skew ; Data Delay ;
+-------+-----------------+------------------+--------------+-------------+--------------+------------+------------+
; 0.442 ; counter[5]      ; counter[5]       ; clk          ; clk         ; 0.000        ; 0.080      ; 0.708      ;
; 0.454 ; state.H1_YELLOW ; light_h2[0]~reg0 ; clk          ; clk         ; 0.000        ; 0.080      ; 0.720      ;
; 0.575 ; state.H2_YELLOW ; light_h1[0]~reg0 ; clk          ; clk         ; 0.000        ; 0.080      ; 0.841      ;
; 0.575 ; state.H2_YELLOW ; light_h2[2]~reg0 ; clk          ; clk         ; 0.000        ; 0.080      ; 0.841      ;
; 0.596 ; state.H2_YELLOW ; state.H1_GREEN   ; clk          ; clk         ; 0.000        ; 0.082      ; 0.864      ;
; 0.645 ; counter[2]      ; counter[2]       ; clk          ; clk         ; 0.000        ; 0.080      ; 0.911      ;
; 0.648 ; counter[3]      ; counter[3]       ; clk          ; clk         ; 0.000        ; 0.080      ; 0.914      ;
; 0.648 ; state.H1_GREEN  ; light_h1[1]~reg0 ; clk          ; clk         ; 0.000        ; 0.078      ; 0.912      ;
; 0.649 ; counter[1]      ; counter[1]       ; clk          ; clk         ; 0.000        ; 0.080      ; 0.915      ;
; 0.652 ; state.H1_GREEN  ; state.H1_YELLOW  ; clk          ; clk         ; 0.000        ; 0.078      ; 0.916      ;
; 0.660 ; state.H1_GREEN  ; light_h2[2]~reg0 ; clk          ; clk         ; 0.000        ; 0.078      ; 0.924      ;
; 0.672 ; counter[0]      ; counter[0]       ; clk          ; clk         ; 0.000        ; 0.080      ; 0.938      ;
; 0.738 ; state.H1_YELLOW ; state.H2_GREEN   ; clk          ; clk         ; 0.000        ; 0.082      ; 1.006      ;
; 0.819 ; counter[4]      ; counter[4]       ; clk          ; clk         ; 0.000        ; 0.080      ; 1.085      ;
; 0.871 ; state.H2_GREEN  ; light_h2[1]~reg0 ; clk          ; clk         ; 0.000        ; 0.078      ; 1.135      ;
; 0.872 ; state.H2_GREEN  ; state.H2_YELLOW  ; clk          ; clk         ; 0.000        ; 0.078      ; 1.136      ;
; 0.915 ; state.H2_YELLOW ; light_h1[2]~reg0 ; clk          ; clk         ; 0.000        ; 0.080      ; 1.181      ;
; 0.962 ; counter[2]      ; counter[3]       ; clk          ; clk         ; 0.000        ; 0.080      ; 1.228      ;
; 0.962 ; counter[3]      ; counter[4]       ; clk          ; clk         ; 0.000        ; 0.080      ; 1.228      ;
; 0.963 ; counter[1]      ; counter[2]       ; clk          ; clk         ; 0.000        ; 0.080      ; 1.229      ;
; 0.976 ; counter[0]      ; counter[1]       ; clk          ; clk         ; 0.000        ; 0.080      ; 1.242      ;
; 0.981 ; counter[0]      ; counter[2]       ; clk          ; clk         ; 0.000        ; 0.080      ; 1.247      ;
; 1.007 ; state.H1_GREEN  ; light_h1[2]~reg0 ; clk          ; clk         ; 0.000        ; 0.078      ; 1.271      ;
; 1.083 ; counter[3]      ; counter[5]       ; clk          ; clk         ; 0.000        ; 0.080      ; 1.349      ;
; 1.083 ; counter[2]      ; counter[4]       ; clk          ; clk         ; 0.000        ; 0.080      ; 1.349      ;
; 1.084 ; counter[1]      ; counter[3]       ; clk          ; clk         ; 0.000        ; 0.080      ; 1.350      ;
; 1.088 ; counter[2]      ; counter[5]       ; clk          ; clk         ; 0.000        ; 0.080      ; 1.354      ;
; 1.089 ; counter[1]      ; counter[4]       ; clk          ; clk         ; 0.000        ; 0.080      ; 1.355      ;
; 1.102 ; counter[0]      ; counter[3]       ; clk          ; clk         ; 0.000        ; 0.080      ; 1.368      ;
; 1.107 ; counter[0]      ; counter[4]       ; clk          ; clk         ; 0.000        ; 0.080      ; 1.373      ;
; 1.136 ; counter[4]      ; counter[5]       ; clk          ; clk         ; 0.000        ; 0.080      ; 1.402      ;
; 1.195 ; state.H1_GREEN  ; counter[0]       ; clk          ; clk         ; 0.000        ; 0.078      ; 1.459      ;
; 1.196 ; state.H1_GREEN  ; counter[1]       ; clk          ; clk         ; 0.000        ; 0.078      ; 1.460      ;
; 1.197 ; state.H1_GREEN  ; counter[2]       ; clk          ; clk         ; 0.000        ; 0.078      ; 1.461      ;
; 1.198 ; state.H1_GREEN  ; counter[4]       ; clk          ; clk         ; 0.000        ; 0.078      ; 1.462      ;
; 1.210 ; counter[1]      ; counter[5]       ; clk          ; clk         ; 0.000        ; 0.080      ; 1.476      ;
; 1.228 ; counter[0]      ; counter[5]       ; clk          ; clk         ; 0.000        ; 0.080      ; 1.494      ;
; 1.321 ; state.H2_GREEN  ; counter[0]       ; clk          ; clk         ; 0.000        ; 0.078      ; 1.585      ;
; 1.322 ; state.H2_GREEN  ; counter[2]       ; clk          ; clk         ; 0.000        ; 0.078      ; 1.586      ;
; 1.322 ; state.H2_GREEN  ; counter[1]       ; clk          ; clk         ; 0.000        ; 0.078      ; 1.586      ;
; 1.323 ; state.H2_GREEN  ; counter[4]       ; clk          ; clk         ; 0.000        ; 0.078      ; 1.587      ;
; 1.534 ; counter[0]      ; state.H2_YELLOW  ; clk          ; clk         ; 0.000        ; 0.080      ; 1.800      ;
; 1.534 ; counter[0]      ; state.H1_YELLOW  ; clk          ; clk         ; 0.000        ; 0.080      ; 1.800      ;
; 1.534 ; counter[0]      ; light_h1[0]~reg0 ; clk          ; clk         ; 0.000        ; 0.080      ; 1.800      ;
; 1.534 ; counter[0]      ; light_h1[1]~reg0 ; clk          ; clk         ; 0.000        ; 0.080      ; 1.800      ;
; 1.534 ; counter[0]      ; light_h1[2]~reg0 ; clk          ; clk         ; 0.000        ; 0.080      ; 1.800      ;
; 1.534 ; counter[0]      ; light_h2[0]~reg0 ; clk          ; clk         ; 0.000        ; 0.080      ; 1.800      ;
; 1.534 ; counter[0]      ; light_h2[1]~reg0 ; clk          ; clk         ; 0.000        ; 0.080      ; 1.800      ;
; 1.534 ; counter[0]      ; light_h2[2]~reg0 ; clk          ; clk         ; 0.000        ; 0.080      ; 1.800      ;
; 1.579 ; counter[2]      ; counter[0]       ; clk          ; clk         ; 0.000        ; 0.080      ; 1.845      ;
; 1.579 ; counter[2]      ; counter[1]       ; clk          ; clk         ; 0.000        ; 0.080      ; 1.845      ;
; 1.589 ; counter[3]      ; counter[2]       ; clk          ; clk         ; 0.000        ; 0.080      ; 1.855      ;
; 1.589 ; counter[3]      ; counter[0]       ; clk          ; clk         ; 0.000        ; 0.080      ; 1.855      ;
; 1.589 ; counter[3]      ; counter[1]       ; clk          ; clk         ; 0.000        ; 0.080      ; 1.855      ;
; 1.664 ; counter[0]      ; state.H1_GREEN   ; clk          ; clk         ; 0.000        ; 0.082      ; 1.932      ;
; 1.664 ; counter[0]      ; state.H2_GREEN   ; clk          ; clk         ; 0.000        ; 0.082      ; 1.932      ;
; 1.719 ; counter[4]      ; counter[2]       ; clk          ; clk         ; 0.000        ; 0.080      ; 1.985      ;
; 1.719 ; counter[4]      ; counter[0]       ; clk          ; clk         ; 0.000        ; 0.080      ; 1.985      ;
; 1.719 ; counter[4]      ; counter[1]       ; clk          ; clk         ; 0.000        ; 0.080      ; 1.985      ;
; 1.719 ; counter[4]      ; counter[3]       ; clk          ; clk         ; 0.000        ; 0.080      ; 1.985      ;
; 1.725 ; counter[3]      ; state.H2_YELLOW  ; clk          ; clk         ; 0.000        ; 0.080      ; 1.991      ;
; 1.725 ; counter[3]      ; state.H1_YELLOW  ; clk          ; clk         ; 0.000        ; 0.080      ; 1.991      ;
; 1.725 ; counter[3]      ; light_h1[0]~reg0 ; clk          ; clk         ; 0.000        ; 0.080      ; 1.991      ;
; 1.725 ; counter[3]      ; light_h1[1]~reg0 ; clk          ; clk         ; 0.000        ; 0.080      ; 1.991      ;
; 1.725 ; counter[3]      ; light_h1[2]~reg0 ; clk          ; clk         ; 0.000        ; 0.080      ; 1.991      ;
; 1.725 ; counter[3]      ; light_h2[0]~reg0 ; clk          ; clk         ; 0.000        ; 0.080      ; 1.991      ;
; 1.725 ; counter[3]      ; light_h2[1]~reg0 ; clk          ; clk         ; 0.000        ; 0.080      ; 1.991      ;
; 1.725 ; counter[3]      ; light_h2[2]~reg0 ; clk          ; clk         ; 0.000        ; 0.080      ; 1.991      ;
; 1.743 ; counter[5]      ; counter[2]       ; clk          ; clk         ; 0.000        ; 0.080      ; 2.009      ;
; 1.743 ; counter[5]      ; counter[0]       ; clk          ; clk         ; 0.000        ; 0.080      ; 2.009      ;
; 1.743 ; counter[5]      ; counter[1]       ; clk          ; clk         ; 0.000        ; 0.080      ; 2.009      ;
; 1.743 ; counter[5]      ; counter[4]       ; clk          ; clk         ; 0.000        ; 0.080      ; 2.009      ;
; 1.743 ; counter[5]      ; counter[3]       ; clk          ; clk         ; 0.000        ; 0.080      ; 2.009      ;
; 1.780 ; counter[2]      ; state.H2_YELLOW  ; clk          ; clk         ; 0.000        ; 0.080      ; 2.046      ;
; 1.780 ; counter[2]      ; state.H1_YELLOW  ; clk          ; clk         ; 0.000        ; 0.080      ; 2.046      ;
; 1.780 ; counter[2]      ; light_h1[0]~reg0 ; clk          ; clk         ; 0.000        ; 0.080      ; 2.046      ;
; 1.780 ; counter[2]      ; light_h1[1]~reg0 ; clk          ; clk         ; 0.000        ; 0.080      ; 2.046      ;
; 1.780 ; counter[2]      ; light_h1[2]~reg0 ; clk          ; clk         ; 0.000        ; 0.080      ; 2.046      ;
; 1.780 ; counter[2]      ; light_h2[0]~reg0 ; clk          ; clk         ; 0.000        ; 0.080      ; 2.046      ;
; 1.780 ; counter[2]      ; light_h2[1]~reg0 ; clk          ; clk         ; 0.000        ; 0.080      ; 2.046      ;
; 1.780 ; counter[2]      ; light_h2[2]~reg0 ; clk          ; clk         ; 0.000        ; 0.080      ; 2.046      ;
; 1.834 ; counter[1]      ; counter[0]       ; clk          ; clk         ; 0.000        ; 0.080      ; 2.100      ;
; 1.855 ; counter[3]      ; state.H1_GREEN   ; clk          ; clk         ; 0.000        ; 0.082      ; 2.123      ;
; 1.855 ; counter[3]      ; state.H2_GREEN   ; clk          ; clk         ; 0.000        ; 0.082      ; 2.123      ;
; 1.905 ; counter[5]      ; state.H2_YELLOW  ; clk          ; clk         ; 0.000        ; 0.080      ; 2.171      ;
; 1.905 ; counter[5]      ; state.H1_YELLOW  ; clk          ; clk         ; 0.000        ; 0.080      ; 2.171      ;
; 1.905 ; counter[5]      ; light_h1[0]~reg0 ; clk          ; clk         ; 0.000        ; 0.080      ; 2.171      ;
; 1.905 ; counter[5]      ; light_h1[1]~reg0 ; clk          ; clk         ; 0.000        ; 0.080      ; 2.171      ;
; 1.905 ; counter[5]      ; light_h1[2]~reg0 ; clk          ; clk         ; 0.000        ; 0.080      ; 2.171      ;
; 1.905 ; counter[5]      ; light_h2[0]~reg0 ; clk          ; clk         ; 0.000        ; 0.080      ; 2.171      ;
; 1.905 ; counter[5]      ; light_h2[1]~reg0 ; clk          ; clk         ; 0.000        ; 0.080      ; 2.171      ;
; 1.905 ; counter[5]      ; light_h2[2]~reg0 ; clk          ; clk         ; 0.000        ; 0.080      ; 2.171      ;
; 1.920 ; counter[4]      ; state.H2_YELLOW  ; clk          ; clk         ; 0.000        ; 0.080      ; 2.186      ;
; 1.920 ; counter[4]      ; state.H1_YELLOW  ; clk          ; clk         ; 0.000        ; 0.080      ; 2.186      ;
; 1.920 ; counter[4]      ; light_h1[0]~reg0 ; clk          ; clk         ; 0.000        ; 0.080      ; 2.186      ;
; 1.920 ; counter[4]      ; light_h1[1]~reg0 ; clk          ; clk         ; 0.000        ; 0.080      ; 2.186      ;
; 1.920 ; counter[4]      ; light_h1[2]~reg0 ; clk          ; clk         ; 0.000        ; 0.080      ; 2.186      ;
; 1.920 ; counter[4]      ; light_h2[0]~reg0 ; clk          ; clk         ; 0.000        ; 0.080      ; 2.186      ;
; 1.920 ; counter[4]      ; light_h2[1]~reg0 ; clk          ; clk         ; 0.000        ; 0.080      ; 2.186      ;
; 1.920 ; counter[4]      ; light_h2[2]~reg0 ; clk          ; clk         ; 0.000        ; 0.080      ; 2.186      ;
+-------+-----------------+------------------+--------------+-------------+--------------+------------+------------+


-----------------------------------------------
; Slow 1200mV 85C Model Metastability Summary ;
-----------------------------------------------
No synchronizer chains to report.


+-----------------------------------------------------------------------------------------------------------+
; Slow 1200mV 0C Model Fmax Summary                                                                         ;
+------------+-----------------+------------+---------------------------------------------------------------+
; Fmax       ; Restricted Fmax ; Clock Name ; Note                                                          ;
+------------+-----------------+------------+---------------------------------------------------------------+
; 428.08 MHz ; 250.0 MHz       ; clk        ; limit due to minimum period restriction (max I/O toggle rate) ;
+------------+-----------------+------------+---------------------------------------------------------------+
This panel reports FMAX for every clock in the design, regardless of the user-specified clock periods.  FMAX is only computed for paths where the source and destination registers or ports are driven by the same clock.  Paths of different clocks, including generated clocks, are ignored.  For paths between a clock and its inversion, FMAX is computed as if the rising and falling edges are scaled along with FMAX, such that the duty cycle (in terms of a percentage) is maintained. Altera recommends that you always use clock constraints and other slack reports for sign-off analysis.


+------------------------------------+
; Slow 1200mV 0C Model Setup Summary ;
+-------+--------+-------------------+
; Clock ; Slack  ; End Point TNS     ;
+-------+--------+-------------------+
; clk   ; -1.336 ; -19.214           ;
+-------+--------+-------------------+


+-----------------------------------+
; Slow 1200mV 0C Model Hold Summary ;
+-------+-------+-------------------+
; Clock ; Slack ; End Point TNS     ;
+-------+-------+-------------------+
; clk   ; 0.401 ; 0.000             ;
+-------+-------+-------------------+


-----------------------------------------
; Slow 1200mV 0C Model Recovery Summary ;
-----------------------------------------
No paths to report.


----------------------------------------
; Slow 1200mV 0C Model Removal Summary ;
----------------------------------------
No paths to report.


+--------------------------------------------------+
; Slow 1200mV 0C Model Minimum Pulse Width Summary ;
+-------+--------+---------------------------------+
; Clock ; Slack  ; End Point TNS                   ;
+-------+--------+---------------------------------+
; clk   ; -3.000 ; -23.560                         ;
+-------+--------+---------------------------------+


+------------------------------------------------------------------------------------------------------------------+
; Slow 1200mV 0C Model Setup: 'clk'                                                                                ;
+--------+----------------+------------------+--------------+-------------+--------------+------------+------------+
; Slack  ; From Node      ; To Node          ; Launch Clock ; Latch Clock ; Relationship ; Clock Skew ; Data Delay ;
+--------+----------------+------------------+--------------+-------------+--------------+------------+------------+
; -1.336 ; counter[1]     ; state.H1_GREEN   ; clk          ; clk         ; 1.000        ; -0.069     ; 2.266      ;
; -1.336 ; counter[1]     ; state.H2_GREEN   ; clk          ; clk         ; 1.000        ; -0.069     ; 2.266      ;
; -1.186 ; counter[5]     ; state.H1_GREEN   ; clk          ; clk         ; 1.000        ; -0.069     ; 2.116      ;
; -1.186 ; counter[5]     ; state.H2_GREEN   ; clk          ; clk         ; 1.000        ; -0.069     ; 2.116      ;
; -1.182 ; counter[1]     ; state.H2_YELLOW  ; clk          ; clk         ; 1.000        ; -0.071     ; 2.110      ;
; -1.182 ; counter[1]     ; state.H1_YELLOW  ; clk          ; clk         ; 1.000        ; -0.071     ; 2.110      ;
; -1.182 ; counter[1]     ; light_h1[0]~reg0 ; clk          ; clk         ; 1.000        ; -0.071     ; 2.110      ;
; -1.182 ; counter[1]     ; light_h1[1]~reg0 ; clk          ; clk         ; 1.000        ; -0.071     ; 2.110      ;
; -1.182 ; counter[1]     ; light_h1[2]~reg0 ; clk          ; clk         ; 1.000        ; -0.071     ; 2.110      ;
; -1.182 ; counter[1]     ; light_h2[0]~reg0 ; clk          ; clk         ; 1.000        ; -0.071     ; 2.110      ;
; -1.182 ; counter[1]     ; light_h2[1]~reg0 ; clk          ; clk         ; 1.000        ; -0.071     ; 2.110      ;
; -1.182 ; counter[1]     ; light_h2[2]~reg0 ; clk          ; clk         ; 1.000        ; -0.071     ; 2.110      ;
; -1.181 ; counter[1]     ; counter[5]       ; clk          ; clk         ; 1.000        ; -0.071     ; 2.109      ;
; -1.181 ; counter[1]     ; counter[2]       ; clk          ; clk         ; 1.000        ; -0.071     ; 2.109      ;
; -1.181 ; counter[1]     ; counter[0]       ; clk          ; clk         ; 1.000        ; -0.071     ; 2.109      ;
; -1.181 ; counter[1]     ; counter[1]       ; clk          ; clk         ; 1.000        ; -0.071     ; 2.109      ;
; -1.181 ; counter[1]     ; counter[4]       ; clk          ; clk         ; 1.000        ; -0.071     ; 2.109      ;
; -1.181 ; counter[1]     ; counter[3]       ; clk          ; clk         ; 1.000        ; -0.071     ; 2.109      ;
; -1.180 ; counter[4]     ; state.H1_GREEN   ; clk          ; clk         ; 1.000        ; -0.069     ; 2.110      ;
; -1.180 ; counter[4]     ; state.H2_GREEN   ; clk          ; clk         ; 1.000        ; -0.069     ; 2.110      ;
; -1.067 ; counter[4]     ; counter[5]       ; clk          ; clk         ; 1.000        ; -0.071     ; 1.995      ;
; -1.067 ; counter[4]     ; counter[2]       ; clk          ; clk         ; 1.000        ; -0.071     ; 1.995      ;
; -1.067 ; counter[4]     ; counter[0]       ; clk          ; clk         ; 1.000        ; -0.071     ; 1.995      ;
; -1.067 ; counter[4]     ; counter[1]       ; clk          ; clk         ; 1.000        ; -0.071     ; 1.995      ;
; -1.067 ; counter[4]     ; counter[4]       ; clk          ; clk         ; 1.000        ; -0.071     ; 1.995      ;
; -1.067 ; counter[4]     ; counter[3]       ; clk          ; clk         ; 1.000        ; -0.071     ; 1.995      ;
; -1.056 ; counter[4]     ; state.H2_YELLOW  ; clk          ; clk         ; 1.000        ; -0.071     ; 1.984      ;
; -1.056 ; counter[4]     ; state.H1_YELLOW  ; clk          ; clk         ; 1.000        ; -0.071     ; 1.984      ;
; -1.056 ; counter[4]     ; light_h1[0]~reg0 ; clk          ; clk         ; 1.000        ; -0.071     ; 1.984      ;
; -1.056 ; counter[4]     ; light_h1[1]~reg0 ; clk          ; clk         ; 1.000        ; -0.071     ; 1.984      ;
; -1.056 ; counter[4]     ; light_h1[2]~reg0 ; clk          ; clk         ; 1.000        ; -0.071     ; 1.984      ;
; -1.056 ; counter[4]     ; light_h2[0]~reg0 ; clk          ; clk         ; 1.000        ; -0.071     ; 1.984      ;
; -1.056 ; counter[4]     ; light_h2[1]~reg0 ; clk          ; clk         ; 1.000        ; -0.071     ; 1.984      ;
; -1.056 ; counter[4]     ; light_h2[2]~reg0 ; clk          ; clk         ; 1.000        ; -0.071     ; 1.984      ;
; -1.051 ; counter[2]     ; state.H1_GREEN   ; clk          ; clk         ; 1.000        ; -0.069     ; 1.981      ;
; -1.051 ; counter[2]     ; state.H2_GREEN   ; clk          ; clk         ; 1.000        ; -0.069     ; 1.981      ;
; -1.047 ; counter[3]     ; state.H1_GREEN   ; clk          ; clk         ; 1.000        ; -0.069     ; 1.977      ;
; -1.047 ; counter[3]     ; state.H2_GREEN   ; clk          ; clk         ; 1.000        ; -0.069     ; 1.977      ;
; -1.042 ; counter[5]     ; counter[5]       ; clk          ; clk         ; 1.000        ; -0.071     ; 1.970      ;
; -1.042 ; counter[5]     ; counter[2]       ; clk          ; clk         ; 1.000        ; -0.071     ; 1.970      ;
; -1.042 ; counter[5]     ; counter[0]       ; clk          ; clk         ; 1.000        ; -0.071     ; 1.970      ;
; -1.042 ; counter[5]     ; counter[1]       ; clk          ; clk         ; 1.000        ; -0.071     ; 1.970      ;
; -1.042 ; counter[5]     ; counter[4]       ; clk          ; clk         ; 1.000        ; -0.071     ; 1.970      ;
; -1.042 ; counter[5]     ; counter[3]       ; clk          ; clk         ; 1.000        ; -0.071     ; 1.970      ;
; -1.032 ; counter[5]     ; state.H2_YELLOW  ; clk          ; clk         ; 1.000        ; -0.071     ; 1.960      ;
; -1.032 ; counter[5]     ; state.H1_YELLOW  ; clk          ; clk         ; 1.000        ; -0.071     ; 1.960      ;
; -1.032 ; counter[5]     ; light_h1[0]~reg0 ; clk          ; clk         ; 1.000        ; -0.071     ; 1.960      ;
; -1.032 ; counter[5]     ; light_h1[1]~reg0 ; clk          ; clk         ; 1.000        ; -0.071     ; 1.960      ;
; -1.032 ; counter[5]     ; light_h1[2]~reg0 ; clk          ; clk         ; 1.000        ; -0.071     ; 1.960      ;
; -1.032 ; counter[5]     ; light_h2[0]~reg0 ; clk          ; clk         ; 1.000        ; -0.071     ; 1.960      ;
; -1.032 ; counter[5]     ; light_h2[1]~reg0 ; clk          ; clk         ; 1.000        ; -0.071     ; 1.960      ;
; -1.032 ; counter[5]     ; light_h2[2]~reg0 ; clk          ; clk         ; 1.000        ; -0.071     ; 1.960      ;
; -0.946 ; counter[2]     ; counter[5]       ; clk          ; clk         ; 1.000        ; -0.071     ; 1.874      ;
; -0.946 ; counter[2]     ; counter[2]       ; clk          ; clk         ; 1.000        ; -0.071     ; 1.874      ;
; -0.946 ; counter[2]     ; counter[0]       ; clk          ; clk         ; 1.000        ; -0.071     ; 1.874      ;
; -0.946 ; counter[2]     ; counter[1]       ; clk          ; clk         ; 1.000        ; -0.071     ; 1.874      ;
; -0.946 ; counter[2]     ; counter[4]       ; clk          ; clk         ; 1.000        ; -0.071     ; 1.874      ;
; -0.946 ; counter[2]     ; counter[3]       ; clk          ; clk         ; 1.000        ; -0.071     ; 1.874      ;
; -0.935 ; counter[2]     ; state.H2_YELLOW  ; clk          ; clk         ; 1.000        ; -0.071     ; 1.863      ;
; -0.935 ; counter[2]     ; state.H1_YELLOW  ; clk          ; clk         ; 1.000        ; -0.071     ; 1.863      ;
; -0.935 ; counter[2]     ; light_h1[0]~reg0 ; clk          ; clk         ; 1.000        ; -0.071     ; 1.863      ;
; -0.935 ; counter[2]     ; light_h1[1]~reg0 ; clk          ; clk         ; 1.000        ; -0.071     ; 1.863      ;
; -0.935 ; counter[2]     ; light_h1[2]~reg0 ; clk          ; clk         ; 1.000        ; -0.071     ; 1.863      ;
; -0.935 ; counter[2]     ; light_h2[0]~reg0 ; clk          ; clk         ; 1.000        ; -0.071     ; 1.863      ;
; -0.935 ; counter[2]     ; light_h2[1]~reg0 ; clk          ; clk         ; 1.000        ; -0.071     ; 1.863      ;
; -0.935 ; counter[2]     ; light_h2[2]~reg0 ; clk          ; clk         ; 1.000        ; -0.071     ; 1.863      ;
; -0.893 ; counter[3]     ; state.H2_YELLOW  ; clk          ; clk         ; 1.000        ; -0.071     ; 1.821      ;
; -0.893 ; counter[3]     ; state.H1_YELLOW  ; clk          ; clk         ; 1.000        ; -0.071     ; 1.821      ;
; -0.893 ; counter[3]     ; light_h1[0]~reg0 ; clk          ; clk         ; 1.000        ; -0.071     ; 1.821      ;
; -0.893 ; counter[3]     ; light_h1[1]~reg0 ; clk          ; clk         ; 1.000        ; -0.071     ; 1.821      ;
; -0.893 ; counter[3]     ; light_h1[2]~reg0 ; clk          ; clk         ; 1.000        ; -0.071     ; 1.821      ;
; -0.893 ; counter[3]     ; light_h2[0]~reg0 ; clk          ; clk         ; 1.000        ; -0.071     ; 1.821      ;
; -0.893 ; counter[3]     ; light_h2[1]~reg0 ; clk          ; clk         ; 1.000        ; -0.071     ; 1.821      ;
; -0.893 ; counter[3]     ; light_h2[2]~reg0 ; clk          ; clk         ; 1.000        ; -0.071     ; 1.821      ;
; -0.892 ; counter[0]     ; state.H1_GREEN   ; clk          ; clk         ; 1.000        ; -0.069     ; 1.822      ;
; -0.892 ; counter[0]     ; state.H2_GREEN   ; clk          ; clk         ; 1.000        ; -0.069     ; 1.822      ;
; -0.892 ; counter[3]     ; counter[5]       ; clk          ; clk         ; 1.000        ; -0.071     ; 1.820      ;
; -0.892 ; counter[3]     ; counter[2]       ; clk          ; clk         ; 1.000        ; -0.071     ; 1.820      ;
; -0.892 ; counter[3]     ; counter[0]       ; clk          ; clk         ; 1.000        ; -0.071     ; 1.820      ;
; -0.892 ; counter[3]     ; counter[1]       ; clk          ; clk         ; 1.000        ; -0.071     ; 1.820      ;
; -0.892 ; counter[3]     ; counter[4]       ; clk          ; clk         ; 1.000        ; -0.071     ; 1.820      ;
; -0.892 ; counter[3]     ; counter[3]       ; clk          ; clk         ; 1.000        ; -0.071     ; 1.820      ;
; -0.769 ; counter[0]     ; counter[5]       ; clk          ; clk         ; 1.000        ; -0.071     ; 1.697      ;
; -0.738 ; counter[0]     ; state.H2_YELLOW  ; clk          ; clk         ; 1.000        ; -0.071     ; 1.666      ;
; -0.738 ; counter[0]     ; state.H1_YELLOW  ; clk          ; clk         ; 1.000        ; -0.071     ; 1.666      ;
; -0.738 ; counter[0]     ; light_h1[0]~reg0 ; clk          ; clk         ; 1.000        ; -0.071     ; 1.666      ;
; -0.738 ; counter[0]     ; light_h1[1]~reg0 ; clk          ; clk         ; 1.000        ; -0.071     ; 1.666      ;
; -0.738 ; counter[0]     ; light_h1[2]~reg0 ; clk          ; clk         ; 1.000        ; -0.071     ; 1.666      ;
; -0.738 ; counter[0]     ; light_h2[0]~reg0 ; clk          ; clk         ; 1.000        ; -0.071     ; 1.666      ;
; -0.738 ; counter[0]     ; light_h2[1]~reg0 ; clk          ; clk         ; 1.000        ; -0.071     ; 1.666      ;
; -0.738 ; counter[0]     ; light_h2[2]~reg0 ; clk          ; clk         ; 1.000        ; -0.071     ; 1.666      ;
; -0.737 ; counter[0]     ; counter[2]       ; clk          ; clk         ; 1.000        ; -0.071     ; 1.665      ;
; -0.737 ; counter[0]     ; counter[0]       ; clk          ; clk         ; 1.000        ; -0.071     ; 1.665      ;
; -0.737 ; counter[0]     ; counter[1]       ; clk          ; clk         ; 1.000        ; -0.071     ; 1.665      ;
; -0.737 ; counter[0]     ; counter[4]       ; clk          ; clk         ; 1.000        ; -0.071     ; 1.665      ;
; -0.737 ; counter[0]     ; counter[3]       ; clk          ; clk         ; 1.000        ; -0.071     ; 1.665      ;
; -0.644 ; state.H2_GREEN ; counter[4]       ; clk          ; clk         ; 1.000        ; -0.073     ; 1.570      ;
; -0.643 ; state.H2_GREEN ; counter[2]       ; clk          ; clk         ; 1.000        ; -0.073     ; 1.569      ;
; -0.642 ; state.H2_GREEN ; counter[1]       ; clk          ; clk         ; 1.000        ; -0.073     ; 1.568      ;
; -0.641 ; state.H2_GREEN ; counter[0]       ; clk          ; clk         ; 1.000        ; -0.073     ; 1.567      ;
+--------+----------------+------------------+--------------+-------------+--------------+------------+------------+


+------------------------------------------------------------------------------------------------------------------+
; Slow 1200mV 0C Model Hold: 'clk'                                                                                 ;
+-------+-----------------+------------------+--------------+-------------+--------------+------------+------------+
; Slack ; From Node       ; To Node          ; Launch Clock ; Latch Clock ; Relationship ; Clock Skew ; Data Delay ;
+-------+-----------------+------------------+--------------+-------------+--------------+------------+------------+
; 0.401 ; counter[5]      ; counter[5]       ; clk          ; clk         ; 0.000        ; 0.071      ; 0.643      ;
; 0.419 ; state.H1_YELLOW ; light_h2[0]~reg0 ; clk          ; clk         ; 0.000        ; 0.071      ; 0.661      ;
; 0.521 ; state.H2_YELLOW ; light_h1[0]~reg0 ; clk          ; clk         ; 0.000        ; 0.071      ; 0.763      ;
; 0.521 ; state.H2_YELLOW ; light_h2[2]~reg0 ; clk          ; clk         ; 0.000        ; 0.071      ; 0.763      ;
; 0.552 ; state.H2_YELLOW ; state.H1_GREEN   ; clk          ; clk         ; 0.000        ; 0.073      ; 0.796      ;
; 0.591 ; counter[2]      ; counter[2]       ; clk          ; clk         ; 0.000        ; 0.071      ; 0.833      ;
; 0.593 ; counter[1]      ; counter[1]       ; clk          ; clk         ; 0.000        ; 0.071      ; 0.835      ;
; 0.593 ; counter[3]      ; counter[3]       ; clk          ; clk         ; 0.000        ; 0.071      ; 0.835      ;
; 0.601 ; state.H1_GREEN  ; light_h1[1]~reg0 ; clk          ; clk         ; 0.000        ; 0.069      ; 0.841      ;
; 0.605 ; state.H1_GREEN  ; state.H1_YELLOW  ; clk          ; clk         ; 0.000        ; 0.069      ; 0.845      ;
; 0.613 ; state.H1_GREEN  ; light_h2[2]~reg0 ; clk          ; clk         ; 0.000        ; 0.069      ; 0.853      ;
; 0.615 ; counter[0]      ; counter[0]       ; clk          ; clk         ; 0.000        ; 0.071      ; 0.857      ;
; 0.688 ; state.H1_YELLOW ; state.H2_GREEN   ; clk          ; clk         ; 0.000        ; 0.073      ; 0.932      ;
; 0.760 ; counter[4]      ; counter[4]       ; clk          ; clk         ; 0.000        ; 0.071      ; 1.002      ;
; 0.783 ; state.H2_GREEN  ; light_h2[1]~reg0 ; clk          ; clk         ; 0.000        ; 0.069      ; 1.023      ;
; 0.784 ; state.H2_GREEN  ; state.H2_YELLOW  ; clk          ; clk         ; 0.000        ; 0.069      ; 1.024      ;
; 0.826 ; state.H2_YELLOW ; light_h1[2]~reg0 ; clk          ; clk         ; 0.000        ; 0.071      ; 1.068      ;
; 0.878 ; counter[1]      ; counter[2]       ; clk          ; clk         ; 0.000        ; 0.071      ; 1.120      ;
; 0.878 ; counter[2]      ; counter[3]       ; clk          ; clk         ; 0.000        ; 0.071      ; 1.120      ;
; 0.878 ; counter[3]      ; counter[4]       ; clk          ; clk         ; 0.000        ; 0.071      ; 1.120      ;
; 0.882 ; counter[0]      ; counter[1]       ; clk          ; clk         ; 0.000        ; 0.071      ; 1.124      ;
; 0.893 ; counter[0]      ; counter[2]       ; clk          ; clk         ; 0.000        ; 0.071      ; 1.135      ;
; 0.918 ; state.H1_GREEN  ; light_h1[2]~reg0 ; clk          ; clk         ; 0.000        ; 0.069      ; 1.158      ;
; 0.977 ; counter[3]      ; counter[5]       ; clk          ; clk         ; 0.000        ; 0.071      ; 1.219      ;
; 0.977 ; counter[1]      ; counter[3]       ; clk          ; clk         ; 0.000        ; 0.071      ; 1.219      ;
; 0.977 ; counter[2]      ; counter[4]       ; clk          ; clk         ; 0.000        ; 0.071      ; 1.219      ;
; 0.988 ; counter[2]      ; counter[5]       ; clk          ; clk         ; 0.000        ; 0.071      ; 1.230      ;
; 0.988 ; counter[1]      ; counter[4]       ; clk          ; clk         ; 0.000        ; 0.071      ; 1.230      ;
; 0.992 ; counter[0]      ; counter[3]       ; clk          ; clk         ; 0.000        ; 0.071      ; 1.234      ;
; 1.003 ; counter[0]      ; counter[4]       ; clk          ; clk         ; 0.000        ; 0.071      ; 1.245      ;
; 1.047 ; counter[4]      ; counter[5]       ; clk          ; clk         ; 0.000        ; 0.071      ; 1.289      ;
; 1.082 ; state.H1_GREEN  ; counter[0]       ; clk          ; clk         ; 0.000        ; 0.069      ; 1.322      ;
; 1.084 ; state.H1_GREEN  ; counter[2]       ; clk          ; clk         ; 0.000        ; 0.069      ; 1.324      ;
; 1.084 ; state.H1_GREEN  ; counter[1]       ; clk          ; clk         ; 0.000        ; 0.069      ; 1.324      ;
; 1.085 ; state.H1_GREEN  ; counter[4]       ; clk          ; clk         ; 0.000        ; 0.069      ; 1.325      ;
; 1.087 ; counter[1]      ; counter[5]       ; clk          ; clk         ; 0.000        ; 0.071      ; 1.329      ;
; 1.102 ; counter[0]      ; counter[5]       ; clk          ; clk         ; 0.000        ; 0.071      ; 1.344      ;
; 1.220 ; state.H2_GREEN  ; counter[0]       ; clk          ; clk         ; 0.000        ; 0.069      ; 1.460      ;
; 1.221 ; state.H2_GREEN  ; counter[1]       ; clk          ; clk         ; 0.000        ; 0.069      ; 1.461      ;
; 1.222 ; state.H2_GREEN  ; counter[2]       ; clk          ; clk         ; 0.000        ; 0.069      ; 1.462      ;
; 1.223 ; state.H2_GREEN  ; counter[4]       ; clk          ; clk         ; 0.000        ; 0.069      ; 1.463      ;
; 1.407 ; counter[0]      ; state.H2_YELLOW  ; clk          ; clk         ; 0.000        ; 0.071      ; 1.649      ;
; 1.407 ; counter[0]      ; state.H1_YELLOW  ; clk          ; clk         ; 0.000        ; 0.071      ; 1.649      ;
; 1.407 ; counter[0]      ; light_h1[0]~reg0 ; clk          ; clk         ; 0.000        ; 0.071      ; 1.649      ;
; 1.407 ; counter[0]      ; light_h1[1]~reg0 ; clk          ; clk         ; 0.000        ; 0.071      ; 1.649      ;
; 1.407 ; counter[0]      ; light_h1[2]~reg0 ; clk          ; clk         ; 0.000        ; 0.071      ; 1.649      ;
; 1.407 ; counter[0]      ; light_h2[0]~reg0 ; clk          ; clk         ; 0.000        ; 0.071      ; 1.649      ;
; 1.407 ; counter[0]      ; light_h2[1]~reg0 ; clk          ; clk         ; 0.000        ; 0.071      ; 1.649      ;
; 1.407 ; counter[0]      ; light_h2[2]~reg0 ; clk          ; clk         ; 0.000        ; 0.071      ; 1.649      ;
; 1.441 ; counter[3]      ; counter[2]       ; clk          ; clk         ; 0.000        ; 0.071      ; 1.683      ;
; 1.441 ; counter[3]      ; counter[0]       ; clk          ; clk         ; 0.000        ; 0.071      ; 1.683      ;
; 1.441 ; counter[3]      ; counter[1]       ; clk          ; clk         ; 0.000        ; 0.071      ; 1.683      ;
; 1.442 ; counter[2]      ; counter[0]       ; clk          ; clk         ; 0.000        ; 0.071      ; 1.684      ;
; 1.442 ; counter[2]      ; counter[1]       ; clk          ; clk         ; 0.000        ; 0.071      ; 1.684      ;
; 1.518 ; counter[0]      ; state.H1_GREEN   ; clk          ; clk         ; 0.000        ; 0.073      ; 1.762      ;
; 1.518 ; counter[0]      ; state.H2_GREEN   ; clk          ; clk         ; 0.000        ; 0.073      ; 1.762      ;
; 1.570 ; counter[4]      ; counter[2]       ; clk          ; clk         ; 0.000        ; 0.071      ; 1.812      ;
; 1.570 ; counter[4]      ; counter[0]       ; clk          ; clk         ; 0.000        ; 0.071      ; 1.812      ;
; 1.570 ; counter[4]      ; counter[1]       ; clk          ; clk         ; 0.000        ; 0.071      ; 1.812      ;
; 1.570 ; counter[4]      ; counter[3]       ; clk          ; clk         ; 0.000        ; 0.071      ; 1.812      ;
; 1.574 ; counter[5]      ; counter[2]       ; clk          ; clk         ; 0.000        ; 0.071      ; 1.816      ;
; 1.574 ; counter[5]      ; counter[0]       ; clk          ; clk         ; 0.000        ; 0.071      ; 1.816      ;
; 1.574 ; counter[5]      ; counter[1]       ; clk          ; clk         ; 0.000        ; 0.071      ; 1.816      ;
; 1.574 ; counter[5]      ; counter[4]       ; clk          ; clk         ; 0.000        ; 0.071      ; 1.816      ;
; 1.574 ; counter[5]      ; counter[3]       ; clk          ; clk         ; 0.000        ; 0.071      ; 1.816      ;
; 1.585 ; counter[3]      ; state.H2_YELLOW  ; clk          ; clk         ; 0.000        ; 0.071      ; 1.827      ;
; 1.585 ; counter[3]      ; state.H1_YELLOW  ; clk          ; clk         ; 0.000        ; 0.071      ; 1.827      ;
; 1.585 ; counter[3]      ; light_h1[0]~reg0 ; clk          ; clk         ; 0.000        ; 0.071      ; 1.827      ;
; 1.585 ; counter[3]      ; light_h1[1]~reg0 ; clk          ; clk         ; 0.000        ; 0.071      ; 1.827      ;
; 1.585 ; counter[3]      ; light_h1[2]~reg0 ; clk          ; clk         ; 0.000        ; 0.071      ; 1.827      ;
; 1.585 ; counter[3]      ; light_h2[0]~reg0 ; clk          ; clk         ; 0.000        ; 0.071      ; 1.827      ;
; 1.585 ; counter[3]      ; light_h2[1]~reg0 ; clk          ; clk         ; 0.000        ; 0.071      ; 1.827      ;
; 1.585 ; counter[3]      ; light_h2[2]~reg0 ; clk          ; clk         ; 0.000        ; 0.071      ; 1.827      ;
; 1.630 ; counter[2]      ; state.H2_YELLOW  ; clk          ; clk         ; 0.000        ; 0.071      ; 1.872      ;
; 1.630 ; counter[2]      ; state.H1_YELLOW  ; clk          ; clk         ; 0.000        ; 0.071      ; 1.872      ;
; 1.630 ; counter[2]      ; light_h1[0]~reg0 ; clk          ; clk         ; 0.000        ; 0.071      ; 1.872      ;
; 1.630 ; counter[2]      ; light_h1[1]~reg0 ; clk          ; clk         ; 0.000        ; 0.071      ; 1.872      ;
; 1.630 ; counter[2]      ; light_h1[2]~reg0 ; clk          ; clk         ; 0.000        ; 0.071      ; 1.872      ;
; 1.630 ; counter[2]      ; light_h2[0]~reg0 ; clk          ; clk         ; 0.000        ; 0.071      ; 1.872      ;
; 1.630 ; counter[2]      ; light_h2[1]~reg0 ; clk          ; clk         ; 0.000        ; 0.071      ; 1.872      ;
; 1.630 ; counter[2]      ; light_h2[2]~reg0 ; clk          ; clk         ; 0.000        ; 0.071      ; 1.872      ;
; 1.673 ; counter[1]      ; counter[0]       ; clk          ; clk         ; 0.000        ; 0.071      ; 1.915      ;
; 1.696 ; counter[3]      ; state.H1_GREEN   ; clk          ; clk         ; 0.000        ; 0.073      ; 1.940      ;
; 1.696 ; counter[3]      ; state.H2_GREEN   ; clk          ; clk         ; 0.000        ; 0.073      ; 1.940      ;
; 1.758 ; counter[4]      ; state.H2_YELLOW  ; clk          ; clk         ; 0.000        ; 0.071      ; 2.000      ;
; 1.758 ; counter[4]      ; state.H1_YELLOW  ; clk          ; clk         ; 0.000        ; 0.071      ; 2.000      ;
; 1.758 ; counter[4]      ; light_h1[0]~reg0 ; clk          ; clk         ; 0.000        ; 0.071      ; 2.000      ;
; 1.758 ; counter[4]      ; light_h1[1]~reg0 ; clk          ; clk         ; 0.000        ; 0.071      ; 2.000      ;
; 1.758 ; counter[4]      ; light_h1[2]~reg0 ; clk          ; clk         ; 0.000        ; 0.071      ; 2.000      ;
; 1.758 ; counter[4]      ; light_h2[0]~reg0 ; clk          ; clk         ; 0.000        ; 0.071      ; 2.000      ;
; 1.758 ; counter[4]      ; light_h2[1]~reg0 ; clk          ; clk         ; 0.000        ; 0.071      ; 2.000      ;
; 1.758 ; counter[4]      ; light_h2[2]~reg0 ; clk          ; clk         ; 0.000        ; 0.071      ; 2.000      ;
; 1.762 ; counter[5]      ; state.H2_YELLOW  ; clk          ; clk         ; 0.000        ; 0.071      ; 2.004      ;
; 1.762 ; counter[5]      ; state.H1_YELLOW  ; clk          ; clk         ; 0.000        ; 0.071      ; 2.004      ;
; 1.762 ; counter[5]      ; light_h1[0]~reg0 ; clk          ; clk         ; 0.000        ; 0.071      ; 2.004      ;
; 1.762 ; counter[5]      ; light_h1[1]~reg0 ; clk          ; clk         ; 0.000        ; 0.071      ; 2.004      ;
; 1.762 ; counter[5]      ; light_h1[2]~reg0 ; clk          ; clk         ; 0.000        ; 0.071      ; 2.004      ;
; 1.762 ; counter[5]      ; light_h2[0]~reg0 ; clk          ; clk         ; 0.000        ; 0.071      ; 2.004      ;
; 1.762 ; counter[5]      ; light_h2[1]~reg0 ; clk          ; clk         ; 0.000        ; 0.071      ; 2.004      ;
; 1.762 ; counter[5]      ; light_h2[2]~reg0 ; clk          ; clk         ; 0.000        ; 0.071      ; 2.004      ;
+-------+-----------------+------------------+--------------+-------------+--------------+------------+------------+


----------------------------------------------
; Slow 1200mV 0C Model Metastability Summary ;
----------------------------------------------
No synchronizer chains to report.


+------------------------------------+
; Fast 1200mV 0C Model Setup Summary ;
+-------+--------+-------------------+
; Clock ; Slack  ; End Point TNS     ;
+-------+--------+-------------------+
; clk   ; -0.220 ; -2.580            ;
+-------+--------+-------------------+


+-----------------------------------+
; Fast 1200mV 0C Model Hold Summary ;
+-------+-------+-------------------+
; Clock ; Slack ; End Point TNS     ;
+-------+-------+-------------------+
; clk   ; 0.201 ; 0.000             ;
+-------+-------+-------------------+


-----------------------------------------
; Fast 1200mV 0C Model Recovery Summary ;
-----------------------------------------
No paths to report.


----------------------------------------
; Fast 1200mV 0C Model Removal Summary ;
----------------------------------------
No paths to report.


+--------------------------------------------------+
; Fast 1200mV 0C Model Minimum Pulse Width Summary ;
+-------+--------+---------------------------------+
; Clock ; Slack  ; End Point TNS                   ;
+-------+--------+---------------------------------+
; clk   ; -3.000 ; -19.976                         ;
+-------+--------+---------------------------------+


+------------------------------------------------------------------------------------------------------------------+
; Fast 1200mV 0C Model Setup: 'clk'                                                                                ;
+--------+----------------+------------------+--------------+-------------+--------------+------------+------------+
; Slack  ; From Node      ; To Node          ; Launch Clock ; Latch Clock ; Relationship ; Clock Skew ; Data Delay ;
+--------+----------------+------------------+--------------+-------------+--------------+------------+------------+
; -0.220 ; counter[1]     ; state.H1_GREEN   ; clk          ; clk         ; 1.000        ; -0.038     ; 1.169      ;
; -0.220 ; counter[1]     ; state.H2_GREEN   ; clk          ; clk         ; 1.000        ; -0.038     ; 1.169      ;
; -0.155 ; counter[1]     ; state.H2_YELLOW  ; clk          ; clk         ; 1.000        ; -0.040     ; 1.102      ;
; -0.155 ; counter[1]     ; state.H1_YELLOW  ; clk          ; clk         ; 1.000        ; -0.040     ; 1.102      ;
; -0.155 ; counter[1]     ; light_h1[0]~reg0 ; clk          ; clk         ; 1.000        ; -0.040     ; 1.102      ;
; -0.155 ; counter[1]     ; light_h1[1]~reg0 ; clk          ; clk         ; 1.000        ; -0.040     ; 1.102      ;
; -0.155 ; counter[1]     ; light_h1[2]~reg0 ; clk          ; clk         ; 1.000        ; -0.040     ; 1.102      ;
; -0.155 ; counter[1]     ; light_h2[0]~reg0 ; clk          ; clk         ; 1.000        ; -0.040     ; 1.102      ;
; -0.155 ; counter[1]     ; light_h2[1]~reg0 ; clk          ; clk         ; 1.000        ; -0.040     ; 1.102      ;
; -0.155 ; counter[1]     ; light_h2[2]~reg0 ; clk          ; clk         ; 1.000        ; -0.040     ; 1.102      ;
; -0.150 ; counter[1]     ; counter[5]       ; clk          ; clk         ; 1.000        ; -0.040     ; 1.097      ;
; -0.150 ; counter[1]     ; counter[2]       ; clk          ; clk         ; 1.000        ; -0.040     ; 1.097      ;
; -0.150 ; counter[1]     ; counter[0]       ; clk          ; clk         ; 1.000        ; -0.040     ; 1.097      ;
; -0.150 ; counter[1]     ; counter[1]       ; clk          ; clk         ; 1.000        ; -0.040     ; 1.097      ;
; -0.150 ; counter[1]     ; counter[4]       ; clk          ; clk         ; 1.000        ; -0.040     ; 1.097      ;
; -0.150 ; counter[1]     ; counter[3]       ; clk          ; clk         ; 1.000        ; -0.040     ; 1.097      ;
; -0.149 ; counter[5]     ; state.H1_GREEN   ; clk          ; clk         ; 1.000        ; -0.038     ; 1.098      ;
; -0.149 ; counter[5]     ; state.H2_GREEN   ; clk          ; clk         ; 1.000        ; -0.038     ; 1.098      ;
; -0.145 ; counter[4]     ; state.H1_GREEN   ; clk          ; clk         ; 1.000        ; -0.038     ; 1.094      ;
; -0.145 ; counter[4]     ; state.H2_GREEN   ; clk          ; clk         ; 1.000        ; -0.038     ; 1.094      ;
; -0.089 ; counter[2]     ; state.H1_GREEN   ; clk          ; clk         ; 1.000        ; -0.038     ; 1.038      ;
; -0.089 ; counter[2]     ; state.H2_GREEN   ; clk          ; clk         ; 1.000        ; -0.038     ; 1.038      ;
; -0.084 ; counter[5]     ; state.H2_YELLOW  ; clk          ; clk         ; 1.000        ; -0.040     ; 1.031      ;
; -0.084 ; counter[5]     ; state.H1_YELLOW  ; clk          ; clk         ; 1.000        ; -0.040     ; 1.031      ;
; -0.084 ; counter[5]     ; light_h1[0]~reg0 ; clk          ; clk         ; 1.000        ; -0.040     ; 1.031      ;
; -0.084 ; counter[5]     ; light_h1[1]~reg0 ; clk          ; clk         ; 1.000        ; -0.040     ; 1.031      ;
; -0.084 ; counter[5]     ; light_h1[2]~reg0 ; clk          ; clk         ; 1.000        ; -0.040     ; 1.031      ;
; -0.084 ; counter[5]     ; light_h2[0]~reg0 ; clk          ; clk         ; 1.000        ; -0.040     ; 1.031      ;
; -0.084 ; counter[5]     ; light_h2[1]~reg0 ; clk          ; clk         ; 1.000        ; -0.040     ; 1.031      ;
; -0.084 ; counter[5]     ; light_h2[2]~reg0 ; clk          ; clk         ; 1.000        ; -0.040     ; 1.031      ;
; -0.079 ; counter[5]     ; counter[5]       ; clk          ; clk         ; 1.000        ; -0.040     ; 1.026      ;
; -0.079 ; counter[5]     ; counter[2]       ; clk          ; clk         ; 1.000        ; -0.040     ; 1.026      ;
; -0.079 ; counter[5]     ; counter[0]       ; clk          ; clk         ; 1.000        ; -0.040     ; 1.026      ;
; -0.079 ; counter[5]     ; counter[1]       ; clk          ; clk         ; 1.000        ; -0.040     ; 1.026      ;
; -0.079 ; counter[5]     ; counter[4]       ; clk          ; clk         ; 1.000        ; -0.040     ; 1.026      ;
; -0.079 ; counter[5]     ; counter[3]       ; clk          ; clk         ; 1.000        ; -0.040     ; 1.026      ;
; -0.073 ; counter[4]     ; state.H2_YELLOW  ; clk          ; clk         ; 1.000        ; -0.040     ; 1.020      ;
; -0.073 ; counter[4]     ; state.H1_YELLOW  ; clk          ; clk         ; 1.000        ; -0.040     ; 1.020      ;
; -0.073 ; counter[4]     ; light_h1[0]~reg0 ; clk          ; clk         ; 1.000        ; -0.040     ; 1.020      ;
; -0.073 ; counter[4]     ; light_h1[1]~reg0 ; clk          ; clk         ; 1.000        ; -0.040     ; 1.020      ;
; -0.073 ; counter[4]     ; light_h1[2]~reg0 ; clk          ; clk         ; 1.000        ; -0.040     ; 1.020      ;
; -0.073 ; counter[4]     ; light_h2[0]~reg0 ; clk          ; clk         ; 1.000        ; -0.040     ; 1.020      ;
; -0.073 ; counter[4]     ; light_h2[1]~reg0 ; clk          ; clk         ; 1.000        ; -0.040     ; 1.020      ;
; -0.073 ; counter[4]     ; light_h2[2]~reg0 ; clk          ; clk         ; 1.000        ; -0.040     ; 1.020      ;
; -0.063 ; counter[3]     ; state.H1_GREEN   ; clk          ; clk         ; 1.000        ; -0.038     ; 1.012      ;
; -0.063 ; counter[3]     ; state.H2_GREEN   ; clk          ; clk         ; 1.000        ; -0.038     ; 1.012      ;
; -0.061 ; counter[4]     ; counter[5]       ; clk          ; clk         ; 1.000        ; -0.040     ; 1.008      ;
; -0.061 ; counter[4]     ; counter[2]       ; clk          ; clk         ; 1.000        ; -0.040     ; 1.008      ;
; -0.061 ; counter[4]     ; counter[0]       ; clk          ; clk         ; 1.000        ; -0.040     ; 1.008      ;
; -0.061 ; counter[4]     ; counter[1]       ; clk          ; clk         ; 1.000        ; -0.040     ; 1.008      ;
; -0.061 ; counter[4]     ; counter[4]       ; clk          ; clk         ; 1.000        ; -0.040     ; 1.008      ;
; -0.061 ; counter[4]     ; counter[3]       ; clk          ; clk         ; 1.000        ; -0.040     ; 1.008      ;
; -0.017 ; counter[2]     ; state.H2_YELLOW  ; clk          ; clk         ; 1.000        ; -0.040     ; 0.964      ;
; -0.017 ; counter[2]     ; state.H1_YELLOW  ; clk          ; clk         ; 1.000        ; -0.040     ; 0.964      ;
; -0.017 ; counter[2]     ; light_h1[0]~reg0 ; clk          ; clk         ; 1.000        ; -0.040     ; 0.964      ;
; -0.017 ; counter[2]     ; light_h1[1]~reg0 ; clk          ; clk         ; 1.000        ; -0.040     ; 0.964      ;
; -0.017 ; counter[2]     ; light_h1[2]~reg0 ; clk          ; clk         ; 1.000        ; -0.040     ; 0.964      ;
; -0.017 ; counter[2]     ; light_h2[0]~reg0 ; clk          ; clk         ; 1.000        ; -0.040     ; 0.964      ;
; -0.017 ; counter[2]     ; light_h2[1]~reg0 ; clk          ; clk         ; 1.000        ; -0.040     ; 0.964      ;
; -0.017 ; counter[2]     ; light_h2[2]~reg0 ; clk          ; clk         ; 1.000        ; -0.040     ; 0.964      ;
; -0.005 ; counter[2]     ; counter[5]       ; clk          ; clk         ; 1.000        ; -0.040     ; 0.952      ;
; -0.005 ; counter[2]     ; counter[2]       ; clk          ; clk         ; 1.000        ; -0.040     ; 0.952      ;
; -0.005 ; counter[2]     ; counter[0]       ; clk          ; clk         ; 1.000        ; -0.040     ; 0.952      ;
; -0.005 ; counter[2]     ; counter[1]       ; clk          ; clk         ; 1.000        ; -0.040     ; 0.952      ;
; -0.005 ; counter[2]     ; counter[4]       ; clk          ; clk         ; 1.000        ; -0.040     ; 0.952      ;
; -0.005 ; counter[2]     ; counter[3]       ; clk          ; clk         ; 1.000        ; -0.040     ; 0.952      ;
; 0.002  ; counter[3]     ; state.H2_YELLOW  ; clk          ; clk         ; 1.000        ; -0.040     ; 0.945      ;
; 0.002  ; counter[3]     ; state.H1_YELLOW  ; clk          ; clk         ; 1.000        ; -0.040     ; 0.945      ;
; 0.002  ; counter[3]     ; light_h1[0]~reg0 ; clk          ; clk         ; 1.000        ; -0.040     ; 0.945      ;
; 0.002  ; counter[3]     ; light_h1[1]~reg0 ; clk          ; clk         ; 1.000        ; -0.040     ; 0.945      ;
; 0.002  ; counter[3]     ; light_h1[2]~reg0 ; clk          ; clk         ; 1.000        ; -0.040     ; 0.945      ;
; 0.002  ; counter[3]     ; light_h2[0]~reg0 ; clk          ; clk         ; 1.000        ; -0.040     ; 0.945      ;
; 0.002  ; counter[3]     ; light_h2[1]~reg0 ; clk          ; clk         ; 1.000        ; -0.040     ; 0.945      ;
; 0.002  ; counter[3]     ; light_h2[2]~reg0 ; clk          ; clk         ; 1.000        ; -0.040     ; 0.945      ;
; 0.007  ; counter[3]     ; counter[5]       ; clk          ; clk         ; 1.000        ; -0.040     ; 0.940      ;
; 0.007  ; counter[3]     ; counter[2]       ; clk          ; clk         ; 1.000        ; -0.040     ; 0.940      ;
; 0.007  ; counter[3]     ; counter[0]       ; clk          ; clk         ; 1.000        ; -0.040     ; 0.940      ;
; 0.007  ; counter[3]     ; counter[1]       ; clk          ; clk         ; 1.000        ; -0.040     ; 0.940      ;
; 0.007  ; counter[3]     ; counter[4]       ; clk          ; clk         ; 1.000        ; -0.040     ; 0.940      ;
; 0.007  ; counter[3]     ; counter[3]       ; clk          ; clk         ; 1.000        ; -0.040     ; 0.940      ;
; 0.037  ; counter[0]     ; state.H1_GREEN   ; clk          ; clk         ; 1.000        ; -0.038     ; 0.912      ;
; 0.037  ; counter[0]     ; state.H2_GREEN   ; clk          ; clk         ; 1.000        ; -0.038     ; 0.912      ;
; 0.060  ; counter[0]     ; counter[5]       ; clk          ; clk         ; 1.000        ; -0.040     ; 0.887      ;
; 0.096  ; counter[0]     ; counter[4]       ; clk          ; clk         ; 1.000        ; -0.040     ; 0.851      ;
; 0.102  ; counter[0]     ; state.H2_YELLOW  ; clk          ; clk         ; 1.000        ; -0.040     ; 0.845      ;
; 0.102  ; counter[0]     ; state.H1_YELLOW  ; clk          ; clk         ; 1.000        ; -0.040     ; 0.845      ;
; 0.102  ; counter[0]     ; light_h1[0]~reg0 ; clk          ; clk         ; 1.000        ; -0.040     ; 0.845      ;
; 0.102  ; counter[0]     ; light_h1[1]~reg0 ; clk          ; clk         ; 1.000        ; -0.040     ; 0.845      ;
; 0.102  ; counter[0]     ; light_h1[2]~reg0 ; clk          ; clk         ; 1.000        ; -0.040     ; 0.845      ;
; 0.102  ; counter[0]     ; light_h2[0]~reg0 ; clk          ; clk         ; 1.000        ; -0.040     ; 0.845      ;
; 0.102  ; counter[0]     ; light_h2[1]~reg0 ; clk          ; clk         ; 1.000        ; -0.040     ; 0.845      ;
; 0.102  ; counter[0]     ; light_h2[2]~reg0 ; clk          ; clk         ; 1.000        ; -0.040     ; 0.845      ;
; 0.107  ; counter[0]     ; counter[2]       ; clk          ; clk         ; 1.000        ; -0.040     ; 0.840      ;
; 0.107  ; counter[0]     ; counter[0]       ; clk          ; clk         ; 1.000        ; -0.040     ; 0.840      ;
; 0.107  ; counter[0]     ; counter[1]       ; clk          ; clk         ; 1.000        ; -0.040     ; 0.840      ;
; 0.107  ; counter[0]     ; counter[3]       ; clk          ; clk         ; 1.000        ; -0.040     ; 0.840      ;
; 0.119  ; state.H2_GREEN ; counter[4]       ; clk          ; clk         ; 1.000        ; -0.042     ; 0.826      ;
; 0.120  ; state.H2_GREEN ; counter[2]       ; clk          ; clk         ; 1.000        ; -0.042     ; 0.825      ;
; 0.120  ; state.H2_GREEN ; counter[1]       ; clk          ; clk         ; 1.000        ; -0.042     ; 0.825      ;
; 0.122  ; state.H2_GREEN ; counter[0]       ; clk          ; clk         ; 1.000        ; -0.042     ; 0.823      ;
+--------+----------------+------------------+--------------+-------------+--------------+------------+------------+


+------------------------------------------------------------------------------------------------------------------+
; Fast 1200mV 0C Model Hold: 'clk'                                                                                 ;
+-------+-----------------+------------------+--------------+-------------+--------------+------------+------------+
; Slack ; From Node       ; To Node          ; Launch Clock ; Latch Clock ; Relationship ; Clock Skew ; Data Delay ;
+-------+-----------------+------------------+--------------+-------------+--------------+------------+------------+
; 0.201 ; counter[5]      ; counter[5]       ; clk          ; clk         ; 0.000        ; 0.040      ; 0.325      ;
; 0.203 ; state.H1_YELLOW ; light_h2[0]~reg0 ; clk          ; clk         ; 0.000        ; 0.040      ; 0.327      ;
; 0.264 ; state.H2_YELLOW ; light_h2[2]~reg0 ; clk          ; clk         ; 0.000        ; 0.040      ; 0.388      ;
; 0.266 ; state.H2_YELLOW ; light_h1[0]~reg0 ; clk          ; clk         ; 0.000        ; 0.040      ; 0.390      ;
; 0.268 ; state.H2_YELLOW ; state.H1_GREEN   ; clk          ; clk         ; 0.000        ; 0.042      ; 0.394      ;
; 0.291 ; state.H1_GREEN  ; light_h2[2]~reg0 ; clk          ; clk         ; 0.000        ; 0.038      ; 0.413      ;
; 0.292 ; state.H1_GREEN  ; light_h1[1]~reg0 ; clk          ; clk         ; 0.000        ; 0.038      ; 0.414      ;
; 0.295 ; counter[2]      ; counter[2]       ; clk          ; clk         ; 0.000        ; 0.040      ; 0.419      ;
; 0.296 ; state.H1_GREEN  ; state.H1_YELLOW  ; clk          ; clk         ; 0.000        ; 0.038      ; 0.418      ;
; 0.296 ; counter[1]      ; counter[1]       ; clk          ; clk         ; 0.000        ; 0.040      ; 0.420      ;
; 0.297 ; counter[3]      ; counter[3]       ; clk          ; clk         ; 0.000        ; 0.040      ; 0.421      ;
; 0.307 ; counter[0]      ; counter[0]       ; clk          ; clk         ; 0.000        ; 0.040      ; 0.431      ;
; 0.326 ; state.H1_YELLOW ; state.H2_GREEN   ; clk          ; clk         ; 0.000        ; 0.042      ; 0.452      ;
; 0.370 ; counter[4]      ; counter[4]       ; clk          ; clk         ; 0.000        ; 0.040      ; 0.494      ;
; 0.387 ; state.H2_GREEN  ; state.H2_YELLOW  ; clk          ; clk         ; 0.000        ; 0.038      ; 0.509      ;
; 0.387 ; state.H2_GREEN  ; light_h2[1]~reg0 ; clk          ; clk         ; 0.000        ; 0.038      ; 0.509      ;
; 0.429 ; state.H2_YELLOW ; light_h1[2]~reg0 ; clk          ; clk         ; 0.000        ; 0.040      ; 0.553      ;
; 0.443 ; state.H1_GREEN  ; light_h1[2]~reg0 ; clk          ; clk         ; 0.000        ; 0.038      ; 0.565      ;
; 0.444 ; counter[1]      ; counter[2]       ; clk          ; clk         ; 0.000        ; 0.040      ; 0.568      ;
; 0.444 ; counter[2]      ; counter[3]       ; clk          ; clk         ; 0.000        ; 0.040      ; 0.568      ;
; 0.445 ; counter[3]      ; counter[4]       ; clk          ; clk         ; 0.000        ; 0.040      ; 0.569      ;
; 0.454 ; counter[0]      ; counter[1]       ; clk          ; clk         ; 0.000        ; 0.040      ; 0.578      ;
; 0.457 ; counter[0]      ; counter[2]       ; clk          ; clk         ; 0.000        ; 0.040      ; 0.581      ;
; 0.507 ; counter[1]      ; counter[3]       ; clk          ; clk         ; 0.000        ; 0.040      ; 0.631      ;
; 0.507 ; counter[2]      ; counter[4]       ; clk          ; clk         ; 0.000        ; 0.040      ; 0.631      ;
; 0.508 ; counter[3]      ; counter[5]       ; clk          ; clk         ; 0.000        ; 0.040      ; 0.632      ;
; 0.510 ; counter[2]      ; counter[5]       ; clk          ; clk         ; 0.000        ; 0.040      ; 0.634      ;
; 0.510 ; counter[1]      ; counter[4]       ; clk          ; clk         ; 0.000        ; 0.040      ; 0.634      ;
; 0.519 ; counter[4]      ; counter[5]       ; clk          ; clk         ; 0.000        ; 0.040      ; 0.643      ;
; 0.520 ; counter[0]      ; counter[3]       ; clk          ; clk         ; 0.000        ; 0.040      ; 0.644      ;
; 0.523 ; counter[0]      ; counter[4]       ; clk          ; clk         ; 0.000        ; 0.040      ; 0.647      ;
; 0.568 ; state.H1_GREEN  ; counter[0]       ; clk          ; clk         ; 0.000        ; 0.038      ; 0.690      ;
; 0.570 ; state.H1_GREEN  ; counter[1]       ; clk          ; clk         ; 0.000        ; 0.038      ; 0.692      ;
; 0.571 ; state.H1_GREEN  ; counter[2]       ; clk          ; clk         ; 0.000        ; 0.038      ; 0.693      ;
; 0.572 ; state.H1_GREEN  ; counter[4]       ; clk          ; clk         ; 0.000        ; 0.038      ; 0.694      ;
; 0.573 ; counter[1]      ; counter[5]       ; clk          ; clk         ; 0.000        ; 0.040      ; 0.697      ;
; 0.586 ; counter[0]      ; counter[5]       ; clk          ; clk         ; 0.000        ; 0.040      ; 0.710      ;
; 0.588 ; state.H2_GREEN  ; counter[0]       ; clk          ; clk         ; 0.000        ; 0.038      ; 0.710      ;
; 0.590 ; state.H2_GREEN  ; counter[2]       ; clk          ; clk         ; 0.000        ; 0.038      ; 0.712      ;
; 0.590 ; state.H2_GREEN  ; counter[1]       ; clk          ; clk         ; 0.000        ; 0.038      ; 0.712      ;
; 0.591 ; state.H2_GREEN  ; counter[4]       ; clk          ; clk         ; 0.000        ; 0.038      ; 0.713      ;
; 0.724 ; counter[0]      ; state.H2_YELLOW  ; clk          ; clk         ; 0.000        ; 0.040      ; 0.848      ;
; 0.724 ; counter[0]      ; state.H1_YELLOW  ; clk          ; clk         ; 0.000        ; 0.040      ; 0.848      ;
; 0.724 ; counter[0]      ; light_h1[0]~reg0 ; clk          ; clk         ; 0.000        ; 0.040      ; 0.848      ;
; 0.724 ; counter[0]      ; light_h1[1]~reg0 ; clk          ; clk         ; 0.000        ; 0.040      ; 0.848      ;
; 0.724 ; counter[0]      ; light_h1[2]~reg0 ; clk          ; clk         ; 0.000        ; 0.040      ; 0.848      ;
; 0.724 ; counter[0]      ; light_h2[0]~reg0 ; clk          ; clk         ; 0.000        ; 0.040      ; 0.848      ;
; 0.724 ; counter[0]      ; light_h2[1]~reg0 ; clk          ; clk         ; 0.000        ; 0.040      ; 0.848      ;
; 0.724 ; counter[0]      ; light_h2[2]~reg0 ; clk          ; clk         ; 0.000        ; 0.040      ; 0.848      ;
; 0.736 ; counter[3]      ; counter[2]       ; clk          ; clk         ; 0.000        ; 0.040      ; 0.860      ;
; 0.736 ; counter[3]      ; counter[0]       ; clk          ; clk         ; 0.000        ; 0.040      ; 0.860      ;
; 0.736 ; counter[3]      ; counter[1]       ; clk          ; clk         ; 0.000        ; 0.040      ; 0.860      ;
; 0.736 ; counter[2]      ; counter[0]       ; clk          ; clk         ; 0.000        ; 0.040      ; 0.860      ;
; 0.736 ; counter[2]      ; counter[1]       ; clk          ; clk         ; 0.000        ; 0.040      ; 0.860      ;
; 0.793 ; counter[0]      ; state.H1_GREEN   ; clk          ; clk         ; 0.000        ; 0.042      ; 0.919      ;
; 0.793 ; counter[0]      ; state.H2_GREEN   ; clk          ; clk         ; 0.000        ; 0.042      ; 0.919      ;
; 0.798 ; counter[4]      ; counter[2]       ; clk          ; clk         ; 0.000        ; 0.040      ; 0.922      ;
; 0.798 ; counter[4]      ; counter[0]       ; clk          ; clk         ; 0.000        ; 0.040      ; 0.922      ;
; 0.798 ; counter[4]      ; counter[1]       ; clk          ; clk         ; 0.000        ; 0.040      ; 0.922      ;
; 0.798 ; counter[4]      ; counter[3]       ; clk          ; clk         ; 0.000        ; 0.040      ; 0.922      ;
; 0.809 ; counter[3]      ; state.H2_YELLOW  ; clk          ; clk         ; 0.000        ; 0.040      ; 0.933      ;
; 0.809 ; counter[3]      ; state.H1_YELLOW  ; clk          ; clk         ; 0.000        ; 0.040      ; 0.933      ;
; 0.809 ; counter[3]      ; light_h1[0]~reg0 ; clk          ; clk         ; 0.000        ; 0.040      ; 0.933      ;
; 0.809 ; counter[3]      ; light_h1[1]~reg0 ; clk          ; clk         ; 0.000        ; 0.040      ; 0.933      ;
; 0.809 ; counter[3]      ; light_h1[2]~reg0 ; clk          ; clk         ; 0.000        ; 0.040      ; 0.933      ;
; 0.809 ; counter[3]      ; light_h2[0]~reg0 ; clk          ; clk         ; 0.000        ; 0.040      ; 0.933      ;
; 0.809 ; counter[3]      ; light_h2[1]~reg0 ; clk          ; clk         ; 0.000        ; 0.040      ; 0.933      ;
; 0.809 ; counter[3]      ; light_h2[2]~reg0 ; clk          ; clk         ; 0.000        ; 0.040      ; 0.933      ;
; 0.812 ; counter[5]      ; counter[2]       ; clk          ; clk         ; 0.000        ; 0.040      ; 0.936      ;
; 0.812 ; counter[5]      ; counter[0]       ; clk          ; clk         ; 0.000        ; 0.040      ; 0.936      ;
; 0.812 ; counter[5]      ; counter[1]       ; clk          ; clk         ; 0.000        ; 0.040      ; 0.936      ;
; 0.812 ; counter[5]      ; counter[4]       ; clk          ; clk         ; 0.000        ; 0.040      ; 0.936      ;
; 0.812 ; counter[5]      ; counter[3]       ; clk          ; clk         ; 0.000        ; 0.040      ; 0.936      ;
; 0.833 ; counter[2]      ; state.H2_YELLOW  ; clk          ; clk         ; 0.000        ; 0.040      ; 0.957      ;
; 0.833 ; counter[2]      ; state.H1_YELLOW  ; clk          ; clk         ; 0.000        ; 0.040      ; 0.957      ;
; 0.833 ; counter[2]      ; light_h1[0]~reg0 ; clk          ; clk         ; 0.000        ; 0.040      ; 0.957      ;
; 0.833 ; counter[2]      ; light_h1[1]~reg0 ; clk          ; clk         ; 0.000        ; 0.040      ; 0.957      ;
; 0.833 ; counter[2]      ; light_h1[2]~reg0 ; clk          ; clk         ; 0.000        ; 0.040      ; 0.957      ;
; 0.833 ; counter[2]      ; light_h2[0]~reg0 ; clk          ; clk         ; 0.000        ; 0.040      ; 0.957      ;
; 0.833 ; counter[2]      ; light_h2[1]~reg0 ; clk          ; clk         ; 0.000        ; 0.040      ; 0.957      ;
; 0.833 ; counter[2]      ; light_h2[2]~reg0 ; clk          ; clk         ; 0.000        ; 0.040      ; 0.957      ;
; 0.851 ; counter[1]      ; counter[0]       ; clk          ; clk         ; 0.000        ; 0.040      ; 0.975      ;
; 0.878 ; counter[3]      ; state.H1_GREEN   ; clk          ; clk         ; 0.000        ; 0.042      ; 1.004      ;
; 0.878 ; counter[3]      ; state.H2_GREEN   ; clk          ; clk         ; 0.000        ; 0.042      ; 1.004      ;
; 0.885 ; counter[5]      ; state.H2_YELLOW  ; clk          ; clk         ; 0.000        ; 0.040      ; 1.009      ;
; 0.885 ; counter[5]      ; state.H1_YELLOW  ; clk          ; clk         ; 0.000        ; 0.040      ; 1.009      ;
; 0.885 ; counter[5]      ; light_h1[0]~reg0 ; clk          ; clk         ; 0.000        ; 0.040      ; 1.009      ;
; 0.885 ; counter[5]      ; light_h1[1]~reg0 ; clk          ; clk         ; 0.000        ; 0.040      ; 1.009      ;
; 0.885 ; counter[5]      ; light_h1[2]~reg0 ; clk          ; clk         ; 0.000        ; 0.040      ; 1.009      ;
; 0.885 ; counter[5]      ; light_h2[0]~reg0 ; clk          ; clk         ; 0.000        ; 0.040      ; 1.009      ;
; 0.885 ; counter[5]      ; light_h2[1]~reg0 ; clk          ; clk         ; 0.000        ; 0.040      ; 1.009      ;
; 0.885 ; counter[5]      ; light_h2[2]~reg0 ; clk          ; clk         ; 0.000        ; 0.040      ; 1.009      ;
; 0.895 ; counter[4]      ; state.H2_YELLOW  ; clk          ; clk         ; 0.000        ; 0.040      ; 1.019      ;
; 0.895 ; counter[4]      ; state.H1_YELLOW  ; clk          ; clk         ; 0.000        ; 0.040      ; 1.019      ;
; 0.895 ; counter[4]      ; light_h1[0]~reg0 ; clk          ; clk         ; 0.000        ; 0.040      ; 1.019      ;
; 0.895 ; counter[4]      ; light_h1[1]~reg0 ; clk          ; clk         ; 0.000        ; 0.040      ; 1.019      ;
; 0.895 ; counter[4]      ; light_h1[2]~reg0 ; clk          ; clk         ; 0.000        ; 0.040      ; 1.019      ;
; 0.895 ; counter[4]      ; light_h2[0]~reg0 ; clk          ; clk         ; 0.000        ; 0.040      ; 1.019      ;
; 0.895 ; counter[4]      ; light_h2[1]~reg0 ; clk          ; clk         ; 0.000        ; 0.040      ; 1.019      ;
; 0.895 ; counter[4]      ; light_h2[2]~reg0 ; clk          ; clk         ; 0.000        ; 0.040      ; 1.019      ;
+-------+-----------------+------------------+--------------+-------------+--------------+------------+------------+


----------------------------------------------
; Fast 1200mV 0C Model Metastability Summary ;
----------------------------------------------
No synchronizer chains to report.


+-------------------------------------------------------------------------------+
; Multicorner Timing Analysis Summary                                           ;
+------------------+---------+-------+----------+---------+---------------------+
; Clock            ; Setup   ; Hold  ; Recovery ; Removal ; Minimum Pulse Width ;
+------------------+---------+-------+----------+---------+---------------------+
; Worst-case Slack ; -1.559  ; 0.201 ; N/A      ; N/A     ; -3.000              ;
;  clk             ; -1.559  ; 0.201 ; N/A      ; N/A     ; -3.000              ;
; Design-wide TNS  ; -22.794 ; 0.0   ; 0.0      ; 0.0     ; -23.56              ;
;  clk             ; -22.794 ; 0.000 ; N/A      ; N/A     ; -23.560             ;
+------------------+---------+-------+----------+---------+---------------------+


+------------------------------------------------------------------------------------------------------------------------------------------------------------------------------------------------------------------------------------------------------------------------------------------------------------------------------------------------------------------------------------------------------------------+
; Board Trace Model Assignments                                                                                                                                                                                                                                                                                                                                                                                    ;
+---------------+--------------+-------------------+-------------------------+-------------------------+---------------+---------------------+----------------+------------------+--------+------------------+------------------------+------------------------+--------------+---------------+-----------------+-------+---------------------+--------------------+---------------+-----------------+-------------+
; Pin           ; I/O Standard ; Near Tline Length ; Near Tline L per Length ; Near Tline C per Length ; Near Series R ; Near Differential R ; Near Pull-up R ; Near Pull-down R ; Near C ; Far Tline Length ; Far Tline L per Length ; Far Tline C per Length ; Far Series R ; Far Pull-up R ; Far Pull-down R ; Far C ; Termination Voltage ; Far Differential R ; EBD File Name ; EBD Signal Name ; EBD Far-end ;
+---------------+--------------+-------------------+-------------------------+-------------------------+---------------+---------------------+----------------+------------------+--------+------------------+------------------------+------------------------+--------------+---------------+-----------------+-------+---------------------+--------------------+---------------+-----------------+-------------+
; light_h1[0]   ; 2.5 V        ; 0 in              ; 0 H/in                  ; 0 F/in                  ; short         ; -                   ; open           ; open             ; open   ; 0 in             ; 0 H/in                 ; 0 F/in                 ; short        ; open          ; open            ; open  ; 0 V                 ; -                  ; n/a           ; n/a             ; n/a         ;
; light_h1[1]   ; 2.5 V        ; 0 in              ; 0 H/in                  ; 0 F/in                  ; short         ; -                   ; open           ; open             ; open   ; 0 in             ; 0 H/in                 ; 0 F/in                 ; short        ; open          ; open            ; open  ; 0 V                 ; -                  ; n/a           ; n/a             ; n/a         ;
; light_h1[2]   ; 2.5 V        ; 0 in              ; 0 H/in                  ; 0 F/in                  ; short         ; -                   ; open           ; open             ; open   ; 0 in             ; 0 H/in                 ; 0 F/in                 ; short        ; open          ; open            ; open  ; 0 V                 ; -                  ; n/a           ; n/a             ; n/a         ;
; light_h2[0]   ; 2.5 V        ; 0 in              ; 0 H/in                  ; 0 F/in                  ; short         ; -                   ; open           ; open             ; open   ; 0 in             ; 0 H/in                 ; 0 F/in                 ; short        ; open          ; open            ; open  ; 0 V                 ; -                  ; n/a           ; n/a             ; n/a         ;
; light_h2[1]   ; 2.5 V        ; 0 in              ; 0 H/in                  ; 0 F/in                  ; short         ; -                   ; open           ; open             ; open   ; 0 in             ; 0 H/in                 ; 0 F/in                 ; short        ; open          ; open            ; open  ; 0 V                 ; -                  ; n/a           ; n/a             ; n/a         ;
; light_h2[2]   ; 2.5 V        ; 0 in              ; 0 H/in                  ; 0 F/in                  ; short         ; -                   ; open           ; open             ; open   ; 0 in             ; 0 H/in                 ; 0 F/in                 ; short        ; open          ; open            ; open  ; 0 V                 ; -                  ; n/a           ; n/a             ; n/a         ;
; ~ALTERA_DCLK~ ; 2.5 V        ; 0 in              ; 0 H/in                  ; 0 F/in                  ; short         ; -                   ; open           ; open             ; open   ; 0 in             ; 0 H/in                 ; 0 F/in                 ; short        ; open          ; open            ; open  ; 0 V                 ; -                  ; n/a           ; n/a             ; n/a         ;
; ~ALTERA_nCEO~ ; 2.5 V        ; 0 in              ; 0 H/in                  ; 0 F/in                  ; short         ; -                   ; open           ; open             ; open   ; 0 in             ; 0 H/in                 ; 0 F/in                 ; short        ; open          ; open            ; open  ; 0 V                 ; -                  ; n/a           ; n/a             ; n/a         ;
+---------------+--------------+-------------------+-------------------------+-------------------------+---------------+---------------------+----------------+------------------+--------+------------------+------------------------+------------------------+--------------+---------------+-----------------+-------+---------------------+--------------------+---------------+-----------------+-------------+


+----------------------------------------------------------------------------+
; Input Transition Times                                                     ;
+-------------------------+--------------+-----------------+-----------------+
; Pin                     ; I/O Standard ; 10-90 Rise Time ; 90-10 Fall Time ;
+-------------------------+--------------+-----------------+-----------------+
; clk                     ; 2.5 V        ; 2000 ps         ; 2000 ps         ;
; rst                     ; 2.5 V        ; 2000 ps         ; 2000 ps         ;
; ~ALTERA_ASDO_DATA1~     ; 2.5 V        ; 2000 ps         ; 2000 ps         ;
; ~ALTERA_FLASH_nCE_nCSO~ ; 2.5 V        ; 2000 ps         ; 2000 ps         ;
; ~ALTERA_DATA0~          ; 2.5 V        ; 2000 ps         ; 2000 ps         ;
+-------------------------+--------------+-----------------+-----------------+


+--------------------------------------------------------------------------------------------------------------------------------------------------------------------------------------------------------------------------------------------------------------------------------------------------------------------------------------------------------------------------------------------------------------------------------------------------------------------------------------------------------------------------------------------------------------------------------------------------------------------------------------------------------------------------------------------+
; Signal Integrity Metrics (Slow 1200mv 0c Model)                                                                                                                                                                                                                                                                                                                                                                                                                                                                                                                                                                                                                                            ;
+---------------+--------------+---------------------+---------------------+------------------------------+------------------------------+---------------------+---------------------+--------------------------------------+--------------------------------------+-----------------------------+-----------------------------+----------------------------+----------------------------+-----------------------------+-----------------------------+--------------------+--------------------+-------------------------------------+-------------------------------------+----------------------------+----------------------------+---------------------------+---------------------------+
; Pin           ; I/O Standard ; Board Delay on Rise ; Board Delay on Fall ; Steady State Voh at FPGA Pin ; Steady State Vol at FPGA Pin ; Voh Max at FPGA Pin ; Vol Min at FPGA Pin ; Ringback Voltage on Rise at FPGA Pin ; Ringback Voltage on Fall at FPGA Pin ; 10-90 Rise Time at FPGA Pin ; 90-10 Fall Time at FPGA Pin ; Monotonic Rise at FPGA Pin ; Monotonic Fall at FPGA Pin ; Steady State Voh at Far-end ; Steady State Vol at Far-end ; Voh Max at Far-end ; Vol Min at Far-end ; Ringback Voltage on Rise at Far-end ; Ringback Voltage on Fall at Far-end ; 10-90 Rise Time at Far-end ; 90-10 Fall Time at Far-end ; Monotonic Rise at Far-end ; Monotonic Fall at Far-end ;
+---------------+--------------+---------------------+---------------------+------------------------------+------------------------------+---------------------+---------------------+--------------------------------------+--------------------------------------+-----------------------------+-----------------------------+----------------------------+----------------------------+-----------------------------+-----------------------------+--------------------+--------------------+-------------------------------------+-------------------------------------+----------------------------+----------------------------+---------------------------+---------------------------+
; light_h1[0]   ; 2.5 V        ; 0 s                 ; 0 s                 ; 2.32 V                       ; 3.07e-09 V                   ; 2.37 V              ; -0.00994 V          ; 0.186 V                              ; 0.028 V                              ; 4.98e-10 s                  ; 4.96e-10 s                  ; Yes                        ; Yes                        ; 2.32 V                      ; 3.07e-09 V                  ; 2.37 V             ; -0.00994 V         ; 0.186 V                             ; 0.028 V                             ; 4.98e-10 s                 ; 4.96e-10 s                 ; Yes                       ; Yes                       ;
; light_h1[1]   ; 2.5 V        ; 0 s                 ; 0 s                 ; 2.32 V                       ; 3.07e-09 V                   ; 2.33 V              ; -0.00496 V          ; 0.223 V                              ; 0.086 V                              ; 2.9e-09 s                   ; 2.73e-09 s                  ; Yes                        ; Yes                        ; 2.32 V                      ; 3.07e-09 V                  ; 2.33 V             ; -0.00496 V         ; 0.223 V                             ; 0.086 V                             ; 2.9e-09 s                  ; 2.73e-09 s                 ; Yes                       ; Yes                       ;
; light_h1[2]   ; 2.5 V        ; 0 s                 ; 0 s                 ; 2.32 V                       ; 3.07e-09 V                   ; 2.37 V              ; -0.00994 V          ; 0.186 V                              ; 0.028 V                              ; 4.98e-10 s                  ; 4.96e-10 s                  ; Yes                        ; Yes                        ; 2.32 V                      ; 3.07e-09 V                  ; 2.37 V             ; -0.00994 V         ; 0.186 V                             ; 0.028 V                             ; 4.98e-10 s                 ; 4.96e-10 s                 ; Yes                       ; Yes                       ;
; light_h2[0]   ; 2.5 V        ; 0 s                 ; 0 s                 ; 2.32 V                       ; 3.07e-09 V                   ; 2.38 V              ; -0.0144 V           ; 0.227 V                              ; 0.024 V                              ; 3.14e-10 s                  ; 3.39e-10 s                  ; Yes                        ; Yes                        ; 2.32 V                      ; 3.07e-09 V                  ; 2.38 V             ; -0.0144 V          ; 0.227 V                             ; 0.024 V                             ; 3.14e-10 s                 ; 3.39e-10 s                 ; Yes                       ; Yes                       ;
; light_h2[1]   ; 2.5 V        ; 0 s                 ; 0 s                 ; 2.32 V                       ; 3.07e-09 V                   ; 2.37 V              ; -0.00994 V          ; 0.186 V                              ; 0.028 V                              ; 4.98e-10 s                  ; 4.96e-10 s                  ; Yes                        ; Yes                        ; 2.32 V                      ; 3.07e-09 V                  ; 2.37 V             ; -0.00994 V         ; 0.186 V                             ; 0.028 V                             ; 4.98e-10 s                 ; 4.96e-10 s                 ; Yes                       ; Yes                       ;
; light_h2[2]   ; 2.5 V        ; 0 s                 ; 0 s                 ; 2.32 V                       ; 3.07e-09 V                   ; 2.37 V              ; -0.00994 V          ; 0.186 V                              ; 0.028 V                              ; 4.98e-10 s                  ; 4.96e-10 s                  ; Yes                        ; Yes                        ; 2.32 V                      ; 3.07e-09 V                  ; 2.37 V             ; -0.00994 V         ; 0.186 V                             ; 0.028 V                             ; 4.98e-10 s                 ; 4.96e-10 s                 ; Yes                       ; Yes                       ;
; ~ALTERA_DCLK~ ; 2.5 V        ; 0 s                 ; 0 s                 ; 2.32 V                       ; 2.67e-09 V                   ; 2.38 V              ; -0.0485 V           ; 0.167 V                              ; 0.096 V                              ; 2.95e-10 s                  ; 2.73e-10 s                  ; Yes                        ; Yes                        ; 2.32 V                      ; 2.67e-09 V                  ; 2.38 V             ; -0.0485 V          ; 0.167 V                             ; 0.096 V                             ; 2.95e-10 s                 ; 2.73e-10 s                 ; Yes                       ; Yes                       ;
; ~ALTERA_nCEO~ ; 2.5 V        ; 0 s                 ; 0 s                 ; 2.32 V                       ; 4.18e-09 V                   ; 2.38 V              ; -0.00483 V          ; 0.152 V                              ; 0.012 V                              ; 4.81e-10 s                  ; 6.29e-10 s                  ; Yes                        ; Yes                        ; 2.32 V                      ; 4.18e-09 V                  ; 2.38 V             ; -0.00483 V         ; 0.152 V                             ; 0.012 V                             ; 4.81e-10 s                 ; 6.29e-10 s                 ; Yes                       ; Yes                       ;
+---------------+--------------+---------------------+---------------------+------------------------------+------------------------------+---------------------+---------------------+--------------------------------------+--------------------------------------+-----------------------------+-----------------------------+----------------------------+----------------------------+-----------------------------+-----------------------------+--------------------+--------------------+-------------------------------------+-------------------------------------+----------------------------+----------------------------+---------------------------+---------------------------+


+--------------------------------------------------------------------------------------------------------------------------------------------------------------------------------------------------------------------------------------------------------------------------------------------------------------------------------------------------------------------------------------------------------------------------------------------------------------------------------------------------------------------------------------------------------------------------------------------------------------------------------------------------------------------------------------------+
; Signal Integrity Metrics (Slow 1200mv 85c Model)                                                                                                                                                                                                                                                                                                                                                                                                                                                                                                                                                                                                                                           ;
+---------------+--------------+---------------------+---------------------+------------------------------+------------------------------+---------------------+---------------------+--------------------------------------+--------------------------------------+-----------------------------+-----------------------------+----------------------------+----------------------------+-----------------------------+-----------------------------+--------------------+--------------------+-------------------------------------+-------------------------------------+----------------------------+----------------------------+---------------------------+---------------------------+
; Pin           ; I/O Standard ; Board Delay on Rise ; Board Delay on Fall ; Steady State Voh at FPGA Pin ; Steady State Vol at FPGA Pin ; Voh Max at FPGA Pin ; Vol Min at FPGA Pin ; Ringback Voltage on Rise at FPGA Pin ; Ringback Voltage on Fall at FPGA Pin ; 10-90 Rise Time at FPGA Pin ; 90-10 Fall Time at FPGA Pin ; Monotonic Rise at FPGA Pin ; Monotonic Fall at FPGA Pin ; Steady State Voh at Far-end ; Steady State Vol at Far-end ; Voh Max at Far-end ; Vol Min at Far-end ; Ringback Voltage on Rise at Far-end ; Ringback Voltage on Fall at Far-end ; 10-90 Rise Time at Far-end ; 90-10 Fall Time at Far-end ; Monotonic Rise at Far-end ; Monotonic Fall at Far-end ;
+---------------+--------------+---------------------+---------------------+------------------------------+------------------------------+---------------------+---------------------+--------------------------------------+--------------------------------------+-----------------------------+-----------------------------+----------------------------+----------------------------+-----------------------------+-----------------------------+--------------------+--------------------+-------------------------------------+-------------------------------------+----------------------------+----------------------------+---------------------------+---------------------------+
; light_h1[0]   ; 2.5 V        ; 0 s                 ; 0 s                 ; 2.32 V                       ; 4.67e-07 V                   ; 2.35 V              ; -0.00942 V          ; 0.116 V                              ; 0.033 V                              ; 6.66e-10 s                  ; 6.27e-10 s                  ; Yes                        ; Yes                        ; 2.32 V                      ; 4.67e-07 V                  ; 2.35 V             ; -0.00942 V         ; 0.116 V                             ; 0.033 V                             ; 6.66e-10 s                 ; 6.27e-10 s                 ; Yes                       ; Yes                       ;
; light_h1[1]   ; 2.5 V        ; 0 s                 ; 0 s                 ; 2.32 V                       ; 4.67e-07 V                   ; 2.33 V              ; -0.00269 V          ; 0.13 V                               ; 0.055 V                              ; 3.54e-09 s                  ; 3.29e-09 s                  ; Yes                        ; Yes                        ; 2.32 V                      ; 4.67e-07 V                  ; 2.33 V             ; -0.00269 V         ; 0.13 V                              ; 0.055 V                             ; 3.54e-09 s                 ; 3.29e-09 s                 ; Yes                       ; Yes                       ;
; light_h1[2]   ; 2.5 V        ; 0 s                 ; 0 s                 ; 2.32 V                       ; 4.67e-07 V                   ; 2.35 V              ; -0.00942 V          ; 0.116 V                              ; 0.033 V                              ; 6.66e-10 s                  ; 6.27e-10 s                  ; Yes                        ; Yes                        ; 2.32 V                      ; 4.67e-07 V                  ; 2.35 V             ; -0.00942 V         ; 0.116 V                             ; 0.033 V                             ; 6.66e-10 s                 ; 6.27e-10 s                 ; Yes                       ; Yes                       ;
; light_h2[0]   ; 2.5 V        ; 0 s                 ; 0 s                 ; 2.32 V                       ; 4.67e-07 V                   ; 2.36 V              ; -0.00552 V          ; 0.11 V                               ; 0.007 V                              ; 4.54e-10 s                  ; 4.35e-10 s                  ; Yes                        ; Yes                        ; 2.32 V                      ; 4.67e-07 V                  ; 2.36 V             ; -0.00552 V         ; 0.11 V                              ; 0.007 V                             ; 4.54e-10 s                 ; 4.35e-10 s                 ; Yes                       ; Yes                       ;
; light_h2[1]   ; 2.5 V        ; 0 s                 ; 0 s                 ; 2.32 V                       ; 4.67e-07 V                   ; 2.35 V              ; -0.00942 V          ; 0.116 V                              ; 0.033 V                              ; 6.66e-10 s                  ; 6.27e-10 s                  ; Yes                        ; Yes                        ; 2.32 V                      ; 4.67e-07 V                  ; 2.35 V             ; -0.00942 V         ; 0.116 V                             ; 0.033 V                             ; 6.66e-10 s                 ; 6.27e-10 s                 ; Yes                       ; Yes                       ;
; light_h2[2]   ; 2.5 V        ; 0 s                 ; 0 s                 ; 2.32 V                       ; 4.67e-07 V                   ; 2.35 V              ; -0.00942 V          ; 0.116 V                              ; 0.033 V                              ; 6.66e-10 s                  ; 6.27e-10 s                  ; Yes                        ; Yes                        ; 2.32 V                      ; 4.67e-07 V                  ; 2.35 V             ; -0.00942 V         ; 0.116 V                             ; 0.033 V                             ; 6.66e-10 s                 ; 6.27e-10 s                 ; Yes                       ; Yes                       ;
; ~ALTERA_DCLK~ ; 2.5 V        ; 0 s                 ; 0 s                 ; 2.32 V                       ; 3.75e-07 V                   ; 2.35 V              ; -0.0109 V           ; 0.084 V                              ; 0.027 V                              ; 4.31e-10 s                  ; 3.61e-10 s                  ; Yes                        ; Yes                        ; 2.32 V                      ; 3.75e-07 V                  ; 2.35 V             ; -0.0109 V          ; 0.084 V                             ; 0.027 V                             ; 4.31e-10 s                 ; 3.61e-10 s                 ; Yes                       ; Yes                       ;
; ~ALTERA_nCEO~ ; 2.5 V        ; 0 s                 ; 0 s                 ; 2.32 V                       ; 6.15e-07 V                   ; 2.35 V              ; -0.00712 V          ; 0.093 V                              ; 0.02 V                               ; 6.21e-10 s                  ; 7.9e-10 s                   ; Yes                        ; Yes                        ; 2.32 V                      ; 6.15e-07 V                  ; 2.35 V             ; -0.00712 V         ; 0.093 V                             ; 0.02 V                              ; 6.21e-10 s                 ; 7.9e-10 s                  ; Yes                       ; Yes                       ;
+---------------+--------------+---------------------+---------------------+------------------------------+------------------------------+---------------------+---------------------+--------------------------------------+--------------------------------------+-----------------------------+-----------------------------+----------------------------+----------------------------+-----------------------------+-----------------------------+--------------------+--------------------+-------------------------------------+-------------------------------------+----------------------------+----------------------------+---------------------------+---------------------------+


+--------------------------------------------------------------------------------------------------------------------------------------------------------------------------------------------------------------------------------------------------------------------------------------------------------------------------------------------------------------------------------------------------------------------------------------------------------------------------------------------------------------------------------------------------------------------------------------------------------------------------------------------------------------------------------------------+
; Signal Integrity Metrics (Fast 1200mv 0c Model)                                                                                                                                                                                                                                                                                                                                                                                                                                                                                                                                                                                                                                            ;
+---------------+--------------+---------------------+---------------------+------------------------------+------------------------------+---------------------+---------------------+--------------------------------------+--------------------------------------+-----------------------------+-----------------------------+----------------------------+----------------------------+-----------------------------+-----------------------------+--------------------+--------------------+-------------------------------------+-------------------------------------+----------------------------+----------------------------+---------------------------+---------------------------+
; Pin           ; I/O Standard ; Board Delay on Rise ; Board Delay on Fall ; Steady State Voh at FPGA Pin ; Steady State Vol at FPGA Pin ; Voh Max at FPGA Pin ; Vol Min at FPGA Pin ; Ringback Voltage on Rise at FPGA Pin ; Ringback Voltage on Fall at FPGA Pin ; 10-90 Rise Time at FPGA Pin ; 90-10 Fall Time at FPGA Pin ; Monotonic Rise at FPGA Pin ; Monotonic Fall at FPGA Pin ; Steady State Voh at Far-end ; Steady State Vol at Far-end ; Voh Max at Far-end ; Vol Min at Far-end ; Ringback Voltage on Rise at Far-end ; Ringback Voltage on Fall at Far-end ; 10-90 Rise Time at Far-end ; 90-10 Fall Time at Far-end ; Monotonic Rise at Far-end ; Monotonic Fall at Far-end ;
+---------------+--------------+---------------------+---------------------+------------------------------+------------------------------+---------------------+---------------------+--------------------------------------+--------------------------------------+-----------------------------+-----------------------------+----------------------------+----------------------------+-----------------------------+-----------------------------+--------------------+--------------------+-------------------------------------+-------------------------------------+----------------------------+----------------------------+---------------------------+---------------------------+
; light_h1[0]   ; 2.5 V        ; 0 s                 ; 0 s                 ; 2.62 V                       ; 2.74e-08 V                   ; 2.71 V              ; -0.0317 V           ; 0.148 V                              ; 0.064 V                              ; 4.51e-10 s                  ; 4.15e-10 s                  ; No                         ; Yes                        ; 2.62 V                      ; 2.74e-08 V                  ; 2.71 V             ; -0.0317 V          ; 0.148 V                             ; 0.064 V                             ; 4.51e-10 s                 ; 4.15e-10 s                 ; No                        ; Yes                       ;
; light_h1[1]   ; 2.5 V        ; 0 s                 ; 0 s                 ; 2.62 V                       ; 2.74e-08 V                   ; 2.64 V              ; -0.0117 V           ; 0.202 V                              ; 0.176 V                              ; 2.38e-09 s                  ; 2.22e-09 s                  ; No                         ; Yes                        ; 2.62 V                      ; 2.74e-08 V                  ; 2.64 V             ; -0.0117 V          ; 0.202 V                             ; 0.176 V                             ; 2.38e-09 s                 ; 2.22e-09 s                 ; No                        ; Yes                       ;
; light_h1[2]   ; 2.5 V        ; 0 s                 ; 0 s                 ; 2.62 V                       ; 2.74e-08 V                   ; 2.71 V              ; -0.0317 V           ; 0.148 V                              ; 0.064 V                              ; 4.51e-10 s                  ; 4.15e-10 s                  ; No                         ; Yes                        ; 2.62 V                      ; 2.74e-08 V                  ; 2.71 V             ; -0.0317 V          ; 0.148 V                             ; 0.064 V                             ; 4.51e-10 s                 ; 4.15e-10 s                 ; No                        ; Yes                       ;
; light_h2[0]   ; 2.5 V        ; 0 s                 ; 0 s                 ; 2.62 V                       ; 2.74e-08 V                   ; 2.73 V              ; -0.0384 V           ; 0.169 V                              ; 0.089 V                              ; 2.7e-10 s                   ; 2.62e-10 s                  ; Yes                        ; Yes                        ; 2.62 V                      ; 2.74e-08 V                  ; 2.73 V             ; -0.0384 V          ; 0.169 V                             ; 0.089 V                             ; 2.7e-10 s                  ; 2.62e-10 s                 ; Yes                       ; Yes                       ;
; light_h2[1]   ; 2.5 V        ; 0 s                 ; 0 s                 ; 2.62 V                       ; 2.74e-08 V                   ; 2.71 V              ; -0.0317 V           ; 0.148 V                              ; 0.064 V                              ; 4.51e-10 s                  ; 4.15e-10 s                  ; No                         ; Yes                        ; 2.62 V                      ; 2.74e-08 V                  ; 2.71 V             ; -0.0317 V          ; 0.148 V                             ; 0.064 V                             ; 4.51e-10 s                 ; 4.15e-10 s                 ; No                        ; Yes                       ;
; light_h2[2]   ; 2.5 V        ; 0 s                 ; 0 s                 ; 2.62 V                       ; 2.74e-08 V                   ; 2.71 V              ; -0.0317 V           ; 0.148 V                              ; 0.064 V                              ; 4.51e-10 s                  ; 4.15e-10 s                  ; No                         ; Yes                        ; 2.62 V                      ; 2.74e-08 V                  ; 2.71 V             ; -0.0317 V          ; 0.148 V                             ; 0.064 V                             ; 4.51e-10 s                 ; 4.15e-10 s                 ; No                        ; Yes                       ;
; ~ALTERA_DCLK~ ; 2.5 V        ; 0 s                 ; 0 s                 ; 2.62 V                       ; 2.22e-08 V                   ; 2.74 V              ; -0.06 V             ; 0.158 V                              ; 0.08 V                               ; 2.68e-10 s                  ; 2.19e-10 s                  ; Yes                        ; Yes                        ; 2.62 V                      ; 2.22e-08 V                  ; 2.74 V             ; -0.06 V            ; 0.158 V                             ; 0.08 V                              ; 2.68e-10 s                 ; 2.19e-10 s                 ; Yes                       ; Yes                       ;
; ~ALTERA_nCEO~ ; 2.5 V        ; 0 s                 ; 0 s                 ; 2.62 V                       ; 3.54e-08 V                   ; 2.7 V               ; -0.00943 V          ; 0.276 V                              ; 0.035 V                              ; 3.19e-10 s                  ; 4.99e-10 s                  ; No                         ; Yes                        ; 2.62 V                      ; 3.54e-08 V                  ; 2.7 V              ; -0.00943 V         ; 0.276 V                             ; 0.035 V                             ; 3.19e-10 s                 ; 4.99e-10 s                 ; No                        ; Yes                       ;
+---------------+--------------+---------------------+---------------------+------------------------------+------------------------------+---------------------+---------------------+--------------------------------------+--------------------------------------+-----------------------------+-----------------------------+----------------------------+----------------------------+-----------------------------+-----------------------------+--------------------+--------------------+-------------------------------------+-------------------------------------+----------------------------+----------------------------+---------------------------+---------------------------+


+-------------------------------------------------------------------+
; Setup Transfers                                                   ;
+------------+----------+----------+----------+----------+----------+
; From Clock ; To Clock ; RR Paths ; FR Paths ; RF Paths ; FF Paths ;
+------------+----------+----------+----------+----------+----------+
; clk        ; clk      ; 137      ; 0        ; 0        ; 0        ;
+------------+----------+----------+----------+----------+----------+
Entries labeled "false path" only account for clock-to-clock false paths and not path-based false paths. As a result, actual path counts may be lower than reported.


+-------------------------------------------------------------------+
; Hold Transfers                                                    ;
+------------+----------+----------+----------+----------+----------+
; From Clock ; To Clock ; RR Paths ; FR Paths ; RF Paths ; FF Paths ;
+------------+----------+----------+----------+----------+----------+
; clk        ; clk      ; 137      ; 0        ; 0        ; 0        ;
+------------+----------+----------+----------+----------+----------+
Entries labeled "false path" only account for clock-to-clock false paths and not path-based false paths. As a result, actual path counts may be lower than reported.


---------------
; Report TCCS ;
---------------
No dedicated SERDES Transmitter circuitry present in device or used in design


---------------
; Report RSKM ;
---------------
No non-DPA dedicated SERDES Receiver circuitry present in device or used in design


+------------------------------------------------+
; Unconstrained Paths Summary                    ;
+---------------------------------+-------+------+
; Property                        ; Setup ; Hold ;
+---------------------------------+-------+------+
; Illegal Clocks                  ; 0     ; 0    ;
; Unconstrained Clocks            ; 0     ; 0    ;
; Unconstrained Input Ports       ; 1     ; 1    ;
; Unconstrained Input Port Paths  ; 16    ; 16   ;
; Unconstrained Output Ports      ; 6     ; 6    ;
; Unconstrained Output Port Paths ; 6     ; 6    ;
+---------------------------------+-------+------+


+-------------------------------------+
; Clock Status Summary                ;
+--------+-------+------+-------------+
; Target ; Clock ; Type ; Status      ;
+--------+-------+------+-------------+
; clk    ; clk   ; Base ; Constrained ;
+--------+-------+------+-------------+


+---------------------------------------------------------------------------------------------------+
; Unconstrained Input Ports                                                                         ;
+------------+--------------------------------------------------------------------------------------+
; Input Port ; Comment                                                                              ;
+------------+--------------------------------------------------------------------------------------+
; rst        ; No input delay, min/max delays, false-path exceptions, or max skew assignments found ;
+------------+--------------------------------------------------------------------------------------+


+-----------------------------------------------------------------------------------------------------+
; Unconstrained Output Ports                                                                          ;
+-------------+---------------------------------------------------------------------------------------+
; Output Port ; Comment                                                                               ;
+-------------+---------------------------------------------------------------------------------------+
; light_h1[0] ; No output delay, min/max delays, false-path exceptions, or max skew assignments found ;
; light_h1[1] ; No output delay, min/max delays, false-path exceptions, or max skew assignments found ;
; light_h1[2] ; No output delay, min/max delays, false-path exceptions, or max skew assignments found ;
; light_h2[0] ; No output delay, min/max delays, false-path exceptions, or max skew assignments found ;
; light_h2[1] ; No output delay, min/max delays, false-path exceptions, or max skew assignments found ;
; light_h2[2] ; No output delay, min/max delays, false-path exceptions, or max skew assignments found ;
+-------------+---------------------------------------------------------------------------------------+


+---------------------------------------------------------------------------------------------------+
; Unconstrained Input Ports                                                                         ;
+------------+--------------------------------------------------------------------------------------+
; Input Port ; Comment                                                                              ;
+------------+--------------------------------------------------------------------------------------+
; rst        ; No input delay, min/max delays, false-path exceptions, or max skew assignments found ;
+------------+--------------------------------------------------------------------------------------+


+-----------------------------------------------------------------------------------------------------+
; Unconstrained Output Ports                                                                          ;
+-------------+---------------------------------------------------------------------------------------+
; Output Port ; Comment                                                                               ;
+-------------+---------------------------------------------------------------------------------------+
; light_h1[0] ; No output delay, min/max delays, false-path exceptions, or max skew assignments found ;
; light_h1[1] ; No output delay, min/max delays, false-path exceptions, or max skew assignments found ;
; light_h1[2] ; No output delay, min/max delays, false-path exceptions, or max skew assignments found ;
; light_h2[0] ; No output delay, min/max delays, false-path exceptions, or max skew assignments found ;
; light_h2[1] ; No output delay, min/max delays, false-path exceptions, or max skew assignments found ;
; light_h2[2] ; No output delay, min/max delays, false-path exceptions, or max skew assignments found ;
+-------------+---------------------------------------------------------------------------------------+


+--------------------------+
; Timing Analyzer Messages ;
+--------------------------+
Info: *******************************************************************
Info: Running Quartus Prime Timing Analyzer
    Info: Version 24.1std.0 Build 1077 03/04/2025 SC Lite Edition
    Info: Processing started: Thu Oct 16 19:08:20 2025
Info: Command: quartus_sta traffic_light -c traffic_light
Info: qsta_default_script.tcl version: #1
Warning (18236): Number of processors has not been specified which may cause overloading on shared machines.  Set the global assignment NUM_PARALLEL_PROCESSORS in your QSF to an appropriate value for best performance.
Info (20030): Parallel compilation is enabled and will use 12 of the 12 processors detected
Info (21077): Low junction temperature is 0 degrees C
Info (21077): High junction temperature is 85 degrees C
Critical Warning (332012): Synopsys Design Constraints File file not found: 'traffic_light.sdc'. A Synopsys Design Constraints File is required by the Timing Analyzer to get proper timing constraints. Without it, the Compiler will not properly optimize the design.
Info (332142): No user constrained base clocks found in the design. Calling "derive_clocks -period 1.0"
Info (332105): Deriving Clocks
    Info (332105): create_clock -period 1.000 -name clk clk
Info (332143): No user constrained clock uncertainty found in the design. Calling "derive_clock_uncertainty"
Info (332123): Deriving Clock Uncertainty. Please refer to report_sdc in the Timing Analyzer to see clock uncertainties.
Info: Found TIMING_ANALYZER_REPORT_SCRIPT_INCLUDE_DEFAULT_ANALYSIS = ON
Info: Analyzing Slow 1200mV 85C Model
Critical Warning (332148): Timing requirements not met
    Info (11105): For recommendations on closing timing, run Report Timing Closure Recommendations in the Timing Analyzer.
Info (332146): Worst-case setup slack is -1.559
    Info (332119):     Slack       End Point TNS Clock 
    Info (332119): ========= =================== =====================
    Info (332119):    -1.559             -22.794 clk 
Info (332146): Worst-case hold slack is 0.442
    Info (332119):     Slack       End Point TNS Clock 
    Info (332119): ========= =================== =====================
    Info (332119):     0.442               0.000 clk 
Info (332140): No Recovery paths to report
Info (332140): No Removal paths to report
Info (332146): Worst-case minimum pulse width slack is -3.000
    Info (332119):     Slack       End Point TNS Clock 
    Info (332119): ========= =================== =====================
    Info (332119):    -3.000             -23.560 clk 
Info: Analyzing Slow 1200mV 0C Model
Info (334003): Started post-fitting delay annotation
Info (334004): Delay annotation completed successfully
Info (332123): Deriving Clock Uncertainty. Please refer to report_sdc in the Timing Analyzer to see clock uncertainties.
Critical Warning (332148): Timing requirements not met
    Info (11105): For recommendations on closing timing, run Report Timing Closure Recommendations in the Timing Analyzer.
Info (332146): Worst-case setup slack is -1.336
    Info (332119):     Slack       End Point TNS Clock 
    Info (332119): ========= =================== =====================
    Info (332119):    -1.336             -19.214 clk 
Info (332146): Worst-case hold slack is 0.401
    Info (332119):     Slack       End Point TNS Clock 
    Info (332119): ========= =================== =====================
    Info (332119):     0.401               0.000 clk 
Info (332140): No Recovery paths to report
Info (332140): No Removal paths to report
Info (332146): Worst-case minimum pulse width slack is -3.000
    Info (332119):     Slack       End Point TNS Clock 
    Info (332119): ========= =================== =====================
    Info (332119):    -3.000             -23.560 clk 
Info: Analyzing Fast 1200mV 0C Model
Info (332123): Deriving Clock Uncertainty. Please refer to report_sdc in the Timing Analyzer to see clock uncertainties.
Critical Warning (332148): Timing requirements not met
    Info (11105): For recommendations on closing timing, run Report Timing Closure Recommendations in the Timing Analyzer.
Info (332146): Worst-case setup slack is -0.220
    Info (332119):     Slack       End Point TNS Clock 
    Info (332119): ========= =================== =====================
    Info (332119):    -0.220              -2.580 clk 
Info (332146): Worst-case hold slack is 0.201
    Info (332119):     Slack       End Point TNS Clock 
    Info (332119): ========= =================== =====================
    Info (332119):     0.201               0.000 clk 
Info (332140): No Recovery paths to report
Info (332140): No Removal paths to report
Info (332146): Worst-case minimum pulse width slack is -3.000
    Info (332119):     Slack       End Point TNS Clock 
    Info (332119): ========= =================== =====================
    Info (332119):    -3.000             -19.976 clk 
Info (332102): Design is not fully constrained for setup requirements
Info (332102): Design is not fully constrained for hold requirements
Info: Quartus Prime Timing Analyzer was successful. 0 errors, 5 warnings
    Info: Peak virtual memory: 4960 megabytes
    Info: Processing ended: Thu Oct 16 19:08:22 2025
    Info: Elapsed time: 00:00:02
    Info: Total CPU time (on all processors): 00:00:02


